Date,locked,lev,silver_micro
2007-08-03,0.0005515384615384602,1.2319207790574427,-0.0
2007-08-10,0.00013392307692307773,1.2319207790574427,-0.0
2007-08-17,0.001262769230769231,1.2319207790574427,0.0
2007-08-24,-0.000290615384615385,1.2319207790574427,0.0
2007-08-31,0.0007296153846153826,1.2319207790574427,0.0
2007-09-07,0.0011000000000000016,1.2319207790574427,-0.0
2007-09-14,-0.00041423076923076895,1.2319207790574427,0.0
2007-09-21,0.00011815384615384696,1.2319207790574427,0.0
2007-09-28,0.0004946923076923055,1.2319207790574427,-0.0
2007-10-05,-0.00026107692307692263,1.2319207790574427,0.0
2007-10-12,-0.00040730769230769363,1.2319207790574427,-0.0
2007-10-19,0.0017801538461538484,1.2319207790574427,0.0
2007-10-26,0.00025899999999999925,1.2319207790574427,0.0
2007-11-02,0.0005587692307692303,1.2319207790574427,0.0
2007-11-09,0.0010435384615384623,1.2319207790574427,-0.0
2007-11-16,0.00047007692307692256,1.2319207790574427,0.0
2007-11-23,0.0011060769230769238,1.2319207790574427,-0.0
2007-11-30,0.00023092307692307616,1.2319207790574427,0.0
2007-12-07,-0.00018400000000000024,1.2319207790574427,-0.0
2007-12-14,-0.0005946923076923076,1.2319207790574427,0.0
2007-12-21,0.0005786923076923081,1.2319207790574427,0.0
2007-12-28,0.0003859999999999994,1.2319207790574427,0.0
2008-01-04,0.001549384615384615,1.2319207790574427,0.0
2008-01-11,0.000669615384615386,1.2319207790574427,-0.0
2008-01-18,0.0009647692307692307,1.2319207790574427,0.0
2008-01-25,0.0005797692307692304,1.2319207790574427,0.0
2008-02-01,0.0006123846153846159,1.2319207790574427,0.0
2008-02-08,0.000682230769230769,1.2319207790574427,0.0
2008-02-15,0.00014946153846153852,1.2319207790574427,0.0
2008-02-22,-0.00018984615384615408,1.2319207790574427,0.0
2008-02-29,0.0013174615384615388,1.2319207790574427,0.0
2008-03-07,0.0005148461538461534,1.2319207790574427,0.0
2008-03-14,0.00028453846153846167,1.2319207790574427,-0.0
2008-03-21,5.653846153846154e-05,1.2319207790574427,0.0
2008-03-28,-0.0006957692307692307,1.2319207790574427,-0.0
2008-04-04,-0.0005376153846153851,1.2319207790574427,-0.0
2008-04-11,0.00033369230769230796,1.2319207790574427,0.0
2008-04-18,-0.0015497692307692304,1.2319207790574427,-0.0
2008-04-25,-0.0008561538461538461,1.2319207790574427,-0.0
2008-05-02,-1.900000000000092e-05,1.2319207790574427,0.0
2008-05-09,0.0009225384615384622,1.2319207790574427,0.0
2008-05-16,-0.0007410000000000007,1.2319207790574427,0.0
2008-05-23,0.0001326153846153855,1.2319207790574427,-0.0
2008-05-30,-0.0006576923076923083,1.2319207790574427,0.0
2008-06-06,0.0010803076923076931,1.2319207790574427,-0.0
2008-06-13,-0.0023526923076923074,1.2319207790574427,0.0
2008-06-20,0.0007567692307692306,1.2319207790574427,0.0
2008-06-27,0.0009759230769230769,1.2319207790574427,0.0
2008-07-04,0.00010192307692307692,1.2319207790574427,0.0
2008-07-11,0.0003276153846153848,1.2319207790574427,-0.0
2008-07-18,-0.00016369230769230873,1.2319207790574427,-0.0
2008-07-25,-4.8153846153846254e-05,1.2319207790574427,0.0
2008-08-01,0.000818538461538463,1.2319207790574427,-0.0
2008-08-08,9.653846153846153e-05,1.2319207790574427,-0.0
2008-08-15,0.0005103076923076919,1.2319207790574427,0.0
2008-08-22,1.707692307692302e-05,1.2319207790574427,0.0
2008-08-29,0.000318769230769231,1.2319207790574427,-0.0
2008-09-05,0.0005797692307692304,1.2319207790574427,-0.0
2008-09-12,8.576923076923078e-05,1.2319207790574427,0.0
2008-09-19,0.00034907692307692244,1.2319207790574427,0.0
2008-09-26,0.00027115384615384713,1.2319207790574427,-0.0
2008-10-03,0.0019995384615384606,1.2319207790574427,-0.0
2008-10-10,-1.3692307692307746e-05,1.2319207790574427,-0.0
2008-10-17,-1.292307692307615e-05,1.2319207790574427,-0.0
2008-10-24,0.0003263846153846148,1.2319207790574427,0.0
2008-10-31,9.800000000000005e-05,1.2319207790574427,0.0
2008-11-07,0.0009251538461538461,1.2319207790574427,-0.0
2008-11-14,0.0004649230769230773,1.2319207790574427,-0.0
2008-11-21,0.0005359230769230765,1.2319207790574427,0.0
2008-11-28,0.0003804615384615388,1.2319207790574427,-0.0
2008-12-05,0.0003017692307692306,1.2319207790574427,0.0
2008-12-12,0.0006000000000000002,1.2319207790574427,0.0
2008-12-19,0.0001804615384615386,1.2319207790574427,-0.0
2008-12-26,-0.0005357692307692309,1.2319207790574427,0.0
2009-01-02,7.184615384615388e-05,1.2319207790574427,-0.0
2009-01-09,0.0005228461538461539,1.2319207790574427,-0.0
2009-01-16,0.00010407692307692315,1.2319207790574427,0.0
2009-01-23,-0.000348076923076923,1.2319207790574427,0.0
2009-01-30,-0.0003818461538461538,1.2319207790574427,0.0
2009-02-06,-0.00015192307692307708,1.2319207790574427,0.0
2009-02-13,0.00011330769230769238,1.2319207790574427,0.0
2009-02-20,7.492307692307696e-05,1.2319207790574427,-0.0
2009-02-27,-0.00011353846153846167,1.2319207790574427,0.0
2009-03-06,0.0003769999999999999,1.2319207790574427,-0.0
2009-03-13,-0.00022830769230769215,1.2319207790574427,0.0
2009-03-20,0.0003762307692307691,1.2319207790574427,-0.0
2009-03-27,-3.3846153846154106e-06,1.2319207790574427,-0.0
2009-04-03,-0.00019107692307692285,1.2319207790574427,-0.0
2009-04-10,3.692307692307692e-05,1.2319207790574427,-0.0
2009-04-17,-7.592307692307701e-05,1.2319207790574427,0.0
2009-04-24,3.807692307692308e-05,1.2319207790574427,-0.0
2009-05-01,0.00030138461538461525,1.2319207790574427,0.0
2009-05-08,-0.00026553846153846137,1.2319207790574427,0.0
2009-05-15,0.0004898461538461539,1.2319207790574427,0.0
2009-05-22,-0.00011661538461538474,1.2319207790574427,0.0
2009-05-29,3.538461538461539e-05,1.2319207790574427,-0.0
2009-06-05,-0.0014692307692307693,1.2319207790574427,-0.0
2009-06-12,0.00012600000000000008,1.2319207790574427,-0.0
2009-06-19,0.00023807692307692324,1.2319207790574427,-0.0
2009-06-26,0.0006123076923076919,1.2319207790574427,-0.0
2009-07-03,4.2307692307692314e-05,1.2319207790574427,-0.0
2009-07-10,0.0007570000000000003,1.2319207790574427,0.0
2009-07-17,-0.0003787692307692307,1.2319207790574427,0.0
2009-07-24,-7.36153846153847e-05,1.2319207790574427,0.0
2009-07-31,-0.000260538461538461,1.2319207790574427,0.0
2009-08-07,-0.0006712307692307699,1.2319207790574427,0.0
2009-08-14,0.0009911538461538463,1.2319207790574427,-0.0
2009-08-21,-0.0001845384615384609,1.2319207790574427,0.0
2009-08-28,0.0004948461538461533,1.2319207790574427,0.0
2009-09-04,0.00030215384615384636,1.2319207790574427,0.0
2009-09-11,0.00018661538461538436,1.2319207790574427,0.0
2009-09-18,-0.0004543846153846154,1.2319207790574427,-0.0
2009-09-25,0.00022769230769230785,1.2319207790574427,0.0
2009-10-02,0.0004138461538461538,1.2319207790574427,0.0
2009-10-09,-0.00034230769230769227,1.2319207790574427,-0.0
2009-10-16,7.530769230769234e-05,1.2319207790574427,0.0
2009-10-23,-0.00022600000000000026,1.2319207790574427,-0.0
2009-10-30,0.0005666153846153847,1.2319207790574427,0.0
2009-11-06,0.00018507692307692322,1.2319207790574427,0.0
2009-11-13,0.00018353846153846165,1.2319207790574427,0.0
2009-11-20,0.00029484615384615373,1.2319207790574427,-0.0
2009-11-27,0.000292153846153846,1.2319207790574427,0.0
2009-12-04,-0.0005756923076923073,1.2319207790574427,-0.0
2009-12-11,6.992307692307695e-05,1.2319207790574427,0.0
2009-12-18,6.953846153846157e-05,1.2319207790574427,0.0
2009-12-25,3.153846153846153e-05,1.2319207790574427,-0.0
2010-01-01,3.153846153846153e-05,1.2319207790574427,0.0
2010-01-08,-0.0004950769230769232,1.2319207790574427,-0.0
2010-01-15,0.00030023076923076905,1.2319207790574427,-0.0
2010-01-22,0.00022230769230769244,1.2319207790574427,-0.0
2010-01-29,0.0001075384615384616,1.2319207790574427,-0.0
2010-02-05,0.00021961538461538434,1.2319207790574427,0.0
2010-02-12,-0.00023369230769230756,1.2319207790574427,0.0
2010-02-19,-0.00038146153846153836,1.2319207790574427,0.0
2010-02-26,0.0005631538461538458,1.2319207790574427,0.0
2010-03-05,-0.00034499999999999993,1.2319207790574427,-0.0
2010-03-12,-0.0001906923076923075,1.2319207790574427,-0.0
2010-03-19,-0.00015076923076923093,1.2319207790574427,-0.0
2010-03-26,-3.600000000000006e-05,1.2319207790574427,0.0
2010-04-02,-0.00022330769230769255,1.2319207790574427,0.0
2010-04-09,0.00015553846153846162,1.2319207790574427,-0.0
2010-04-16,0.000417692307692308,1.2319207790574427,0.0
2010-04-23,-0.00041369230769230806,1.2319207790574427,0.0
2010-04-30,0.0005313076923076928,1.2319207790574427,-0.0
2010-05-07,0.0005639230769230771,1.2319207790574427,0.0
2010-05-14,0.0001823846153846151,1.2319207790574427,-0.0
2010-05-21,0.00014323076923076933,1.2319207790574427,0.0
2010-05-28,2.923076923076923e-05,1.2319207790574427,-0.0
2010-06-04,0.00017969230769230782,1.2319207790574427,0.0
2010-06-11,-8.515384615384624e-05,1.2319207790574427,0.0
2010-06-18,6.64615384615385e-05,1.2319207790574427,-0.0
2010-06-25,0.0003669999999999999,1.2319207790574427,-0.0
2010-07-02,0.0001002307692307693,1.2319207790574427,0.0
2010-07-09,2.423076923076923e-05,1.2319207790574427,-0.0
2010-07-16,9.946153846153853e-05,1.2319207790574427,0.0
2010-07-23,6.107692307692311e-05,1.2319207790574427,-0.0
2010-07-30,0.0002111538461538459,1.2319207790574427,0.0
2010-08-06,0.0002092307692307694,1.2319207790574427,-0.0
2010-08-13,-0.00013123076923076933,1.2319207790574427,-0.0
2010-08-20,0.000208846153846154,1.2319207790574427,0.0
2010-08-27,-0.00024446153846153867,1.2319207790574427,0.0
2010-09-03,0.00017200000000000012,1.2319207790574427,-0.0
2010-09-10,-0.00020569230769230747,1.2319207790574427,0.0
2010-09-17,0.00039846153846153834,1.2319207790574427,0.0
2010-09-24,0.0001313076923076922,1.2319207790574427,0.0
2010-10-01,0.00013015384615384622,1.2319207790574427,0.0
2010-10-08,0.0002794615384615385,1.2319207790574427,0.0
2010-10-15,-6.176923076923083e-05,1.2319207790574427,-0.0
2010-10-22,8.946153846153853e-05,1.2319207790574427,0.0
2010-10-29,5.107692307692289e-05,1.2319207790574427,0.0
2010-11-05,-0.0001373846153846153,1.2319207790574427,-0.0
2010-11-12,-0.00047438461538461545,1.2319207790574427,0.0
2010-11-19,-1.800000000000003e-05,1.2319207790574427,-0.0
2010-11-26,5.761538461538465e-05,1.2319207790574427,0.0
2010-12-03,9.484615384615391e-05,1.2319207790574427,-0.0
2010-12-10,-0.0005453846153846154,1.2319207790574427,0.0
2010-12-17,0.00013746153846153853,1.2319207790574427,0.0
2010-12-24,2.346153846153846e-05,1.2319207790574427,0.0
2010-12-31,2.346153846153846e-05,1.2319207790574427,-0.0
2011-01-07,6.107692307692311e-05,1.2319207790574427,-0.0
2011-01-14,6.0692307692307716e-05,1.2319207790574427,-0.0
2011-01-21,-0.0001277692307692309,1.2319207790574427,0.018394063398330773
2011-01-28,0.00036276923076923064,1.2319207790574427,0.04045246510164491
2011-02-04,-0.0008443846153846153,1.2319207790574427,0.031929584025521596
2011-02-11,-0.00027130769230769217,1.2319207790574427,0.07688716028532894
2011-02-18,0.0002959999999999998,1.2319207790574427,0.018576954235089982
2011-02-25,0.00025569230769230785,1.2319207790574427,0.07353038544816659
2011-03-04,0.00017815384615384587,1.2319207790574427,0.017441948382720396
2011-03-11,0.00017661538461538476,1.2319207790574427,-0.024295141417594368
2011-03-18,0.00013746153846153853,1.2319207790574427,0.056987940834983375
2011-03-25,-0.0006536153846153849,1.2319207790574427,0.018322653113912235
2011-04-01,-7.230769230769259e-06,1.2319207790574427,0.07586715953697576
2011-04-08,-8.207692307692275e-05,1.2319207790574427,0.04842373132653943
2011-04-15,0.0004833076923076923,1.2319207790574427,0.0821312368361764
2011-04-22,2.730769230769231e-05,1.2319207790574427,0.05475227615154998
2011-04-29,0.0004034615384615384,1.2319207790574427,-0.2737732337395623
2011-05-06,0.00017392307692307705,1.2319207790574427,-0.007709076661217229
2011-05-13,2.192307692307692e-05,1.2319207790574427,0.002027909579551901
2011-05-20,9.71538461538458e-05,1.2319207790574427,0.0791003264707495
2011-05-27,0.0002844615384615387,1.2319207790574427,-0.04411332745867713
2011-06-03,0.00024415384615384615,1.2319207790574427,0.003841156711245519
2011-06-10,5.37692307692308e-05,1.2319207790574427,-0.0005
2011-06-17,0.00012861538461538452,1.2319207790574427,-0.0
2011-06-24,0.00012746153846153853,1.2319207790574427,-0.0
2011-07-01,-0.0005507692307692309,1.2319207790574427,0.0
2011-07-08,0.00039538461538461537,1.2319207790574427,0.0
2011-07-15,0.00012823076923076932,1.2319207790574427,0.0
2011-07-22,-9.86153846153847e-05,1.2319207790574427,-0.0
2011-07-29,0.00016584615384615398,1.2319207790574427,-0.0
2011-08-05,0.00031476923076923066,1.2319207790574427,0.023166863275500604
2011-08-12,0.00031169230769230775,1.2319207790574427,0.08508732554914378
2011-08-19,7.692307692307694e-06,1.2319207790574427,-0.03490625904156408
2011-08-26,7.692307692307694e-06,1.2319207790574427,0.05062646671653925
2011-09-02,7.692307692307694e-06,1.2319207790574427,-0.033635485374112095
2011-09-09,0.00012053846153846153,1.2319207790574427,-0.019050912758933558
2011-09-16,-3.1076923076923e-05,1.2319207790574427,-0.26311267748712075
2011-09-23,-0.0001811538461538462,1.2319207790574427,-0.0005
2011-09-30,-6.638461538461534e-05,1.2319207790574427,0.0
2011-10-07,-0.00017846153846153844,1.2319207790574427,0.0
2011-10-14,8.676923076923062e-05,1.2319207790574427,-0.0
2011-10-21,-6.446153846153832e-05,1.2319207790574427,0.0
2011-10-28,8.676923076923062e-05,1.2319207790574427,-0.0
2011-11-04,0.00023646153846153858,1.2319207790574427,0.0
2011-11-11,8.461538461538462e-06,1.2319207790574427,-0.0
2011-11-18,-0.0002548461538461538,1.2319207790574427,-0.0
2011-11-25,4.8769230769230595e-05,1.2319207790574427,0.0
2011-12-02,0.0001236153846153847,1.2319207790574427,-0.0
2011-12-09,0.00012246153846153846,1.2319207790574427,-0.0
2011-12-16,-6.676923076923073e-05,1.2319207790574427,-0.0
2011-12-23,-0.00014123076923076933,1.2319207790574427,-0.0
2011-12-30,0.0001236153846153847,1.2319207790574427,0.0
2012-01-06,9.615384615384616e-06,1.2319207790574427,0.0
2012-01-13,4.7230769230769265e-05,1.2319207790574427,0.0
2012-01-20,-6.600000000000007e-05,1.2319207790574427,0.0
2012-01-27,0.0001604615384615385,1.2319207790574427,-0.0
2012-02-03,-2.9153846153846185e-05,1.2319207790574427,-0.0
2012-02-10,-0.00014161538461538464,1.2319207790574427,-0.0
2012-02-17,-6.484615384615371e-05,1.2319207790574427,0.0
2012-02-24,-6.407692307692314e-05,1.2319207790574427,-0.0
2012-03-02,0.00012476923076923068,1.2319207790574427,-0.0
2012-03-09,-0.00017730769230769227,1.2319207790574427,-0.0
2012-03-16,-0.0001377692307692307,1.2319207790574427,-0.0
2012-03-23,1.4230769230769232e-05,1.2319207790574427,0.0
2012-03-30,0.00016469230769230764,1.2319207790574427,-0.0
2012-04-06,5.030769230769234e-05,1.2319207790574427,-0.0
2012-04-13,0.00020038461538461535,1.2319207790574427,0.0
2012-04-20,-6.484615384615371e-05,1.2319207790574427,-0.0
2012-04-27,0.0001239999999999999,1.2319207790574427,-0.0
2012-05-04,-2.7615384615384645e-05,1.2319207790574427,-0.0
2012-05-11,1.0384615384615386e-05,1.2319207790574427,-0.0
2012-05-18,-0.00017769230769230766,1.2319207790574427,-0.0
2012-05-25,8.75384615384616e-05,1.2319207790574427,0.0
2012-06-01,0.0001996153846153846,1.2319207790574427,-0.0
2012-06-08,-0.0001032307692307693,1.2319207790574427,0.0
2012-06-15,-2.6846153846153665e-05,1.2319207790574427,-0.0
2012-06-22,-6.407692307692314e-05,1.2319207790574427,0.0
2012-06-29,-6.330769230769237e-05,1.2319207790574427,-0.0
2012-07-06,0.0002383846153846154,1.2319207790574427,0.0
2012-07-13,8.561538461538468e-05,1.2319207790574427,-0.0
2012-07-20,0.00012246153846153846,1.2319207790574427,0.0
2012-07-27,-0.0001043846153846154,1.2319207790574427,0.0
2012-08-03,4.7230769230769265e-05,1.2319207790574427,0.0
2012-08-10,-0.00010361538461538471,1.2319207790574427,-0.0
2012-08-17,-6.484615384615371e-05,1.2319207790574427,0.0
2012-08-24,4.8769230769230595e-05,1.2319207790574427,0.0
2012-08-31,0.00023646153846153858,1.2319207790574427,0.0
2012-09-07,-0.0001043846153846154,1.2319207790574427,0.0
2012-09-14,-6.561538461538467e-05,1.2319207790574427,-0.0
2012-09-21,1.0384615384615386e-05,1.2319207790574427,-0.0
2012-09-28,0.00016084615384615389,1.2319207790574427,-0.0
2012-10-05,-0.00014161538461538464,1.2319207790574427,-0.0
2012-10-12,1.0384615384615386e-05,1.2319207790574427,-0.0
2012-10-19,-0.00010246153846153836,1.2319207790574427,-0.0
2012-10-26,1.153846153846154e-05,1.2319207790574427,-0.0
2012-11-02,8.676923076923062e-05,1.2319207790574427,0.0
2012-11-09,4.838461538461542e-05,1.2319207790574427,-0.0
2012-11-16,0.00012323076923076933,1.2319207790574427,0.0
2012-11-23,-0.0001788461538461538,1.2319207790574427,-0.0
2012-11-30,0.00016161538461538453,1.2319207790574427,-0.0
2012-12-07,9.615384615384616e-06,1.2319207790574427,-0.0
2012-12-14,4.7230769230769265e-05,1.2319207790574427,-0.0
2012-12-21,-6.600000000000007e-05,1.2319207790574427,-0.0
2012-12-28,-2.7615384615384645e-05,1.2319207790574427,-0.0
2013-01-04,1.0384615384615386e-05,1.2319207790574427,0.0
2013-01-11,4.800000000000003e-05,1.2319207790574427,0.0
2013-01-18,9.999999999999999e-06,1.2319207790574427,-0.0
2013-01-25,-6.523076923076929e-05,1.2319207790574427,0.0
2013-02-01,4.838461538461542e-05,1.2319207790574427,-0.0
2013-02-08,8.561538461538468e-05,1.2319207790574427,-0.0
2013-02-15,-0.00014084615384615378,1.2319207790574427,-0.0
2013-02-22,8.638461538461523e-05,1.2319207790574427,-0.0
2013-03-01,8.561538461538468e-05,1.2319207790574427,0.0
2013-03-08,-6.561538461538467e-05,1.2319207790574427,-0.0
2013-03-15,8.561538461538468e-05,1.2319207790574427,-0.0
2013-03-22,-2.800000000000003e-05,1.2319207790574427,-0.0
2013-03-29,9.999999999999999e-06,1.2319207790574427,-0.0
2013-04-05,8.52307692307693e-05,1.2319207790574427,-0.0
2013-04-12,8.446153846153842e-05,1.2319207790574427,-0.0
2013-04-19,-6.676923076923073e-05,1.2319207790574427,0.0
2013-04-26,8.446153846153842e-05,1.2319207790574427,0.0
2013-05-03,8.461538461538462e-06,1.2319207790574427,-0.0
2013-05-10,-0.00014200000000000004,1.2319207790574427,-0.0
2013-05-17,9.999999999999999e-06,1.2319207790574427,0.0
2013-05-24,9.999999999999999e-06,1.2319207790574427,-0.0
2013-05-31,-0.0001404615384615384,1.2319207790574427,-0.0
2013-06-07,-6.369230769230775e-05,1.2319207790574427,0.0
2013-06-14,0.00012515384615384624,1.2319207790574427,-0.0
2013-06-21,-0.00032738461538461545,1.2319207790574427,-0.0
2013-06-28,8.984615384615391e-05,1.2319207790574427,-0.0
2013-07-05,-0.00013661538461538474,1.2319207790574427,0.0
2013-07-12,0.00012823076923076932,1.2319207790574427,-0.0
2013-07-19,0.00020230769230769228,1.2319207790574427,0.0
2013-07-26,4.9923076923076954e-05,1.2319207790574427,0.0
2013-08-02,4.953846153846157e-05,1.2319207790574427,0.0
2013-08-09,-6.369230769230775e-05,1.2319207790574427,0.0
2013-08-16,-0.0001381538461538461,1.2319207790574427,0.0
2013-08-23,-0.00013661538461538474,1.2319207790574427,-0.0
2013-08-30,5.3000000000000035e-05,1.2319207790574427,0.0
2013-09-06,-0.00024830769230769237,1.2319207790574427,-0.0
2013-09-13,5.530769230769234e-05,1.2319207790574427,0.0
2013-09-20,0.000431076923076923,1.2319207790574427,-0.0
2013-09-27,1.3076923076923078e-05,1.2319207790574427,-0.0
2013-10-04,5.0692307692307724e-05,1.2319207790574427,-0.0
2013-10-11,-6.25384615384614e-05,1.2319207790574427,0.0
2013-10-18,8.869230769230756e-05,1.2319207790574427,0.0
2013-10-25,5.030769230769234e-05,1.2319207790574427,-0.0
2013-11-01,-2.5307692307692338e-05,1.2319207790574427,-0.0
2013-11-08,5.030769230769234e-05,1.2319207790574427,-0.0
2013-11-15,4.9923076923076954e-05,1.2319207790574427,-0.0
2013-11-22,1.1923076923076925e-05,1.2319207790574427,0.0
2013-11-29,0.00012476923076923068,1.2319207790574427,-0.0
2013-12-06,-6.446153846153832e-05,1.2319207790574427,0.0
2013-12-13,-0.00013892307692307704,1.2319207790574427,-0.0
2013-12-20,-9.976923076923067e-05,1.2319207790574427,0.0
2013-12-27,-9.86153846153847e-05,1.2319207790574427,0.0
2014-01-03,-2.2230769230769054e-05,1.2319207790574427,0.0
2014-01-10,9.099999999999985e-05,1.2319207790574427,0.0
2014-01-17,-2.2615384615384645e-05,1.2319207790574427,-0.0
2014-01-24,0.00012823076923076932,1.2319207790574427,-0.0
2014-01-31,0.00012707692307692298,1.2319207790574427,0.0
2014-02-07,0.00016353846153846166,1.2319207790574427,0.0
2014-02-14,-6.369230769230775e-05,1.2319207790574427,0.0
2014-02-21,-2.5307692307692338e-05,1.2319207790574427,-0.0
2014-02-28,1.2692307692307695e-05,1.2319207790574427,-0.0
2014-03-07,-0.00017538461538461534,1.2319207790574427,0.0
2014-03-14,8.984615384615391e-05,1.2319207790574427,-0.0
2014-03-21,-0.0003246923076923078,1.2319207790574427,-0.0
2014-03-28,1.730769230769231e-05,1.2319207790574427,0.0
2014-04-04,9.253846153846161e-05,1.2319207790574427,0.0
2014-04-11,0.00024223076923076924,1.2319207790574427,-0.0
2014-04-18,1.4230769230769232e-05,1.2319207790574427,0.0
2014-04-25,-0.00021146153846153846,1.2319207790574427,-0.0
2014-05-02,5.415384615384618e-05,1.2319207790574427,-0.0
2014-05-09,9.138461538461525e-05,1.2319207790574427,0.0
2014-05-16,9.061538461538468e-05,1.2319207790574427,0.0
2014-05-23,5.223076923076926e-05,1.2319207790574427,-0.0
2014-05-30,1.4230769230769232e-05,1.2319207790574427,0.0
2014-06-06,-0.00013623076923076916,1.2319207790574427,0.0
2014-06-13,-0.0001346923076923078,1.2319207790574427,0.0
2014-06-20,-0.00017076923076923074,1.2319207790574427,0.0
2014-06-27,0.0002073076923076923,1.2319207790574427,0.0
2014-07-04,1.730769230769231e-05,1.2319207790574427,0.0
2014-07-11,-9.553846153846143e-05,1.2319207790574427,-0.0
2014-07-18,-9.438461538461548e-05,1.2319207790574427,-0.0
2014-07-25,-5.5615384615384675e-05,1.2319207790574427,-0.0
2014-08-01,0.00024607692307692324,1.2319207790574427,-0.0
2014-08-08,9.330769230769218e-05,1.2319207790574427,-0.0
2014-08-15,0.00013015384615384622,1.2319207790574427,-0.0
2014-08-22,-0.0003976153846153848,1.2319207790574427,0.0
2014-08-29,0.00020846153846153863,1.2319207790574427,-0.0
2014-09-05,-0.00013200000000000015,1.2319207790574427,-0.0
2014-09-12,-0.00020569230769230747,1.2319207790574427,-0.0
2014-09-19,-1.530769230769234e-05,1.2319207790574427,-0.0
2014-09-26,2.2692307692307694e-05,1.2319207790574427,-0.0
2014-10-03,9.792307692307699e-05,1.2319207790574427,0.0
2014-10-10,0.00047330769230769214,1.2319207790574427,0.0
2014-10-17,0.000243,1.2319207790574427,-0.0
2014-10-24,-6.0230769230769086e-05,1.2319207790574427,-0.0
2014-10-31,-0.00032276923076923086,1.2319207790574427,-0.0
2014-11-07,-1.8384615384615413e-05,1.2319207790574427,0.0
2014-11-14,-9.323076923076932e-05,1.2319207790574427,0.0
2014-11-21,5.838461538461542e-05,1.2319207790574427,-0.0
2014-11-28,0.00024607692307692324,1.2319207790574427,0.0
2014-12-05,-0.0006590000000000002,1.2319207790574427,0.0
2014-12-12,0.0003635384615384614,1.2319207790574427,-0.0
2014-12-19,-0.0003922307692307691,1.2319207790574427,0.0
2014-12-26,-0.0001999230769230767,1.2319207790574427,-0.0
2015-01-02,0.00029138461538461523,1.2319207790574427,0.0
2015-01-09,0.0002886923076923079,1.2319207790574427,0.0
2015-01-16,0.0003988461538461538,1.2319207790574427,0.0
2015-01-23,-9.400000000000009e-05,1.2319207790574427,-0.0
2015-01-30,0.00020807692307692324,1.2319207790574427,-0.0
2015-02-06,-0.0006590000000000002,1.2319207790574427,0.0
2015-02-13,-1.2615384615384643e-05,1.2319207790574427,-0.0
2015-02-20,-1.2230769230769261e-05,1.2319207790574427,0.0
2015-02-27,0.00017623076923076934,1.2319207790574427,-0.0
2015-03-06,-0.0003519230769230769,1.2319207790574427,-0.0
2015-03-13,0.00021615384615384593,1.2319207790574427,0.0
2015-03-20,0.0003270769230769233,1.2319207790574427,0.0
2015-03-27,9.830769230769238e-05,1.2319207790574427,-0.0
2015-04-03,0.0003608461538461537,1.2319207790574427,-0.0
2015-04-10,-0.0002820769230769229,1.2319207790574427,-0.0
2015-04-17,0.00024761538461538443,1.2319207790574427,-0.0
2015-04-24,-9.323076923076932e-05,1.2319207790574427,0.0
2015-05-01,-0.00020492307692307672,1.2319207790574427,0.0
2015-05-08,6.0692307692307716e-05,1.2319207790574427,0.0
2015-05-15,0.00017315384615384588,1.2319207790574427,-0.0
2015-05-22,-0.00031738461538461526,1.2319207790574427,-0.0
2015-05-29,0.00013746153846153853,1.2319207790574427,-0.0
2015-06-05,-0.0004279230769230769,1.2319207790574427,-0.0
2015-06-12,-9.538461538461567e-06,1.2319207790574427,0.0
2015-06-19,0.0003669999999999999,1.2319207790574427,-0.0
2015-06-26,-0.00023830769230769215,1.2319207790574427,-0.0
2015-07-03,2.769230769230769e-05,1.2319207790574427,-0.0
2015-07-10,0.00029099999999999986,1.2319207790574427,-0.0
2015-07-17,-8.784615384615394e-05,1.2319207790574427,-0.0
2015-07-24,-4.9076923076922715e-05,1.2319207790574427,0.0
2015-07-31,0.00013976923076923045,1.2319207790574427,0.0
2015-08-07,-0.0001999230769230767,1.2319207790574427,0.0
2015-08-14,2.807692307692308e-05,1.2319207790574427,0.0
2015-08-21,0.0003666153846153845,1.2319207790574427,-0.0
2015-08-28,-0.0002763076923076922,1.2319207790574427,0.0
2015-09-04,6.530769230769234e-05,1.2319207790574427,-0.0
2015-09-11,2.730769230769231e-05,1.2319207790574427,0.0
2015-09-18,0.0001025384615384616,1.2319207790574427,-0.0
2015-09-25,-1.1076923076923108e-05,1.2319207790574427,0.0
2015-10-02,0.0004783076923076923,1.2319207790574427,0.0
2015-10-09,-0.00024100000000000025,1.2319207790574427,0.0
2015-10-16,0.0001754615384615386,1.2319207790574427,-0.0
2015-10-23,-0.00016461538461538477,1.2319207790574427,-0.0
2015-10-30,-0.00031315384615384603,1.2319207790574427,-0.0
2015-11-06,-0.0005353846153846155,1.2319207790574427,-0.0
2015-11-13,0.00018507692307692322,1.2319207790574427,-0.0
2015-11-20,-0.00023023076923076946,1.2319207790574427,-0.0
2015-11-27,7.338461538461542e-05,1.2319207790574427,0.0
2015-12-04,-0.00011507692307692278,1.2319207790574427,-0.0
2015-12-11,0.0003378461538461537,1.2319207790574427,0.0
2015-12-18,-0.0003046923076923076,1.2319207790574427,0.0
2015-12-25,3.730769230769231e-05,1.2319207790574427,-0.0
2016-01-01,3.730769230769231e-05,1.2319207790574427,0.0
2016-01-08,0.00015015384615384625,1.2319207790574427,-0.0
2016-01-15,0.0003746923076923076,1.2319207790574427,0.0
2016-01-22,-8.015384615384624e-05,1.2319207790574427,0.0
2016-01-29,0.00048523076923076927,1.2319207790574427,0.0
2016-02-05,0.00010446153846153852,1.2319207790574427,0.0
2016-02-12,0.0001413076923076924,1.2319207790574427,-0.0
2016-02-19,-0.00016076923076923093,1.2319207790574427,-0.0
2016-02-26,-0.00012123076923076936,1.2319207790574427,0.0
2016-03-04,-0.000270153846153846,1.2319207790574427,-0.0
2016-03-11,-0.0003046923076923076,1.2319207790574427,0.0
2016-03-18,0.0005263076923076923,1.2319207790574427,-0.0
2016-03-25,3.230769230769231e-05,1.2319207790574427,-0.0
2016-04-01,0.0003332307692307691,1.2319207790574427,0.0
2016-04-08,0.00025492307692307706,1.2319207790574427,0.0
2016-04-15,-0.00012353846153846166,1.2319207790574427,0.0
2016-04-22,-0.00034769230769230765,1.2319207790574427,0.0
2016-04-29,0.00029561538461538446,1.2319207790574427,-0.0
2016-05-06,0.00014246153846153854,1.2319207790574427,-0.0
2016-05-13,-4.676923076923083e-05,1.2319207790574427,-0.0
2016-05-20,-0.00045976923076923083,1.2319207790574427,-0.0
2016-05-27,-3.3846153846154106e-06,1.2319207790574427,0.0
2016-06-03,0.000486,1.2319207790574427,0.0
2016-06-10,0.00021807692307692324,1.2319207790574427,0.0
2016-06-17,0.000140923076923077,1.2319207790574427,0.0
2016-06-24,0.0002526153846153844,1.2319207790574427,0.0
2016-07-01,0.00021269230769230783,1.2319207790574427,0.0
2016-07-08,-5.2538461538461594e-05,1.2319207790574427,0.0
2016-07-15,-0.0003526923076923076,1.2319207790574427,-0.0
2016-07-22,2.730769230769231e-05,1.2319207790574427,0.0
2016-07-29,0.00017776923076923048,1.2319207790574427,-0.0
2016-08-05,-0.00016230769230769207,1.2319207790574427,-0.0
2016-08-12,6.530769230769234e-05,1.2319207790574427,-0.0
2016-08-19,-0.00016076923076923093,1.2319207790574427,-0.0
2016-08-26,-0.0002716923076923076,1.2319207790574427,0.0
2016-09-02,0.0001827692307692305,1.2319207790574427,0.0
2016-09-09,6.838461538461543e-05,1.2319207790574427,-0.0
2016-09-16,0.00010561538461538469,1.2319207790574427,0.0
2016-09-23,2.961538461538462e-05,1.2319207790574427,-0.0
2016-09-30,2.961538461538462e-05,1.2319207790574427,-0.0
2016-10-07,-0.00019607692307692287,1.2319207790574427,0.0
2016-10-14,-5.692307692307725e-06,1.2319207790574427,0.0
2016-10-21,3.230769230769231e-05,1.2319207790574427,0.0
2016-10-28,-4.292307692307698e-05,1.2319207790574427,0.0
2016-11-04,0.00025876923076923055,1.2319207790574427,-0.0
2016-11-11,3.0769230769230774e-05,1.2319207790574427,-0.0
2016-11-18,-0.0009848461538461539,1.2319207790574427,-0.0
2016-11-25,-0.00014692307692307707,1.2319207790574427,0.0
2016-12-02,8.069230769230773e-05,1.2319207790574427,0.0
2016-12-09,-0.00010776923076923004,1.2319207790574427,-0.0
2016-12-16,-0.0004447692307692312,1.2319207790574427,-0.0
2016-12-23,0.00027492307692307706,1.2319207790574427,0.0
2016-12-30,0.00012215384615384622,1.2319207790574427,0.0
2017-01-06,-2.907692307692314e-05,1.2319207790574427,0.0
2017-01-13,8.453846153846158e-05,1.2319207790574427,0.0
2017-01-20,8.415384615384619e-05,1.2319207790574427,0.0
2017-01-27,-2.907692307692314e-05,1.2319207790574427,0.0
2017-02-03,8.453846153846158e-05,1.2319207790574427,0.0
2017-02-10,8.415384615384619e-05,1.2319207790574427,0.0
2017-02-17,8.53846153846151e-06,1.2319207790574427,0.0
2017-02-24,0.0003850769230769225,1.2319207790574427,-0.0
2017-03-03,-0.0007092307692307691,1.2319207790574427,-0.0
2017-03-10,-9.96923076923078e-05,1.2319207790574427,0.0
2017-03-17,0.00016515384615384626,1.2319207790574427,0.0
2017-03-24,0.0003144615384615387,1.2319207790574427,0.0
2017-03-31,1.0846153846153813e-05,1.2319207790574427,-0.0
2017-04-07,-2.6384615384615444e-05,1.2319207790574427,0.0
2017-04-14,4.961538461538462e-05,1.2319207790574427,-0.0
2017-04-21,0.00038815384615384645,1.2319207790574427,-0.0
2017-04-28,-0.000254769230769231,1.2319207790574427,-0.0
2017-05-05,-0.00010123076923076935,1.2319207790574427,0.0
2017-05-12,0.00016361538461538472,1.2319207790574427,0.0
2017-05-19,8.723076923076927e-05,1.2319207790574427,0.0
2017-05-26,-2.600000000000006e-05,1.2319207790574427,0.0
2017-06-02,0.00012523076923076927,1.2319207790574427,-0.0
2017-06-09,-0.0002140769230769233,1.2319207790574427,-0.0
2017-06-16,0.00016476923076923087,1.2319207790574427,-0.0
2017-06-23,-2.4461538461538522e-05,1.2319207790574427,-0.0
2017-06-30,-9.89230769230762e-05,1.2319207790574427,-0.0
2017-07-07,-2.2153846153846215e-05,1.2319207790574427,0.0
2017-07-14,0.00024192307692307626,1.2319207790574427,0.0
2017-07-21,1.430769230769228e-05,1.2319207790574427,0.0
2017-07-28,0.0001275384615384616,1.2319207790574427,-0.0
2017-08-04,-2.3692307692307752e-05,1.2319207790574427,0.0
2017-08-11,0.0002780000000000002,1.2319207790574427,-0.0
2017-08-18,-6.284615384615393e-05,1.2319207790574427,0.0
2017-08-25,-2.4076923076923127e-05,1.2319207790574427,0.0
2017-09-01,5.1923076923076935e-05,1.2319207790574427,0.0
2017-09-08,0.0003528461538461541,1.2319207790574427,-0.0
2017-09-15,-0.0004025384615384611,1.2319207790574427,-0.0
2017-09-22,-0.0002098461538461541,1.2319207790574427,-0.0
2017-09-29,1.853846153846151e-05,1.2319207790574427,0.0
2017-10-06,0.0032463996039227977,1.2319207790574427,0.0
2017-10-13,0.0006284898689076262,1.2319207790574427,-0.0
2017-10-20,0.0021838201763762924,1.2319207790574427,-0.0
2017-10-27,0.0007887001033340258,1.2319207790574427,0.0
2017-11-03,-8.930769230769159e-05,1.2319207790574427,0.0
2017-11-10,0.00019292214624749116,1.2319207790574427,0.0
2017-11-17,0.00030686246662800997,1.2319207790574427,-0.0
2017-11-24,0.007199939421031983,1.2319207790574427,-0.0
2017-12-01,-0.005674939370812623,1.2319207790574427,-0.0
2017-12-08,0.0004202642708703575,1.2319207790574427,0.0
2017-12-15,0.012022463585545031,1.2319207790574427,0.0
2017-12-22,-0.0004709746902116986,1.2319207790574427,0.0
2017-12-29,-0.006186031854761566,1.2319207790574427,0.0
2018-01-05,0.027096949822138037,1.2319207790574427,-0.0
2018-01-12,0.0124590499454555,1.2319207790574427,-0.0
2018-01-19,0.0077708636967330534,1.2319207790574427,0.0
2018-01-26,0.020124718049209858,1.2319207790574427,-0.0
2018-02-02,-0.030297694041615964,1.2319207790574427,-0.0
2018-02-09,-0.020284198972901873,1.2319207790574427,0.0
2018-02-16,0.012510221152629732,1.2319207790574427,-0.0
2018-02-23,0.010877858189446792,1.2319207790574427,-0.0
2018-03-02,-0.012537997343634153,1.2319207790574427,0.0
2018-03-09,0.02123007256731381,1.2319207790574427,-0.0
2018-03-16,-0.006205092524446268,1.2319207790574427,0.0
2018-03-23,0.00020169230769230865,1.2319207790574427,-0.0
2018-03-30,8.769230769230768e-05,1.2319207790574427,0.0
2018-04-06,0.0001253076923076915,1.2319207790574427,0.0
2018-04-13,0.014502457926872945,1.2319207790574427,0.0
2018-04-20,0.0026168149923330494,1.2319207790574427,-0.0
2018-04-27,-0.000909784858466316,1.2319207790574427,0.0
2018-05-04,0.008544231588615173,1.2319207790574427,0.0
2018-05-11,0.013571234430673849,1.2319207790574427,-0.0
2018-05-18,-0.0058053845880999605,1.2319207790574427,0.0
2018-05-25,0.007602263145455754,1.2319207790574427,-0.0
2018-06-01,0.01045613410592213,1.2319207790574427,0.0
2018-06-08,0.009394119824326709,1.2319207790574427,-0.0
2018-06-15,0.007213213512013842,1.2319207790574427,-0.0
2018-06-22,-0.007702329028523673,1.2319207790574427,-0.0
2018-06-29,-0.014170327989806579,1.2319207790574427,-0.0
2018-07-06,0.015745236630353026,1.2319207790574427,-0.0
2018-07-13,0.015747181062742182,1.2319207790574427,-0.0
2018-07-20,-3.325888172459335e-05,1.2319207790574427,-0.0
2018-07-27,-0.002378268686067346,1.2319207790574427,-0.0
2018-08-03,0.009299190178092437,1.2319207790574427,-0.0
2018-08-10,-0.0005778773543335976,1.2319207790574427,-0.0
2018-08-17,-0.0003145457872257404,1.2319207790574427,0.0
2018-08-24,0.009875769797173887,1.2319207790574427,-0.0
2018-08-31,0.01392381803660403,1.2319207790574427,-0.0
2018-09-07,-0.018105083518402832,1.2319207790574427,-0.0
2018-09-14,0.010857709111079602,1.2319207790574427,0.0
2018-09-21,0.001813180340286845,1.2319207790574427,0.0
2018-09-28,0.0037121198817936787,1.2319207790574427,-0.0
2018-10-05,-0.01819629123205876,1.2319207790574427,-0.0
2018-10-12,-0.016108084275075634,1.2319207790574427,0.0
2018-10-19,-0.0038599579978622375,1.2319207790574427,0.0
2018-10-26,-0.0055213258817262915,1.2319207790574427,0.0
2018-11-02,0.00706839194757241,1.2319207790574427,-0.0
2018-11-09,0.006029592973342219,1.2319207790574427,0.0
2018-11-16,-0.011045917358424058,1.2319207790574427,-0.0
2018-11-23,-0.01813284100976705,1.2319207790574427,-0.0
2018-11-30,0.04654897879866908,1.2319207790574427,0.0
2018-12-07,-0.006643284537895707,1.2319207790574427,-0.0
2018-12-14,-0.002425521188073559,1.2319207790574427,0.0
2018-12-21,-0.031119191598950602,1.2319207790574427,0.0
2018-12-28,0.004848385365688206,1.2319207790574427,0.0
2019-01-04,0.015995389489312496,1.2319207790574427,-0.0
2019-01-11,0.021793474044961365,1.2319207790574427,-0.0
2019-01-18,0.022227226364425985,1.2319207790574427,0.0
2019-01-25,-0.0007998459920478584,1.2319207790574427,0.0
2019-02-01,0.011672067269420333,1.2319207790574427,-0.0
2019-02-08,0.003805767314449465,1.2319207790574427,-0.0
2019-02-15,0.016974578714285926,1.2319207790574427,0.0
2019-02-22,0.00485684123989141,1.2319207790574427,-0.0
2019-03-01,0.0008762974935650245,1.2319207790574427,0.0
2019-03-08,-0.006077491977263363,1.2319207790574427,-0.0
2019-03-15,0.008790147002017358,1.2319207790574427,0.0
2019-03-22,-0.0017923675299374973,1.2319207790574427,-0.0
2019-03-29,0.00023930769230769245,1.2319207790574427,-0.0
2019-04-05,-0.00021361538461538485,1.2319207790574427,-0.0
2019-04-12,0.00280266582697775,1.2319207790574427,0.0
2019-04-19,0.004264338439437803,1.2319207790574427,0.0
2019-04-26,0.0005436923076923081,1.2319207790574427,-0.0
2019-05-03,0.0008502565313935669,1.2319207790574427,-0.0
2019-05-10,-0.015536102080919942,1.2319207790574427,-0.0
2019-05-17,-0.005201200636119539,1.2319207790574427,0.0
2019-05-24,-0.013014814527618547,1.2319207790574427,0.0
2019-05-31,0.0008730000000000009,1.2319207790574427,0.0
2019-06-07,-0.006851479648866289,1.2319207790574427,-0.0
2019-06-14,-0.0028450267301372216,1.2319207790574427,0.0
2019-06-21,0.0068454701062871425,1.2319207790574427,-0.0
2019-06-28,-0.0007501984895432492,1.2319207790574427,-0.0
2019-07-05,0.015697576487640794,1.2319207790574427,0.0
2019-07-12,0.00900309966396803,1.2319207790574427,0.0
2019-07-19,-0.010386324459066442,1.2319207790574427,0.0
2019-07-26,0.015993139170014662,1.2319207790574427,-0.0
2019-08-02,0.0005981538461538467,1.2319207790574427,0.0
2019-08-09,-0.003661487338825046,1.2319207790574427,0.0
2019-08-16,-0.005176205822096935,1.2319207790574427,0.0
2019-08-23,-0.013953376596986427,1.2319207790574427,0.0
2019-08-30,0.023280829967484724,1.2319207790574427,-0.0
2019-09-06,0.015877111185021008,1.2319207790574427,-0.0
2019-09-13,0.00446268284193116,1.2319207790574427,0.0
2019-09-20,-0.005989828848885166,1.2319207790574427,-0.0
2019-09-27,-0.012595697988437855,1.2319207790574427,-0.0
2019-10-04,0.005409211077447099,1.2319207790574427,-0.0
2019-10-11,0.006965551255711995,1.2319207790574427,0.0
2019-10-18,0.0018759005210815824,1.2319207790574427,0.0
2019-10-25,0.013402121631370183,1.2319207790574427,0.0
2019-11-01,0.012978301992422092,1.2319207790574427,-0.0
2019-11-08,0.002042792543146483,1.2319207790574427,0.0
2019-11-15,0.003010244962244176,1.2319207790574427,0.0
2019-11-22,-0.0039708622957817805,1.2319207790574427,-0.0
2019-11-29,0.01110385230793918,1.2319207790574427,-0.0
2019-12-06,0.0003860181327604348,1.2319207790574427,0.0
2019-12-13,0.0022667402185682396,1.2319207790574427,0.0
2019-12-20,0.015441397163360012,1.2319207790574427,0.0
2019-12-27,0.006441828030713745,1.2319207790574427,0.0
2020-01-03,0.000729466363629225,1.2319207790574427,-0.0
2020-01-10,0.012664685673458988,1.2319207790574427,-0.0
2020-01-17,0.0168113912920309,1.2319207790574427,0.0
2020-01-24,-0.004221497828167952,1.2319207790574427,-0.0
2020-01-31,-0.014273502585902487,1.2319207790574427,-0.0
2020-02-07,0.03233121820213153,1.2319207790574427,0.0
2020-02-14,0.004641169183208484,1.2319207790574427,0.0
2020-02-21,-0.003446360732018405,1.2319207790574427,-0.0
2020-02-28,-0.015628167786105655,1.2319207790574427,0.0
2020-03-06,0.0023556920340696316,1.2319207790574427,-0.0
2020-03-13,1.8846153846153846e-05,1.2319207790574427,-0.0
2020-03-20,-0.02495625666653119,1.2319207790574427,0.0
2020-03-27,0.018866921560201196,1.2319207790574427,-0.0
2020-04-03,-0.0015274652639215322,1.2319207790574427,0.0
2020-04-10,0.020965006819168245,1.2319207790574427,-0.0
2020-04-17,0.011310748222473804,1.2319207790574427,0.0
2020-04-24,-0.001963155937222714,1.2319207790574427,-0.0
2020-05-01,-0.0007543322470384079,1.2319207790574427,0.0
2020-05-08,0.009826219959445225,1.2319207790574427,0.0
2020-05-15,-0.002619395261966947,1.2319207790574427,0.0
2020-05-22,0.0058894261599217925,1.2319207790574427,0.0
2020-05-29,0.004285645195813793,1.2319207790574427,-0.0
2020-06-05,0.00722676747416912,1.2319207790574427,0.0
2020-06-12,-0.011268368486635703,1.2319207790574427,0.0
2020-06-19,0.011625422976832753,1.2319207790574427,0.0
2020-06-26,-0.004331019965282429,1.2319207790574427,0.0
2020-07-03,0.006097035029242589,1.2319207790574427,0.040006486595554
2020-07-10,0.014115092241050451,1.2319207790574427,0.03698043890018643
2020-07-17,-0.002313765443946315,1.2319207790574427,0.15864877741226313
2020-07-24,-0.004319559572176889,1.2319207790574427,0.06054886782119451
2020-07-31,0.01267975682048587,1.2319207790574427,0.13824473454585484
2020-08-07,0.008752090807095823,1.2319207790574427,-0.05331784990906274
2020-08-14,0.0015741510383970084,1.2319207790574427,0.02463073797084303
2020-08-21,0.009687674862519254,1.2319207790574427,0.03381135481954223
2020-08-28,0.014422801821598157,1.2319207790574427,-0.03745021274432159
2020-09-04,-0.011297747017937754,1.2319207790574427,0.0061333573713613365
2020-09-11,-0.015264007073566193,1.2319207790574427,-0.0005
2020-09-18,-0.0010833741661690867,1.2319207790574427,-0.0
2020-09-25,0.0033644112142209815,1.2319207790574427,0.0
2020-10-02,0.004702460056838858,1.2319207790574427,0.0
2020-10-09,0.005716490788277844,1.2319207790574427,-0.0
2020-10-16,0.00260728166530441,1.2319207790574427,0.0
2020-10-23,-0.004193237265564678,1.2319207790574427,-0.0
2020-10-30,-0.013371395527067162,1.2319207790574427,0.0
2020-11-06,0.023203615009343728,1.2319207790574427,-0.0
2020-11-13,0.0031613377509149975,1.2319207790574427,-0.0
2020-11-20,-0.0017166517337119747,1.2319207790574427,-0.0
2020-11-27,0.021507886670499195,1.2319207790574427,0.0
2020-12-04,0.015639035470333577,1.2319207790574427,-0.0
2020-12-11,-0.004327031658019651,1.2319207790574427,0.0
2020-12-18,0.016998544359519408,1.2319207790574427,-0.0
2020-12-25,-0.0014666518240925642,1.2319207790574427,0.0
2021-01-01,0.005405012823708447,1.2319207790574427,-0.0
2021-01-08,0.01373059828897959,1.2319207790574427,0.0
2021-01-15,-0.007901317857047556,1.2319207790574427,0.0
2021-01-22,0.027350671309151985,1.2319207790574427,0.0
2021-01-29,-0.013354729185535333,1.2319207790574427,0.0
2021-02-05,0.04055108319911125,1.2319207790574427,0.0
2021-02-12,0.011055974847495329,1.2319207790574427,-0.0
2021-02-19,-0.0051647090600621575,1.2319207790574427,-0.0
2021-02-26,-0.016610332504507625,1.2319207790574427,-0.0
2021-03-05,-0.003165306435265025,1.2319207790574427,0.0
2021-03-12,0.018670397403422363,1.2319207790574427,0.0
2021-03-19,-0.0037247736729490956,1.2319207790574427,-0.0
2021-03-26,0.008978166990373451,1.2319207790574427,-0.0
2021-04-02,0.016751528972451538,1.2319207790574427,0.0
2021-04-09,0.0271324923900719,1.2319207790574427,0.0
2021-04-16,0.011389094135433975,1.2319207790574427,-0.0
2021-04-23,-0.0005290861657231128,1.2319207790574427,-0.0
2021-04-30,7.86435851193192e-05,1.2319207790574427,0.0
2021-05-07,0.0036571432647324936,1.2319207790574427,-0.0
2021-05-14,-0.016138408461276087,1.2319207790574427,0.0
2021-05-21,-0.0005450123386611832,1.2319207790574427,0.0
2021-05-28,0.013905778430033355,1.2319207790574427,-0.0
2021-06-04,0.0041974822469356115,1.2319207790574427,0.0
2021-06-11,0.009290983737097963,1.2319207790574427,-0.0
2021-06-18,-0.004275040996886533,1.2319207790574427,0.0
2021-06-25,0.017902314140392502,1.2319207790574427,0.0
2021-07-02,0.013216496903348725,1.2319207790574427,-0.0
2021-07-09,0.003082544704074338,1.2319207790574427,-0.0
2021-07-16,-0.00785187568328531,1.2319207790574427,-0.0
2021-07-23,0.02053191038717625,1.2319207790574427,0.0
2021-07-30,-0.004778317100669427,1.2319207790574427,-0.0
2021-08-06,0.00712055209382375,1.2319207790574427,-0.0
2021-08-13,0.003122728042081046,1.2319207790574427,-0.0
2021-08-20,-0.003645614881172107,1.2319207790574427,0.0
2021-08-27,0.015895915527775792,1.2319207790574427,0.0
2021-09-03,0.007106122702993354,1.2319207790574427,-0.0
2021-09-10,-0.01183941977391189,1.2319207790574427,-0.0
2021-09-17,-0.005621158578278419,1.2319207790574427,0.0
2021-09-24,-0.0008815608522160152,1.2319207790574427,0.0
2021-10-01,-0.0067600748489935955,1.2319207790574427,0.0
2021-10-08,0.0033114994188813245,1.2319207790574427,0.0
2021-10-15,0.015750461908395075,1.2319207790574427,0.0
2021-10-22,0.01143777934102052,1.2319207790574427,-0.0
2021-10-29,0.019854192991676168,1.2319207790574427,0.0
2021-11-05,0.022248183044982058,1.2319207790574427,0.0
2021-11-12,-0.006472626737616435,1.2319207790574427,-0.0
2021-11-19,0.012484579651111369,1.2319207790574427,-0.0
2021-11-26,-0.01118023537939241,1.2319207790574427,-0.0
2021-12-03,-0.007460126859111039,1.2319207790574427,-0.0
2021-12-10,0.019061503019749664,1.2319207790574427,0.0
2021-12-17,6.338461538461542e-05,1.2319207790574427,0.0
2021-12-24,0.006769556487083071,1.2319207790574427,0.0
2021-12-31,0.0023519076100763986,1.2319207790574427,-0.0
2022-01-07,-0.006317962361872897,1.2319207790574427,0.0
2022-01-14,-0.0013366088606618243,1.2319207790574427,0.0
2022-01-21,-3.715384615384622e-05,1.2319207790574427,-0.0
2022-01-28,0.0006046860559098797,1.2319207790574427,0.0
2022-02-04,0.006052446652581291,1.2319207790574427,0.0
2022-02-11,-0.01109713327563911,1.2319207790574427,0.0
2022-02-18,-0.0022217893416848957,1.2319207790574427,0.0
2022-02-25,0.0009263877505919539,1.2319207790574427,0.0
2022-03-04,-0.001679754453509915,1.2319207790574427,0.0
2022-03-11,-0.005318027897170802,1.2319207790574427,-0.0
2022-03-18,0.008566445240181318,1.2319207790574427,0.0
2022-03-25,0.004110400462230323,1.2319207790574427,-0.0
2022-04-01,0.0029575978149306865,1.2319207790574427,0.0
2022-04-08,-0.021677144297174027,1.2319207790574427,0.0
2022-04-15,-0.0031328731956547892,1.2319207790574427,-0.0
2022-04-22,-0.010308831848713148,1.2319207790574427,-0.0
2022-04-29,-0.00909844371761245,1.2319207790574427,-0.0
2022-05-06,-0.00036212996972790696,1.2319207790574427,-0.0
2022-05-13,-0.00313584573044195,1.2319207790574427,0.0
2022-05-20,-0.004551313653513883,1.2319207790574427,0.0
2022-05-27,0.010564965637251351,1.2319207790574427,-0.0
2022-06-03,-0.004961919536189453,1.2319207790574427,0.0
2022-06-10,-0.023149035959888806,1.2319207790574427,-0.0
2022-06-17,-0.009150467106598106,1.2319207790574427,-0.0
2022-06-24,0.028273837341240227,1.2319207790574427,-0.0
2022-07-01,-0.013079660059739696,1.2319207790574427,-0.0
2022-07-08,0.013508359713619947,1.2319207790574427,-0.0
2022-07-15,-0.004328569257507092,1.2319207790574427,0.0
2022-07-22,0.013038167810804493,1.2319207790574427,0.0840305961929792
2022-07-29,0.03536960606064831,1.2319207790574427,-0.01671958180652866
2022-08-05,-0.00011225076281444132,1.2319207790574427,0.04329178016380553
2022-08-12,0.02289828480357446,1.2319207790574427,-0.07829953463350114
2022-08-19,-0.014859897563601699,1.2319207790574427,-0.016685947320629668
2022-08-26,-0.006522754844732731,1.2319207790574427,-0.0514408064929649
2022-09-02,-0.0049642743725226805,1.2319207790574427,0.04961756992655264
2022-09-09,0.009439572525959821,1.2319207790574427,0.0341943696314293
2022-09-16,-0.022636396347248785,1.2319207790574427,-0.02358001320791514
2022-09-23,-0.020198615571433754,1.2319207790574427,0.00631598554784274
2022-09-30,-0.011844903594078405,1.2319207790574427,0.06497892460137811
2022-10-07,0.003731354020328219,1.2319207790574427,-0.1078149815098074
2022-10-14,-0.010662879763754213,1.2319207790574427,0.05706355330327595
2022-10-21,0.0211756918063802,1.2319207790574427,0.005461329388895209
2022-10-28,0.011618462776238053,1.2319207790574427,0.08580987159290654
2022-11-04,-0.02057877768208079,1.2319207790574427,0.041173590919883374
2022-11-11,0.061611289317937475,1.2319207790574427,-0.030952604597973776
2022-11-18,-0.00030342117330597624,1.2319207790574427,0.02140538751430454
2022-11-25,0.008420914960514097,1.2319207790574427,0.07528592425622294
2022-12-02,0.013878912493795465,1.2319207790574427,0.021573041856773
2022-12-09,-0.014260316848150292,1.2319207790574427,-0.016316158091688515
2022-12-16,-0.00925348673093319,1.2319207790574427,0.026478376501951617
2022-12-23,-0.0011108258245810126,1.2319207790574427,-0.0005
2022-12-30,-0.0006296718731408461,1.2319207790574427,-0.0
2023-01-06,0.005263852338016804,1.2319207790574427,0.0
2023-01-13,0.03067927055620618,1.2319207790574427,-0.0
2023-01-20,-0.0015432127762201695,1.2319207790574427,-0.0
2023-01-27,0.030917568427144656,1.2319207790574427,-0.0
2023-02-03,0.021295494819747424,1.2319207790574427,-0.0
2023-02-10,-0.004109646960236563,1.2319207790574427,-0.0
2023-02-17,0.0011272033127228604,1.2319207790574427,-0.0
2023-02-24,-0.02411611305987169,1.2319207790574427,0.0
2023-03-03,0.01873810249254945,1.2319207790574427,-0.0
2023-03-10,-0.008063914925716342,1.2319207790574427,0.0
2023-03-17,0.019584668530222463,1.2319207790574427,0.0
2023-03-24,0.013539782792500022,1.2319207790574427,0.0
2023-03-31,0.02522076465067631,1.2319207790574427,0.0
2023-04-07,-0.004281525373354538,1.2319207790574427,0.0
2023-04-14,0.001995325908438219,1.2319207790574427,-0.0
2023-04-21,-0.000483351520645659,1.2319207790574427,-0.0
2023-04-28,0.012225226009244243,1.2319207790574427,0.0
2023-05-05,-0.0012997692744266109,1.2319207790574427,-0.0
2023-05-12,0.0019273008483213293,1.2319207790574427,-0.0
2023-05-19,0.021566883811182314,1.2319207790574427,-0.0
2023-05-26,0.0173202435660042,1.2319207790574427,0.0
2023-06-02,0.01478287288733942,1.2319207790574427,0.0
2023-06-09,0.00039115824411566503,1.2319207790574427,-0.0
2023-06-16,0.026395712774053445,1.2319207790574427,-0.0
2023-06-23,-0.011747020244242377,1.2319207790574427,0.0
2023-06-30,0.01612210451543149,1.2319207790574427,0.0
2023-07-07,-0.008255850958439642,1.2319207790574427,0.0
2023-07-14,0.025686504864938994,1.2319207790574427,-0.0
2023-07-21,-0.0029490680155246263,1.2319207790574427,-0.0
2023-07-28,0.013448706583440974,1.2319207790574427,-0.0
2023-08-04,-0.02159079362937066,1.2319207790574427,-0.0
2023-08-11,-0.00892373376079516,1.2319207790574427,0.0
2023-08-18,-0.0064800617414509385,1.2319207790574427,0.0
2023-08-25,0.010196996438744433,1.2319207790574427,0.0
2023-09-01,0.026740133917883695,1.2319207790574427,-0.0
2023-09-08,-0.010979800716183196,1.2319207790574427,0.0
2023-09-15,-0.002958846008327174,1.2319207790574427,0.0
2023-09-22,-0.026514943350153676,1.2319207790574427,-0.0
2023-09-29,-0.0014374622230817406,1.2319207790574427,-0.0
2023-10-06,0.0014505185893367504,1.2319207790574427,0.0
2023-10-13,0.0008877097186774656,1.2319207790574427,0.0
2023-10-20,-0.021856306691082253,1.2319207790574427,-0.0
2023-10-27,-0.020433306891905194,1.2319207790574427,0.0
2023-11-03,0.050615266066552166,1.2319207790574427,-0.0
2023-11-10,0.01753807923004142,1.2319207790574427,0.0
2023-11-17,0.01747103779543811,1.2319207790574427,0.0
2023-11-24,0.007298206292856891,1.2319207790574427,0.0
2023-12-01,0.004285927921676981,1.2319207790574427,-0.0
2023-12-08,0.002847200288745488,1.2319207790574427,0.0
2023-12-15,0.025291463263979002,1.2319207790574427,0.0
2023-12-22,0.00641418289430847,1.2319207790574427,-0.0
2023-12-29,0.002671223726504964,1.2319207790574427,-0.0
2024-01-05,-0.02083402926542719,1.2319207790574427,0.0
2024-01-12,0.022627815342611653,1.2319207790574427,-0.0
2024-01-19,0.01661654683404819,1.2319207790574427,0.0
2024-01-26,0.0034602550437342534,1.2319207790574427,-0.0
2024-02-02,0.009980089583859824,1.2319207790574427,-0.0
2024-02-09,0.013185569677138322,1.2319207790574427,0.0
2024-02-16,-0.009466445773705541,1.2319207790574427,-0.0
2024-02-23,0.012271875500287903,1.2319207790574427,0.0
2024-03-01,0.013190536377604601,1.2319207790574427,0.0
2024-03-08,-0.007739233360896686,1.2319207790574427,0.0
2024-03-15,-0.0012723066992540413,1.2319207790574427,-0.0
2024-03-22,0.007604293064341696,1.2319207790574427,0.0
2024-03-29,-0.0016944277720949005,1.2319207790574427,0.0
2024-04-05,-0.007196511236457957,1.2319207790574427,0.0
2024-04-12,-0.0031130631172162386,1.2319207790574427,0.0
2024-04-19,-0.026934972410312827,1.2319207790574427,-0.0
2024-04-26,0.019576650655527043,1.2319207790574427,-0.0
2024-05-03,0.005920843223700551,1.2319207790574427,0.0
2024-05-10,0.012675948390207055,1.2319207790574427,0.0
2024-05-17,0.015918705299346983,1.2319207790574427,-0.0
2024-05-24,-0.0002590327450594271,1.2319207790574427,-0.0
2024-05-31,-0.00931982457770687,1.2319207790574427,-0.0
2024-06-07,0.013770911564394332,1.2319207790574427,0.0
2024-06-14,0.0009396153846153853,1.2319207790574427,0.0
2024-06-21,0.0008450238926959559,1.2319207790574427,-0.0
2024-06-28,-0.0013453760133587398,1.2319207790574427,0.0
2024-07-05,0.02395408477615574,1.2319207790574427,-0.0
2024-07-12,0.0018687654109200164,1.2319207790574427,-0.0
2024-07-19,-0.025848097326481415,1.2319207790574427,-0.0
2024-07-26,-0.012169606199485981,1.2319207790574427,0.0
2024-08-02,-0.005783327854136815,1.2319207790574427,-0.0
2024-08-09,0.0010606605186063876,1.2319207790574427,0.0
2024-08-16,0.038947578591495086,1.2319207790574427,0.0
2024-08-23,0.010190287604615813,1.2319207790574427,-0.0
2024-08-30,-0.0032564661618496504,1.2319207790574427,-0.0
2024-09-06,-0.019811733300401885,1.2319207790574427,0.0
2024-09-13,0.012670864143849386,1.2319207790574427,0.0
2024-09-20,0.007387292868235022,1.2319207790574427,0.0
2024-09-27,0.006317693249623494,1.2319207790574427,0.0
2024-10-04,-0.0002781347475246201,1.2319207790574427,-0.0
2024-10-11,0.009454128036354497,1.2319207790574427,0.0
2024-10-18,0.003608327025737407,1.2319207790574427,0.0
2024-10-25,-0.002668961560120668,1.2319207790574427,-0.0
2024-11-01,-0.006369692344142229,1.2319207790574427,-0.0
2024-11-08,0.027207217588689495,1.2319207790574427,-0.0
2024-11-15,-0.023721392026718115,1.2319207790574427,0.0
2024-11-22,0.01426324388511329,1.2319207790574427,-0.0
2024-11-29,0.007752108870975474,1.2319207790574427,0.0
2024-12-06,0.019500606248022027,1.2319207790574427,-0.0
2024-12-13,0.0010671834397137374,1.2319207790574427,-0.0
2024-12-20,-0.017165263352215132,1.2319207790574427,-0.0
2024-12-27,0.003616286753451816,1.2319207790574427,0.0
2025-01-03,-0.005097809261216396,1.2319207790574427,0.0
2025-01-10,-0.017336901850406164,1.2319207790574427,-0.0
2025-01-17,0.023584460907266593,1.2319207790574427,0.0
2025-01-24,0.012715904931267978,1.2319207790574427,0.0
2025-01-31,-0.009701945217018166,1.2319207790574427,0.0
2025-02-07,-0.0004793820525810009,1.2319207790574427,0.0
2025-02-14,0.014752402508346104,1.2319207790574427,0.0
2025-02-21,-0.016149457015283985,1.2319207790574427,-0.0
2025-02-28,-0.018960406633082422,1.2319207790574427,0.0
2025-03-07,-0.012745634460656656,1.2319207790574427,0.0
2025-03-14,-0.009534935848468953,1.2319207790574427,-0.0
2025-03-21,0.0018419865179772213,1.2319207790574427,0.0
2025-03-28,-0.004291580043291811,1.2319207790574427,-0.0
2025-04-04,-0.012896298628864645,1.2319207790574427,0.0
2025-04-11,0.026256074427167705,1.2319207790574427,0.0
2025-04-18,-0.007834590265721938,1.2319207790574427,0.0
2025-04-25,0.023735278944631583,1.2319207790574427,-0.0
2025-05-02,0.012712420290966673,1.2319207790574427,0.0
2025-05-09,-0.0013151359401327941,1.2319207790574427,-0.01635254506371081
2025-05-16,0.04976033392887674,1.2319207790574427,0.03992786737219234
2025-05-23,-0.009848428008037338,1.2319207790574427,-0.016446475380477277
2025-05-30,0.01573361680708219,1.2319207790574427,0.09525122819062815
2025-06-06,0.014231080040896894,1.2319207790574427,0.007106084476295349
2025-06-13,-0.0036523562462249977,1.2319207790574427,-0.008406507686066989
2025-06-20,-0.0004559890325099554,1.2319207790574427,0.0016954916146327825
2025-06-27,0.03111403287233383,1.2319207790574427,0.020479029961522732
2025-07-04,0.012483810291087959,1.2319207790574427,0.0516926467162071
2025-07-11,-0.0033981674883843643,1.2319207790574427,-0.011712667555079381
2025-07-18,0.008100834222968005,1.2319207790574427,-0.0014650800953699417
2025-07-25,0.008829716514550879,1.2319207790574427,-0.03615691761825046
2025-08-01,-0.01737487829096917,1.2319207790574427,0.04430916148519248
2025-08-08,0.025630101492440206,1.2319207790574427,-0.0005
2025-08-15,0.005209177057988355,1.2319207790574427,0.0
2025-08-22,-0.00356270889294144,1.2319207790574427,0.0
2025-08-29,-0.0014441451014560055,1.2319207790574427,0.0
2025-09-05,0.00621521219340892,1.2319207790574427,0.0
2025-09-12,0.013648864068287194,1.2319207790574427,0.0
2025-09-19,0.014382891124558778,1.2319207790574427,0.0
2025-09-26,-0.0010277517665198256,1.2319207790574427,0.0
2025-10-03,0.009228164929997036,1.2319207790574427,-0.0
2025-10-10,-0.00895596090860608,1.2319207790574427,0.0
2025-10-17,0.017282639743526534,1.2319207790574427,-0.0
2025-10-24,0.01670131847827406,1.2319207790574427,-0.0
2025-10-31,0.011086852702812231,1.2319207790574427,0.0
2025-11-07,-0.019879658002699686,1.2319207790574427,0.0
2025-11-14,-3.9149982480470136e-05,1.2319207790574427,-0.0
2025-11-21,-0.010189924066196166,1.2319207790574427,0.0
2025-11-28,0.0360043262466346,1.2319207790574427,0.0
2025-12-05,0.005489124380751446,1.2319207790574427,0.0
2025-12-12,-0.011183645391395857,1.2319207790574427,0.0
2025-12-19,0.003130028334945184,1.2319207790574427,0.0
2025-12-26,0.00571812892348883,1.2319207790574427,-0.0
2026-01-02,-0.012008853994035493,1.2319207790574427,0.0
2026-01-09,0.015600494521533049,1.2319207790574427,0.0
2026-01-16,-0.005869303870912414,1.2319207790574427,0.0
2026-01-23,0.00020300068676448483,1.2319207790574427,-0.0
2026-01-30,0.00038722024903971086,1.2319207790574427,-0.0
2026-02-06,-0.009849123421773243,1.2319207790574427,0.0
2026-02-13,-0.01039263938540688,1.2319207790574427,0.0
2026-02-20,0.008769502901799292,1.2319207790574427,0.0
2026-02-27,-0.002474100603831257,1.2319207790574427,-0.0
2026-03-06,-0.006690713963953424,1.2319207790574427,-0.0
2026-03-13,-0.005624844145120223,1.2319207790574427,-0.0
2026-03-20,-0.008172624423757161,1.2319207790574427,0.0
2026-03-27,-0.011571915527666446,1.2319207790574427,0.0
2026-04-03,0.015280778361751403,1.2319207790574427,0.0
2026-04-10,0.03280668665774975,1.2319207790574427,0.0
2026-04-17,0.04499197161007181,1.2319207790574427,-0.0
2026-04-24,0.012650732258883515,1.2319207790574427,-0.0
2026-05-01,0.010207985014594108,1.2319207790574427,0.0
2026-05-08,0.03408413670360307,1.2319207790574427,-0.0
2026-05-15,-0.0017799093795487636,1.2319207790574427,-0.0
2026-05-22,0.008300081727264066,1.2319207790574427,-0.0
2026-05-29,0.019430544216924858,1.2319207790574427,-0.0
2026-06-05,-0.031191330356973163,1.2319207790574427,-0.0
2026-06-12,0.013895083498421803,1.2319207790574427,-0.0
2026-06-19,0.002824186072079866,1.2319207790574427,-0.0
2026-06-26,-0.005688409576563032,1.2319207790574427,0.0
2026-07-03,0.009357770192078797,1.2319207790574427,-0.0
2026-07-10,0.012365055916894603,1.2319207790574427,-0.0
2026-07-17,-0.004584807662515772,1.2319207790574427,0.0
2026-07-24,-0.002260739898916538,1.2319207790574427,-0.0
2026-07-31,0.0012517348794533053,1.2319207790574427,0.0
2026-08-07,0.011598261479047123,1.2319207790574427,0.0
