t,date,rd
4153,2007-08-03,1
4154,2007-08-10,1
4155,2007-08-17,1
4156,2007-08-24,1
4157,2007-08-31,1
4158,2007-09-07,1
4159,2007-09-14,1
4160,2007-09-21,1
4161,2007-09-28,1
4162,2007-10-05,1
4163,2007-10-12,1
4164,2007-10-19,1
4165,2007-10-26,1
4166,2007-11-02,1
4167,2007-11-09,1
4168,2007-11-16,1
4169,2007-11-23,1
4170,2007-11-30,1
4171,2007-12-07,1
4172,2007-12-14,1
4173,2007-12-21,1
4174,2007-12-28,1
4175,2008-01-04,1
4176,2008-01-11,1
4177,2008-01-18,1
4178,2008-01-25,1
4179,2008-02-01,1
4180,2008-02-08,1
4181,2008-02-15,1
4182,2008-02-22,1
4183,2008-02-29,1
4184,2008-03-07,1
4185,2008-03-14,1
4186,2008-03-21,1
4187,2008-03-28,1
4188,2008-04-04,1
4189,2008-04-11,1
4190,2008-04-18,1
4191,2008-04-25,1
4192,2008-05-02,1
4193,2008-05-09,1
4194,2008-05-16,1
4195,2008-05-23,1
4196,2008-05-30,1
4197,2008-06-06,1
4198,2008-06-13,1
4199,2008-06-20,1
4200,2008-06-27,1
4201,2008-07-04,1
4202,2008-07-11,1
4203,2008-07-18,1
4204,2008-07-25,1
4205,2008-08-01,1
4206,2008-08-08,1
4207,2008-08-15,1
4208,2008-08-22,1
4209,2008-08-29,1
4210,2008-09-05,1
4211,2008-09-12,-1
4212,2008-09-19,1
4213,2008-09-26,1
4214,2008-10-03,1
4215,2008-10-10,1
4216,2008-10-17,1
4217,2008-10-24,1
4218,2008-10-31,1
4219,2008-11-07,1
4220,2008-11-14,1
4221,2008-11-21,1
4222,2008-11-28,1
4223,2008-12-05,1
4224,2008-12-12,1
4225,2008-12-19,1
4226,2008-12-26,1
4227,2009-01-02,1
4228,2009-01-09,1
4229,2009-01-16,-1
4230,2009-01-23,-1
4231,2009-01-30,1
4232,2009-02-06,1
4233,2009-02-13,1
4234,2009-02-20,1
4235,2009-02-27,1
4236,2009-03-06,1
4237,2009-03-13,1
4238,2009-03-20,1
4239,2009-03-27,1
4240,2009-04-03,1
4241,2009-04-10,1
4242,2009-04-17,1
4243,2009-04-24,1
4244,2009-05-01,1
4245,2009-05-08,1
4246,2009-05-15,1
4247,2009-05-22,1
4248,2009-05-29,1
4249,2009-06-05,1
4250,2009-06-12,1
4251,2009-06-19,1
4252,2009-06-26,1
4253,2009-07-03,1
4254,2009-07-10,1
4255,2009-07-17,1
4256,2009-07-24,1
4257,2009-07-31,1
4258,2009-08-07,1
4259,2009-08-14,1
4260,2009-08-21,1
4261,2009-08-28,1
4262,2009-09-04,1
4263,2009-09-11,1
4264,2009-09-18,1
4265,2009-09-25,1
4266,2009-10-02,1
4267,2009-10-09,-1
4268,2009-10-16,-1
4269,2009-10-23,-1
4270,2009-10-30,-1
4271,2009-11-06,-1
4272,2009-11-13,-1
4273,2009-11-20,1
4274,2009-11-27,1
4275,2009-12-04,1
4276,2009-12-11,1
4277,2009-12-18,1
4278,2009-12-25,1
4279,2010-01-01,1
4280,2010-01-08,1
4281,2010-01-15,1
4282,2010-01-22,1
4283,2010-01-29,1
4284,2010-02-05,1
4285,2010-02-12,1
4286,2010-02-19,1
4287,2010-02-26,1
4288,2010-03-05,1
4289,2010-03-12,1
4290,2010-03-19,1
4291,2010-03-26,1
4292,2010-04-02,1
4293,2010-04-09,1
4294,2010-04-16,1
4295,2010-04-23,1
4296,2010-04-30,1
4297,2010-05-07,1
4298,2010-05-14,1
4299,2010-05-21,1
4300,2010-05-28,1
4301,2010-06-04,1
4302,2010-06-11,1
4303,2010-06-18,1
4304,2010-06-25,1
4305,2010-07-02,1
4306,2010-07-09,1
4307,2010-07-16,1
4308,2010-07-23,1
4309,2010-07-30,1
4310,2010-08-06,1
4311,2010-08-13,1
4312,2010-08-20,1
4313,2010-08-27,1
4314,2010-09-03,1
4315,2010-09-10,1
4316,2010-09-17,1
4317,2010-09-24,1
4318,2010-10-01,1
4319,2010-10-08,1
4320,2010-10-15,1
4321,2010-10-22,1
4322,2010-10-29,1
4323,2010-11-05,-1
4324,2010-11-12,-1
4325,2010-11-19,-1
4326,2010-11-26,1
4327,2010-12-03,1
4328,2010-12-10,1
4329,2010-12-17,1
4330,2010-12-24,1
4331,2010-12-31,1
4332,2011-01-07,-1
4333,2011-01-14,1
4334,2011-01-21,1
4335,2011-01-28,1
4336,2011-02-04,1
4337,2011-02-11,-1
4338,2011-02-18,-1
4339,2011-02-25,1
4340,2011-03-04,1
4341,2011-03-11,1
4342,2011-03-18,1
4343,2011-03-25,1
4344,2011-04-01,1
4345,2011-04-08,1
4346,2011-04-15,1
4347,2011-04-22,1
4348,2011-04-29,1
4349,2011-05-06,1
4350,2011-05-13,1
4351,2011-05-20,1
4352,2011-05-27,1
4353,2011-06-03,1
4354,2011-06-10,1
4355,2011-06-17,1
4356,2011-06-24,1
4357,2011-07-01,1
4358,2011-07-08,1
4359,2011-07-15,1
4360,2011-07-22,1
4361,2011-07-29,1
4362,2011-08-05,1
4363,2011-08-12,1
4364,2011-08-19,1
4365,2011-08-26,1
4366,2011-09-02,-1
4367,2011-09-09,-1
4368,2011-09-16,-1
4369,2011-09-23,-1
4370,2011-09-30,-1
4371,2011-10-07,1
4372,2011-10-14,1
4373,2011-10-21,1
4374,2011-10-28,1
4375,2011-11-04,1
4376,2011-11-11,1
4377,2011-11-18,1
4378,2011-11-25,1
4379,2011-12-02,1
4380,2011-12-09,1
4381,2011-12-16,1
4382,2011-12-23,1
4383,2011-12-30,1
4384,2012-01-06,1
4385,2012-01-13,1
4386,2012-01-20,1
4387,2012-01-27,1
4388,2012-02-03,1
4389,2012-02-10,1
4390,2012-02-17,1
4391,2012-02-24,1
4392,2012-03-02,1
4393,2012-03-09,1
4394,2012-03-16,1
4395,2012-03-23,1
4396,2012-03-30,1
4397,2012-04-06,1
4398,2012-04-13,1
4399,2012-04-20,1
4400,2012-04-27,1
4401,2012-05-04,1
4402,2012-05-11,1
4403,2012-05-18,1
4404,2012-05-25,1
4405,2012-06-01,1
4406,2012-06-08,1
4407,2012-06-15,1
4408,2012-06-22,1
4409,2012-06-29,1
4410,2012-07-06,1
4411,2012-07-13,1
4412,2012-07-20,1
4413,2012-07-27,-1
4414,2012-08-03,1
4415,2012-08-10,1
4416,2012-08-17,1
4417,2012-08-24,1
4418,2012-08-31,1
4419,2012-09-07,1
4420,2012-09-14,1
4421,2012-09-21,1
4422,2012-09-28,-1
4423,2012-10-05,1
4424,2012-10-12,1
4425,2012-10-19,1
4426,2012-10-26,1
4427,2012-11-02,1
4428,2012-11-09,1
4429,2012-11-16,1
4430,2012-11-23,1
4431,2012-11-30,1
4432,2012-12-07,1
4433,2012-12-14,1
4434,2012-12-21,1
4435,2012-12-28,-1
4436,2013-01-04,-1
4437,2013-01-11,-1
4438,2013-01-18,-1
4439,2013-01-25,1
4440,2013-02-01,1
4441,2013-02-08,1
4442,2013-02-15,1
4443,2013-02-22,1
4444,2013-03-01,1
4445,2013-03-08,1
4446,2013-03-15,-1
4447,2013-03-22,-1
4448,2013-03-29,-1
4449,2013-04-05,1
4450,2013-04-12,-1
4451,2013-04-19,-1
4452,2013-04-26,-1
4453,2013-05-03,-1
4454,2013-05-10,-1
4455,2013-05-17,1
4456,2013-05-24,1
4457,2013-05-31,1
4458,2013-06-07,1
4459,2013-06-14,1
4460,2013-06-21,1
4461,2013-06-28,1
4462,2013-07-05,1
4463,2013-07-12,1
4464,2013-07-19,1
4465,2013-07-26,1
4466,2013-08-02,1
4467,2013-08-09,1
4468,2013-08-16,1
4469,2013-08-23,1
4470,2013-08-30,1
4471,2013-09-06,1
4472,2013-09-13,1
4473,2013-09-20,1
4474,2013-09-27,1
4475,2013-10-04,1
4476,2013-10-11,1
4477,2013-10-18,1
4478,2013-10-25,1
4479,2013-11-01,1
4480,2013-11-08,1
4481,2013-11-15,1
4482,2013-11-22,1
4483,2013-11-29,1
4484,2013-12-06,1
4485,2013-12-13,1
4486,2013-12-20,1
4487,2013-12-27,1
4488,2014-01-03,1
4489,2014-01-10,1
4490,2014-01-17,1
4491,2014-01-24,1
4492,2014-01-31,1
4493,2014-02-07,1
4494,2014-02-14,1
4495,2014-02-21,1
4496,2014-02-28,1
4497,2014-03-07,1
4498,2014-03-14,1
4499,2014-03-21,1
4500,2014-03-28,1
4501,2014-04-04,1
4502,2014-04-11,1
4503,2014-04-18,1
4504,2014-04-25,1
4505,2014-05-02,1
4506,2014-05-09,1
4507,2014-05-16,1
4508,2014-05-23,1
4509,2014-05-30,1
4510,2014-06-06,1
4511,2014-06-13,1
4512,2014-06-20,1
4513,2014-06-27,1
4514,2014-07-04,1
4515,2014-07-11,1
4516,2014-07-18,1
4517,2014-07-25,1
4518,2014-08-01,1
4519,2014-08-08,1
4520,2014-08-15,1
4521,2014-08-22,1
4522,2014-08-29,1
4523,2014-09-05,1
4524,2014-09-12,1
4525,2014-09-19,1
4526,2014-09-26,1
4527,2014-10-03,1
4528,2014-10-10,1
4529,2014-10-17,1
4530,2014-10-24,1
4531,2014-10-31,1
4532,2014-11-07,1
4533,2014-11-14,1
4534,2014-11-21,1
4535,2014-11-28,1
4536,2014-12-05,1
4537,2014-12-12,1
4538,2014-12-19,1
4539,2014-12-26,1
4540,2015-01-02,1
4541,2015-01-09,1
4542,2015-01-16,1
4543,2015-01-23,1
4544,2015-01-30,1
4545,2015-02-06,1
4546,2015-02-13,1
4547,2015-02-20,1
4548,2015-02-27,1
4549,2015-03-06,1
4550,2015-03-13,1
4551,2015-03-20,1
4552,2015-03-27,1
4553,2015-04-03,1
4554,2015-04-10,1
4555,2015-04-17,1
4556,2015-04-24,1
4557,2015-05-01,1
4558,2015-05-08,1
4559,2015-05-15,1
4560,2015-05-22,1
4561,2015-05-29,1
4562,2015-06-05,1
4563,2015-06-12,1
4564,2015-06-19,1
4565,2015-06-26,1
4566,2015-07-03,1
4567,2015-07-10,1
4568,2015-07-17,1
4569,2015-07-24,1
4570,2015-07-31,1
4571,2015-08-07,1
4572,2015-08-14,1
4573,2015-08-21,1
4574,2015-08-28,1
4575,2015-09-04,1
4576,2015-09-11,1
4577,2015-09-18,1
4578,2015-09-25,1
4579,2015-10-02,1
4580,2015-10-09,1
4581,2015-10-16,1
4582,2015-10-23,1
4583,2015-10-30,1
4584,2015-11-06,1
4585,2015-11-13,1
4586,2015-11-20,1
4587,2015-11-27,1
4588,2015-12-04,1
4589,2015-12-11,1
4590,2015-12-18,1
4591,2015-12-25,1
4592,2016-01-01,1
4593,2016-01-08,1
4594,2016-01-15,1
4595,2016-01-22,1
4596,2016-01-29,1
4597,2016-02-05,1
4598,2016-02-12,1
4599,2016-02-19,1
4600,2016-02-26,1
4601,2016-03-04,1
4602,2016-03-11,1
4603,2016-03-18,1
4604,2016-03-25,1
4605,2016-04-01,1
4606,2016-04-08,1
4607,2016-04-15,1
4608,2016-04-22,1
4609,2016-04-29,1
4610,2016-05-06,1
4611,2016-05-13,1
4612,2016-05-20,1
4613,2016-05-27,1
4614,2016-06-03,1
4615,2016-06-10,1
4616,2016-06-17,1
4617,2016-06-24,1
4618,2016-07-01,1
4619,2016-07-08,1
4620,2016-07-15,1
4621,2016-07-22,1
4622,2016-07-29,1
4623,2016-08-05,1
4624,2016-08-12,1
4625,2016-08-19,1
4626,2016-08-26,-1
4627,2016-09-02,1
4628,2016-09-09,1
4629,2016-09-16,1
4630,2016-09-23,1
4631,2016-09-30,1
4632,2016-10-07,1
4633,2016-10-14,1
4634,2016-10-21,1
4635,2016-10-28,1
4636,2016-11-04,1
4637,2016-11-11,1
4638,2016-11-18,1
4639,2016-11-25,1
4640,2016-12-02,1
4641,2016-12-09,1
4642,2016-12-16,1
4643,2016-12-23,1
4644,2016-12-30,1
4645,2017-01-06,1
4646,2017-01-13,1
4647,2017-01-20,1
4648,2017-01-27,1
4649,2017-02-03,1
4650,2017-02-10,1
4651,2017-02-17,1
4652,2017-02-24,1
4653,2017-03-03,1
4654,2017-03-10,-1
4655,2017-03-17,-1
4656,2017-03-24,-1
4657,2017-03-31,-1
4658,2017-04-07,1
4659,2017-04-14,1
4660,2017-04-21,1
4661,2017-04-28,1
4662,2017-05-05,1
4663,2017-05-12,1
4664,2017-05-19,1
4665,2017-05-26,1
4666,2017-06-02,1
4667,2017-06-09,1
4668,2017-06-16,1
4669,2017-06-23,1
4670,2017-06-30,1
4671,2017-07-07,1
4672,2017-07-14,1
4673,2017-07-21,1
4674,2017-07-28,1
4675,2017-08-04,1
4676,2017-08-11,1
4677,2017-08-18,1
4678,2017-08-25,1
4679,2017-09-01,1
4680,2017-09-08,1
4681,2017-09-15,1
4682,2017-09-22,1
4683,2017-09-29,1
4684,2017-10-06,1
4685,2017-10-13,1
4686,2017-10-20,1
4687,2017-10-27,1
4688,2017-11-03,1
4689,2017-11-10,1
4690,2017-11-17,1
4691,2017-11-24,1
4692,2017-12-01,1
4693,2017-12-08,1
4694,2017-12-15,1
4695,2017-12-22,1
4696,2017-12-29,1
4697,2018-01-05,1
4698,2018-01-12,1
4699,2018-01-19,1
4700,2018-01-26,1
4701,2018-02-02,1
4702,2018-02-09,1
4703,2018-02-16,1
4704,2018-02-23,-1
4705,2018-03-02,-1
4706,2018-03-09,1
4707,2018-03-16,1
4708,2018-03-23,1
4709,2018-03-30,-1
4710,2018-04-06,1
4711,2018-04-13,1
4712,2018-04-20,1
4713,2018-04-27,1
4714,2018-05-04,1
4715,2018-05-11,1
4716,2018-05-18,1
4717,2018-05-25,1
4718,2018-06-01,1
4719,2018-06-08,1
4720,2018-06-15,1
4721,2018-06-22,1
4722,2018-06-29,1
4723,2018-07-06,1
4724,2018-07-13,1
4725,2018-07-20,1
4726,2018-07-27,1
4727,2018-08-03,1
4728,2018-08-10,1
4729,2018-08-17,1
4730,2018-08-24,1
4731,2018-08-31,1
4732,2018-09-07,1
4733,2018-09-14,1
4734,2018-09-21,1
4735,2018-09-28,1
4736,2018-10-05,1
4737,2018-10-12,1
4738,2018-10-19,1
4739,2018-10-26,1
4740,2018-11-02,1
4741,2018-11-09,1
4742,2018-11-16,1
4743,2018-11-23,1
4744,2018-11-30,1
4745,2018-12-07,1
4746,2018-12-14,1
4747,2018-12-21,1
4748,2018-12-28,1
4749,2019-01-04,1
4750,2019-01-11,1
4751,2019-01-18,1
4752,2019-01-25,1
4753,2019-02-01,1
4754,2019-02-08,1
4755,2019-02-15,1
4756,2019-02-22,1
4757,2019-03-01,1
4758,2019-03-08,1
4759,2019-03-15,1
4760,2019-03-22,-1
4761,2019-03-29,-1
4762,2019-04-05,-1
4763,2019-04-12,-1
4764,2019-04-19,-1
4765,2019-04-26,-1
4766,2019-05-03,-1
4767,2019-05-10,1
4768,2019-05-17,1
4769,2019-05-24,1
4770,2019-05-31,1
4771,2019-06-07,1
4772,2019-06-14,1
4773,2019-06-21,1
4774,2019-06-28,1
4775,2019-07-05,1
4776,2019-07-12,1
4777,2019-07-19,1
4778,2019-07-26,1
4779,2019-08-02,1
4780,2019-08-09,1
4781,2019-08-16,1
4782,2019-08-23,1
4783,2019-08-30,1
4784,2019-09-06,1
4785,2019-09-13,1
4786,2019-09-20,1
4787,2019-09-27,1
4788,2019-10-04,1
4789,2019-10-11,1
4790,2019-10-18,1
4791,2019-10-25,1
4792,2019-11-01,1
4793,2019-11-08,1
4794,2019-11-15,1
4795,2019-11-22,1
4796,2019-11-29,1
4797,2019-12-06,1
4798,2019-12-13,1
4799,2019-12-20,1
4800,2019-12-27,1
4801,2020-01-03,1
4802,2020-01-10,1
4803,2020-01-17,1
4804,2020-01-24,1
4805,2020-01-31,1
4806,2020-02-07,-1
4807,2020-02-14,1
4808,2020-02-21,1
4809,2020-02-28,1
4810,2020-03-06,1
4811,2020-03-13,1
4812,2020-03-20,1
4813,2020-03-27,1
4814,2020-04-03,1
4815,2020-04-10,1
4816,2020-04-17,1
4817,2020-04-24,1
4818,2020-05-01,1
4819,2020-05-08,1
4820,2020-05-15,1
4821,2020-05-22,1
4822,2020-05-29,1
4823,2020-06-05,1
4824,2020-06-12,1
4825,2020-06-19,1
4826,2020-06-26,1
4827,2020-07-03,1
4828,2020-07-10,1
4829,2020-07-17,1
4830,2020-07-24,1
4831,2020-07-31,1
4832,2020-08-07,1
4833,2020-08-14,1
4834,2020-08-21,1
4835,2020-08-28,1
4836,2020-09-04,1
4837,2020-09-11,1
4838,2020-09-18,1
4839,2020-09-25,1
4840,2020-10-02,1
4841,2020-10-09,1
4842,2020-10-16,1
4843,2020-10-23,1
4844,2020-10-30,1
4845,2020-11-06,1
4846,2020-11-13,1
4847,2020-11-20,1
4848,2020-11-27,1
4849,2020-12-04,1
4850,2020-12-11,1
4851,2020-12-18,1
4852,2020-12-25,1
4853,2021-01-01,1
4854,2021-01-08,1
4855,2021-01-15,1
4856,2021-01-22,1
4857,2021-01-29,1
4858,2021-02-05,1
4859,2021-02-12,1
4860,2021-02-19,1
4861,2021-02-26,1
4862,2021-03-05,1
4863,2021-03-12,1
4864,2021-03-19,1
4865,2021-03-26,1
4866,2021-04-02,1
4867,2021-04-09,1
4868,2021-04-16,1
4869,2021-04-23,1
4870,2021-04-30,1
4871,2021-05-07,1
4872,2021-05-14,1
4873,2021-05-21,1
4874,2021-05-28,1
4875,2021-06-04,1
4876,2021-06-11,1
4877,2021-06-18,1
4878,2021-06-25,1
4879,2021-07-02,1
4880,2021-07-09,1
4881,2021-07-16,1
4882,2021-07-23,1
4883,2021-07-30,1
4884,2021-08-06,1
4885,2021-08-13,1
4886,2021-08-20,1
4887,2021-08-27,1
4888,2021-09-03,1
4889,2021-09-10,1
4890,2021-09-17,1
4891,2021-09-24,1
4892,2021-10-01,1
4893,2021-10-08,1
4894,2021-10-15,1
4895,2021-10-22,1
4896,2021-10-29,1
4897,2021-11-05,1
4898,2021-11-12,1
4899,2021-11-19,1
4900,2021-11-26,1
4901,2021-12-03,1
4902,2021-12-10,1
4903,2021-12-17,1
4904,2021-12-24,1
4905,2021-12-31,1
4906,2022-01-07,1
4907,2022-01-14,1
4908,2022-01-21,1
4909,2022-01-28,1
4910,2022-02-04,1
4911,2022-02-11,1
4912,2022-02-18,1
4913,2022-02-25,1
4914,2022-03-04,1
4915,2022-03-11,1
4916,2022-03-18,1
4917,2022-03-25,1
4918,2022-04-01,1
4919,2022-04-08,1
4920,2022-04-15,1
4921,2022-04-22,1
4922,2022-04-29,1
4923,2022-05-06,1
4924,2022-05-13,1
4925,2022-05-20,1
4926,2022-05-27,1
4927,2022-06-03,1
4928,2022-06-10,1
4929,2022-06-17,1
4930,2022-06-24,1
4931,2022-07-01,1
4932,2022-07-08,1
4933,2022-07-15,1
4934,2022-07-22,1
4935,2022-07-29,1
4936,2022-08-05,1
4937,2022-08-12,1
4938,2022-08-19,1
4939,2022-08-26,1
4940,2022-09-02,1
4941,2022-09-09,1
4942,2022-09-16,1
4943,2022-09-23,1
4944,2022-09-30,1
4945,2022-10-07,1
4946,2022-10-14,1
4947,2022-10-21,1
4948,2022-10-28,1
4949,2022-11-04,1
4950,2022-11-11,1
4951,2022-11-18,1
4952,2022-11-25,1
4953,2022-12-02,1
4954,2022-12-09,1
4955,2022-12-16,1
4956,2022-12-23,1
4957,2022-12-30,1
4958,2023-01-06,1
4959,2023-01-13,1
4960,2023-01-20,1
4961,2023-01-27,1
4962,2023-02-03,1
4963,2023-02-10,1
4964,2023-02-17,1
4965,2023-02-24,1
4966,2023-03-03,1
4967,2023-03-10,1
4968,2023-03-17,1
4969,2023-03-24,1
4970,2023-03-31,1
4971,2023-04-07,-1
4972,2023-04-14,1
4973,2023-04-21,1
4974,2023-04-28,1
4975,2023-05-05,1
4976,2023-05-12,1
4977,2023-05-19,1
4978,2023-05-26,1
4979,2023-06-02,1
4980,2023-06-09,1
4981,2023-06-16,1
4982,2023-06-23,1
4983,2023-06-30,1
4984,2023-07-07,1
4985,2023-07-14,1
4986,2023-07-21,1
4987,2023-07-28,1
4988,2023-08-04,1
4989,2023-08-11,1
4990,2023-08-18,1
4991,2023-08-25,1
4992,2023-09-01,1
4993,2023-09-08,1
4994,2023-09-15,1
4995,2023-09-22,1
4996,2023-09-29,1
4997,2023-10-06,1
4998,2023-10-13,1
4999,2023-10-20,1
5000,2023-10-27,1
5001,2023-11-03,1
5002,2023-11-10,1
5003,2023-11-17,1
5004,2023-11-24,1
5005,2023-12-01,1
5006,2023-12-08,1
5007,2023-12-15,1
5008,2023-12-22,1
5009,2023-12-29,1
5010,2024-01-05,1
5011,2024-01-12,1
5012,2024-01-19,1
5013,2024-01-26,1
5014,2024-02-02,1
5015,2024-02-09,1
5016,2024-02-16,1
5017,2024-02-23,1
5018,2024-03-01,1
5019,2024-03-08,1
5020,2024-03-15,1
5021,2024-03-22,1
5022,2024-03-29,1
5023,2024-04-05,1
5024,2024-04-12,1
5025,2024-04-19,1
5026,2024-04-26,1
5027,2024-05-03,1
5028,2024-05-10,1
5029,2024-05-17,1
5030,2024-05-24,1
5031,2024-05-31,1
5032,2024-06-07,1
5033,2024-06-14,1
5034,2024-06-21,1
5035,2024-06-28,1
5036,2024-07-05,1
5037,2024-07-12,1
5038,2024-07-19,1
5039,2024-07-26,1
5040,2024-08-02,1
5041,2024-08-09,1
5042,2024-08-16,1
5043,2024-08-23,1
5044,2024-08-30,1
5045,2024-09-06,1
5046,2024-09-13,1
5047,2024-09-20,1
5048,2024-09-27,1
5049,2024-10-04,1
5050,2024-10-11,1
5051,2024-10-18,1
5052,2024-10-25,1
5053,2024-11-01,1
5054,2024-11-08,1
5055,2024-11-15,1
5056,2024-11-22,1
5057,2024-11-29,1
5058,2024-12-06,1
5059,2024-12-13,1
5060,2024-12-20,1
5061,2024-12-27,1
5062,2025-01-03,1
5063,2025-01-10,1
5064,2025-01-17,1
5065,2025-01-24,1
5066,2025-01-31,1
5067,2025-02-07,1
5068,2025-02-14,1
5069,2025-02-21,1
5070,2025-02-28,1
5071,2025-03-07,1
5072,2025-03-14,1
5073,2025-03-21,1
5074,2025-03-28,1
5075,2025-04-04,1
5076,2025-04-11,1
5077,2025-04-18,1
5078,2025-04-25,1
5079,2025-05-02,1
5080,2025-05-09,1
5081,2025-05-16,1
5082,2025-05-23,1
5083,2025-05-30,1
5084,2025-06-06,1
5085,2025-06-13,1
5086,2025-06-20,1
5087,2025-06-27,1
5088,2025-07-04,1
5089,2025-07-11,1
5090,2025-07-18,1
5091,2025-07-25,1
5092,2025-08-01,1
5093,2025-08-08,1
5094,2025-08-15,1
5095,2025-08-22,1
5096,2025-08-29,1
5097,2025-09-05,1
5098,2025-09-12,1
5099,2025-09-19,1
5100,2025-09-26,1
5101,2025-10-03,1
5102,2025-10-10,1
5103,2025-10-17,1
5104,2025-10-24,1
5105,2025-10-31,1
5106,2025-11-07,1
5107,2025-11-14,1
5108,2025-11-21,1
5109,2025-11-28,1
5110,2025-12-05,1
5111,2025-12-12,1
5112,2025-12-19,1
5113,2025-12-26,1
5114,2026-01-02,1
5115,2026-01-09,1
5116,2026-01-16,1
5117,2026-01-23,1
5118,2026-01-30,1
5119,2026-02-06,1
5120,2026-02-13,1
5121,2026-02-20,1
5122,2026-02-27,1
5123,2026-03-06,1
5124,2026-03-13,1
5125,2026-03-20,1
5126,2026-03-27,1
5127,2026-04-03,1
5128,2026-04-10,1
5129,2026-04-17,1
5130,2026-04-24,1
5131,2026-05-01,-1
5132,2026-05-08,1
5133,2026-05-15,1
5134,2026-05-22,1
5135,2026-05-29,1
5136,2026-06-05,1
5137,2026-06-12,1
5138,2026-06-19,1
5139,2026-06-26,1
5140,2026-07-03,1
5141,2026-07-10,1
5142,2026-07-17,1
5143,2026-07-24,1
5144,2026-07-31,1
5145,2026-08-07,1
