date,t,P,n_cycles,conf,R,ecv,quality,pattern,analogue_dir,analogue_conf,markov_dir,markov_up,comp_dir,realized,ret_next,strong
1978-04-01,123,73,2,low,,,,+2+2+1-2,0,,-1,0.4,0,1,0.028089887640449396,False
1978-05-01,124,73,2,low,,,,+2+1-2+2,0,,1,0.6923076923076923,0,1,0.010928961748633892,False
1978-06-01,125,73,2,low,,,,+1-2+2+1,0,,1,0.5833333333333334,0,1,0.0108108108108107,False
1978-07-01,126,73,2,low,,,,-2+2+1+1,0,,1,0.56,0,1,0.11229946524064172,False
1978-08-01,127,73,2,low,,,,+2+1+1+3,0,,1,0.8125,0,1,0.04807692307692313,False
1978-09-01,128,73,2,low,,,,+1+1+3+2,0,,1,0.7333333333333333,0,1,0.050458715596330306,False
1978-10-01,129,73,2,low,,,,+1+3+2+2,0,,1,0.7333333333333333,0,-1,-0.15720524017467252,False
1978-11-01,130,73,2,low,,,,+3+2+2-3,0,,0,,0,1,0.17098445595854916,False
1978-12-01,131,73,2,low,,,,+2+2-3+3,0,,1,0.8235294117647058,0,0,0.0,False
1979-01-01,132,73,2,low,,,,+2-3+3+1,0,,1,0.5925925925925926,0,1,0.0752212389380531,False
1979-02-01,133,73,2,low,,,,-3+3+1+2,0,,1,0.7058823529411765,0,-1,-0.016460905349794275,False
1979-03-01,134,73,2,low,,,,+3+1+2-1,0,,-1,0.3,0,1,0.008368200836819994,False
1979-04-01,135,73,2,low,,,,+1+2-1+1,0,,1,0.5925925925925926,0,1,0.09543568464730301,False
1979-05-01,136,73,2,low,,,,+2-1+1+3,0,,1,0.7777777777777778,0,1,0.06439393939393945,False
1979-06-01,137,73,2,low,,,,-1+1+3+2,0,,1,0.6666666666666666,0,1,0.04982206405693956,False
1979-07-01,138,73,2,low,,,,+1+3+2+2,0,,1,0.6666666666666666,0,1,0.06779661016949157,False
1979-08-01,139,73,2,low,,,,+3+2+2+2,0,,1,0.6666666666666666,0,1,0.2126984126984126,False
1979-09-01,140,73,2,low,,,,+2+2+2+3,0,,1,0.7894736842105263,0,1,0.04450261780104703,False
1979-10-01,141,73,2,low,,,,+2+2+3+2,0,,1,0.6842105263157895,0,-1,-0.03508771929824561,False
1979-11-01,142,73,2,low,,,,+2+3+2-2,0,,-1,0.45454545454545453,0,1,0.36103896103896105,False
1979-12-01,143,73,2,low,,,,+3+2-2+3,0,,1,0.7894736842105263,0,1,0.28816793893129766,False
1980-01-01,144,73,2,low,,,,+2-2+3+3,0,,1,0.8,0,-1,-0.014814814814814836,False
1980-02-01,145,73,2,low,,,,-2+3+3-1,0,,-1,0.3333333333333333,0,-1,-0.1669172932330827,False
1980-03-01,146,73,2,low,,,,+3+3-1-3,0,,0,,0,-1,-0.06498194945848379,False
1980-04-01,147,73,2,low,,,,+3-1-3-2,0,,1,0.5,0,-1,-0.007722007722007707,False
1980-05-01,148,73,2,low,,,,-1-3-2-1,0,,-1,0.3333333333333333,0,1,0.16731517509727634,False
1980-06-01,149,73,2,low,,,,-3-2-1+3,0,,1,0.7727272727272727,0,1,0.07499999999999996,False
1980-07-01,150,73,2,low,,,,-2-1+3+2,0,,1,0.6818181818181818,0,-1,-0.02635658914728678,False
1980-08-01,151,73,2,low,,,,-1+3+2-1,0,,-1,0.3181818181818182,0,1,0.07484076433121012,False
1980-09-01,152,73,2,low,,,,+3+2-1+2,0,,1,0.6818181818181818,0,-1,-0.014814814814814836,False
1980-10-01,153,73,2,low,,,,+2-1+2-1,0,,-1,0.34782608695652173,0,-1,-0.06466165413533831,False
1980-11-01,154,73,2,low,,,,-1+2-1-2,0,,-1,0.46153846153846156,0,-1,-0.045016077170418,False
1980-12-01,155,73,2,low,,,,+2-1-2-1,0,,-1,0.375,0,-1,-0.062289562289562284,False
1981-01-01,156,73,2,low,,,,-1-2-1-2,0,,-1,0.46153846153846156,0,-1,-0.09694793536804314,False
1981-02-01,157,73,2,low,,,,-2-1-2-2,0,,-1,0.46153846153846156,0,-1,-0.007952286282306154,False
1981-03-01,158,73,2,low,,,,-1-2-2-1,0,,-1,0.36,0,-1,-0.018036072144288595,False
1981-04-01,159,73,2,low,,,,-2-2-1-1,0,,-1,0.34615384615384615,0,-1,-0.01836734693877551,False
1981-05-01,160,73,2,low,,,,-2-1-1-1,0,,-1,0.34615384615384615,0,-1,-0.043659043659043606,False
1981-06-01,161,73,2,low,,,,-1-1-1-1,0,,-1,0.34615384615384615,0,-1,-0.11304347826086958,False
1981-07-01,162,73,2,low,,,,-1-1-1-2,0,,-1,0.375,0,1,0.004901960784313708,False
1981-08-01,163,73,2,low,,,,-1-1-2+1,0,,1,0.6206896551724138,0,1,0.08780487804878057,False
1981-09-01,164,73,2,low,,,,-1-2+1+2,0,,1,0.625,0,-1,-0.020179372197309364,False
1981-10-01,165,73,2,low,,,,-2+1+2-1,0,,-1,0.3,0,-1,-0.06407322654462244,False
1981-11-01,166,73,2,low,,,,+1+2-1-2,0,,-1,0.4117647058823529,0,-1,-0.02933985330073352,False
1981-12-01,167,73,2,low,,,,+2-1-2-1,0,,-1,0.3,0,-1,-0.03778337531486142,False
1982-01-01,168,71,3,medium,,,,-1-2-1-1,0,,-1,0.3,0,-1,-0.020942408376963373,False
1982-02-01,169,71,3,medium,,,,-2-1-1-1,0,,-1,0.2903225806451613,0,-1,-0.14171122994652408,False
1982-03-01,170,71,3,medium,,,,-1-1-1-2,0,,-1,0.3888888888888889,0,1,0.052959501557632294,False
1982-04-01,171,71,3,medium,,,,-1-1-2+1,0,,1,0.6333333333333333,0,-1,-0.023668639053254448,False
1982-05-01,172,71,3,medium,,,,-1-2+1-1,0,,-1,0.2727272727272727,0,-1,-0.045454545454545414,False
1982-06-01,173,71,3,medium,,,,-2+1-1-1,0,,-1,0.2647058823529412,0,1,0.07619047619047614,False
1982-07-01,174,71,3,medium,,,,+1-1-1+2,0,,1,0.6,0,1,0.029498525073746285,False
1982-08-01,175,71,3,medium,,,,-1-1+2+1,0,,1,0.6129032258064516,0,1,0.2521489971346704,False
1982-09-01,176,71,3,medium,,,,-1+2+1+3,0,,1,0.782608695652174,0,-1,-0.03203661327231122,False
1982-10-01,177,71,3,medium,,,,+2+1+3-1,0,,-1,0.2777777777777778,0,1,0.0023640661938533203,False
1982-11-01,178,71,3,medium,,,,+1+3-1+1,0,,1,0.6129032258064516,0,1,0.05660377358490565,False
1982-12-01,179,71,3,medium,,,,+3-1+1+2,0,,1,0.6153846153846154,0,1,0.07366071428571419,False
1983-01-01,180,71,3,medium,,,,-1+1+2+2,0,,1,0.6153846153846154,0,1,0.01455301455301461,False
1983-02-01,181,71,3,medium,,,,+1+2+2+1,0,,1,0.625,0,-1,-0.11680327868852458,False
1983-03-01,182,71,3,medium,,,,+2+2+1-2,0,,-1,0.42105263157894735,0,1,0.004640371229698292,False
1983-04-01,183,71,3,medium,,,,+2+1-2+1,0,,1,0.6363636363636364,0,1,0.011547344110854452,False
1983-05-01,184,71,3,medium,,,,+1-2+1+1,0,,1,0.6363636363636364,0,-1,-0.05936073059360736,False
1983-06-01,185,71,3,medium,,,,-2+1+1-2,0,,-1,0.42105263157894735,0,1,0.024271844660194164,False
1983-07-01,186,71,3,medium,,,,+1+1-2+1,0,,1,0.6176470588235294,0,-1,-0.014218009478673022,False
1983-08-01,187,71,3,medium,,,,+1-2+1-1,0,,-1,0.2972972972972973,0,-1,-0.019230769230769273,False
1983-09-01,188,71,3,medium,,,,-2+1-1-1,0,,-1,0.2972972972972973,0,-1,-0.03431372549019607,False
1983-10-01,189,71,4,medium,,,,+1-1-1-1,0,,-1,0.2972972972972973,0,-1,-0.03807106598984766,False
1983-11-01,190,71,4,medium,,,,-1-1-1-2,-1,0.5714285714285714,-1,0.47619047619047616,0,1,0.005277044854881341,False
1983-12-01,191,71,4,medium,,,,-1-1-2+1,0,,1,0.5945945945945946,0,-1,-0.026246719160105014,False
1984-01-01,192,71,4,medium,,,,-1-2+1-1,0,,-1,0.28205128205128205,0,1,0.05121293800539073,False
1984-02-01,193,71,4,medium,,,,-2+1-1+2,0,,1,0.6428571428571429,0,1,0.01025641025641022,False
1984-03-01,194,71,4,medium,,,,+1-1+2+1,0,,1,0.5945945945945946,0,-1,-0.025380710659898442,False
1984-04-01,195,71,4,medium,,,,-1+2+1-1,0,,-1,0.275,0,-1,-0.01822916666666663,False
1984-05-01,196,71,4,medium,,,,+2+1-1-1,0,,-1,0.2926829268292683,0,1,0.0026525198938991412,False
1984-06-01,197,71,4,medium,,,,+1-1-1+1,0,,1,0.5789473684210527,0,-1,-0.07936507936507942,False
1984-07-01,198,63,5,high,,,,-1-1+1-2,0,,1,0.5,0,1,0.002873563218390718,False
1984-08-01,199,63,5,high,,,,-1+1-2+1,0,,1,0.5641025641025641,0,-1,-0.022922636103151817,False
1984-09-01,200,63,5,high,,,,+1-2+1-1,0,,-1,0.3023255813953488,0,0,0.0,False
1984-10-01,201,63,5,high,,,,-2+1-1+1,0,,1,0.55,0,0,0.0,False
1984-11-01,202,63,5,high,,,,+1-1+1+1,0,,1,0.55,0,-1,-0.058651026392961825,False
1984-12-01,203,63,5,high,,,,-1+1+1-2,0,,1,0.5217391304347826,0,-1,-0.052959501557632405,False
1985-01-01,204,63,5,high,,,,+1+1-2-2,0,,1,0.5217391304347826,0,-1,-0.016447368421052655,False
1985-02-01,205,63,5,high,,,,+1-2-2-1,0,,-1,0.29545454545454547,0,1,0.01672240802675584,False
1985-03-01,206,63,5,high,,,,-2-2-1+1,0,,1,0.5116279069767442,0,1,0.06907894736842102,False
1985-04-01,207,63,5,high,,,,-2-1+1+2,0,,1,0.6551724137931034,0,-1,-0.027692307692307683,False
1985-05-01,208,63,5,high,,,,-1+1+2-1,0,,-1,0.29545454545454547,0,1,0.0031645569620253333,False
1985-06-01,209,63,5,high,,,,+1+2-1+1,0,,1,0.5116279069767442,0,1,0.003154574132492094,False
1985-07-01,210,63,5,high,,,,+2-1+1+1,0,,1,0.5227272727272727,0,1,0.037735849056603765,False
1985-08-01,211,63,5,high,,,,-1+1+1+2,0,,1,0.6333333333333333,0,-1,-0.012121212121212088,False
1985-09-01,212,63,5,high,,,,+1+1+2-1,0,,-1,0.32608695652173914,0,0,0.0,False
1985-10-01,213,63,5,high,,,,+1+2-1+1,0,,1,0.5333333333333333,0,0,0.0,False
1985-11-01,214,63,5,high,,,,+2-1+1+1,0,,1,0.5434782608695652,0,-1,-0.006134969325153339,False
1985-12-01,215,63,5,high,,,,-1+1+1-1,0,,-1,0.32608695652173914,0,1,0.06481481481481488,False
1986-01-01,216,63,5,high,,,,+1+1-1+3,0,,1,0.75,0,-1,-0.017391304347826098,False
1986-02-01,217,63,5,high,,,,+1-1+3-1,0,,-1,0.3191489361702128,0,1,0.017699115044247815,False
1986-03-01,218,63,5,high,,,,-1+3-1+1,0,,1,0.5208333333333334,0,-1,-0.01449275362318836,False
1986-04-01,219,63,5,high,,,,+3-1+1-1,0,,-1,0.3333333333333333,0,1,0.0117647058823529,False
1986-05-01,220,63,5,high,,,,-1+1-1+1,0,,1,0.5208333333333334,0,-1,-0.005813953488372103,False
1986-06-01,221,63,5,high,,,,+1-1+1-1,0,,-1,0.3469387755102041,0,1,0.020467836257309857,False
1986-07-01,222,63,5,high,,,,-1+1-1+2,0,,1,0.6129032258064516,0,1,0.0773638968481376,False
1986-08-01,223,63,5,high,,,,+1-1+2+3,0,,1,0.72,0,1,0.11170212765957444,False
1986-09-01,224,63,5,high,,,,-1+2+3+3,0,,1,0.72,0,1,0.009569377990430672,False
1986-10-01,225,63,5,high,,,,+2+3+3+1,0,,1,0.5,0,-1,-0.06635071090047395,False
1986-11-01,226,63,5,high,,,,+3+3+1-3,0,,0,,0,-1,-0.005076142131979711,False
1986-12-01,227,63,5,high,,,,+3+1-3-1,0,,-1,0.37254901960784315,0,1,0.03826530612244894,False
1987-01-01,228,56,6,high,0.284028429373789,0.3326434870837867,0.21313159305293738,+1-3-1+2,0,,1,0.625,1,-1,-0.014742014742014753,False
1987-02-01,229,56,6,high,0.2831373860098294,0.3326434870837867,0.2124629645918405,-3-1+2-1,0,,-1,0.37254901960784315,-1,1,0.014962593516209433,False
1987-03-01,230,56,6,high,0.28897955724682167,0.3326434870837867,0.21684686118054977,-1+2-1+1,0,,-1,0.49019607843137253,-1,1,0.11547911547911549,False
1987-04-01,231,56,6,high,0.28933578710699415,0.3326434870837867,0.21711417187814078,+2-1+1+3,0,,1,0.7407407407407407,1,1,0.013215859030837107,False
1987-05-01,232,56,6,high,0.2885624195508243,0.3326434870837867,0.21653384595926942,-1+1+3+1,0,,-1,0.49019607843137253,-1,-1,-0.023913043478260843,False
1987-06-01,233,56,6,high,0.2753486166136988,0.3326434870837867,0.2066183636377063,+1+3+1-2,0,,-1,0.48,-1,1,0.00222717149220486,False
1987-07-01,234,56,6,high,0.27353277137334986,0.3326434870837867,0.20525577472480616,+3+1-2+1,0,,1,0.5,-1,1,0.02444444444444449,False
1987-08-01,235,56,6,high,0.27744509711491383,0.3326434870837867,0.20819153794991696,+1-2+1+2,0,,1,0.6060606060606061,1,-1,-0.002169197396963085,False
1987-09-01,236,56,6,high,0.2708154105694135,0.3326434870837867,0.20321669913536797,-2+1+2-1,0,,-1,0.39622641509433965,-1,1,0.010869565217391353,False
1987-10-01,237,56,6,high,0.2597651675202485,0.3326434870837867,0.1949247267089344,+1+2-1+1,0,,-1,0.49056603773584906,-1,1,0.006451612903225712,False
1987-11-01,238,56,6,high,0.2599915114683057,0.3326434870837867,0.19509457254561238,+2-1+1+1,0,,1,0.5,1,1,0.03846153846153855,False
1987-12-01,239,56,6,high,0.2561683073549076,0.3326434870837867,0.19222568514215208,-1+1+1+2,0,,1,0.5882352941176471,1,-1,-0.020576131687242816,False
1988-01-01,240,56,6,high,0.25604886173693864,0.3326434870837867,0.19213605455518218,+1+1+2-2,0,,1,0.5,-1,-1,-0.07563025210084029,False
1988-02-01,241,56,6,high,0.2555870902339282,0.3326434870837867,0.19178954665004025,+1+2-2-3,0,,0,,-1,1,0.002272727272727204,False
1988-03-01,242,56,6,high,0.2553798757310024,0.3326434870837867,0.1916340553240148,+2-2-3+1,0,,1,0.5178571428571429,1,1,0.024943310657596474,False
1988-04-01,243,56,6,high,0.25605968200057605,0.3326434870837867,0.1921441739537627,-2-3+1+2,0,,1,0.5714285714285714,-1,0,0.0,False
1988-05-01,244,56,6,high,0.24998689979203625,0.3326434870837867,0.18758722960413113,-3+1+2+1,0,,1,0.5178571428571429,-1,-1,-0.004424778761061954,False
1988-06-01,245,56,6,high,0.24172702038774563,0.3326434870837867,0.18138911324041734,+1+2+1-1,0,,-1,0.4074074074074074,1,-1,-0.028888888888888853,False
1988-07-01,246,56,6,high,0.2416595069439934,0.3326434870837867,0.18133845194622533,+2+1-1-2,0,,-1,0.48148148148148145,1,-1,-0.020594965675057253,False
1988-08-01,247,56,6,high,0.24172540078434845,0.3326434870837867,0.18138789790907564,+1-1-2-2,0,,-1,0.48148148148148145,1,-1,-0.05841121495327106,False
1988-09-01,248,56,6,high,0.24200369573417757,0.3326434870837867,0.18159672716650752,-1-2-2-3,0,,0,,1,1,0.007444168734491274,False
1988-10-01,249,56,6,high,0.24235480618949934,0.3326434870837867,0.1818601963229059,-2-2-3+1,0,,1,0.5172413793103449,1,1,0.03694581280788167,False
1988-11-01,250,56,6,high,0.2444415496647554,0.3326434870837867,0.18342606408535034,-2-3+1+2,0,,1,0.5555555555555556,-1,-1,-0.004750593824228044,False
1988-12-01,251,56,6,high,0.24501468472545285,0.3326434870837867,0.1838561378944766,-3+1+2-1,0,,-1,0.4,1,-1,-0.04534606205250602,False
1989-01-01,252,56,6,high,0.24505223924785313,0.3326434870837867,0.1838843183664215,+1+2-1-2,0,,-1,0.4482758620689655,-1,-1,-0.030000000000000027,False
1989-02-01,253,56,6,high,0.24468750995298738,0.3326434870837867,0.18361062979299522,+2-1-2-2,0,,-1,0.4482758620689655,-1,1,0.005154639175257714,False
1989-03-01,254,56,6,high,0.24545041077881113,0.3326434870837867,0.1841831016005101,-1-2-2+1,0,,1,0.5254237288135594,1,-1,-0.017948717948717996,False
1989-04-01,255,56,6,high,0.24540764252796066,0.3326434870837867,0.18415100880805285,-2-2+1-1,0,,-1,0.39285714285714285,-1,-1,-0.03394255874673624,False
1989-05-01,256,56,6,high,0.24080740087639496,0.3326434870837867,0.1806990415743913,-2+1-1-2,0,,-1,0.43333333333333335,-1,-1,-0.008108108108108136,False
1989-06-01,257,56,6,high,0.24014428532247,0.3326434870837867,0.1802014474613731,+1-1-2-1,-1,0.8571428571428572,-1,0.39285714285714285,-1,1,0.01089918256130784,False
1989-07-01,258,56,6,high,0.2387138587724179,0.3326434870837867,0.17912807220091068,-1-2-1+1,0,,1,0.5166666666666667,-1,-1,-0.013477088948787075,False
1989-08-01,259,56,7,high,0.22990348767629154,0.3326434870837867,0.1725168733457645,-2-1+1-1,0,,-1,0.38596491228070173,1,-1,-0.013661202185792365,False
1989-09-01,260,56,7,high,0.22496367428019826,0.3326434870837867,0.16881009546858217,-1+1-1-1,0,,-1,0.38596491228070173,1,1,0.013850415512465464,False
1989-10-01,261,56,7,high,0.22552715794476896,0.3326434870837867,0.1692329269835613,+1-1-1+1,0,,1,0.5166666666666667,-1,1,0.04371584699453557,False
1989-11-01,262,56,7,high,0.22381945149695992,0.3326434870837867,0.16795148414880431,-1-1+1+2,0,,1,0.5405405405405406,1,1,0.0732984293193717,False
1989-12-01,263,56,7,high,0.22451810652102633,0.3326434870837867,0.16847574666225065,-1+1+2+3,0,,1,0.75,-1,-1,-0.019512195121951237,False
1990-01-01,264,56,7,high,0.22545312151925767,0.3144241278664389,0.1715223547251914,+1+2+3-2,0,,-1,0.4375,-1,1,0.03233830845771135,False
1990-02-01,265,56,7,high,0.22548410349416337,0.3144241278664389,0.17154592548462044,+2+3-2+2,0,,1,0.5405405405405406,1,-1,-0.053012048192771055,False
1990-03-01,266,56,7,high,0.22518160385847852,0.3144241278664389,0.1713157869553043,+3-2+2-3,0,,0,,1,-1,-0.04580152671755722,False
1990-04-01,267,56,7,high,0.22468783508084778,0.3144241278664389,0.17094013288203935,-2+2-3-2,0,,-1,0.4375,-1,-1,-0.010666666666666713,False
1990-05-01,268,56,7,high,0.22543905767973893,0.3144241278664389,0.1715116551045586,+2-3-2-1,0,,-1,0.4,1,-1,-0.05121293800539084,False
1990-06-01,269,56,7,high,0.2242332687020956,0.3144241278664389,0.17059430357997835,-3-2-1-3,0,,0,,1,1,0.02840909090909083,False
1990-07-01,270,56,7,high,0.22588688494261966,0.3144241278664389,0.17185235735840998,-2-1-3+2,0,,1,0.5384615384615384,-1,1,0.07458563535911611,False
1990-08-01,271,56,7,high,0.22670420733951135,0.3144241278664389,0.1724741676094272,-1-3+2+3,0,,1,0.7241379310344828,1,-1,-0.0025706940874036244,False
1990-09-01,272,56,7,high,0.22760598882892924,0.3144241278664389,0.17316023344639692,-3+2+3-1,0,,-1,0.39344262295081966,-1,-1,-0.01804123711340211,False
1990-10-01,273,56,7,high,0.23116193163124488,0.3144241278664389,0.1758655571900257,+2+3-1-2,0,,-1,0.4411764705882353,1,1,0.005249343832020914,False
1990-11-01,274,56,7,high,0.23034969935596727,0.3144241278664389,0.17524761944979567,+3-1-2+1,0,,1,0.5161290322580645,-1,-1,-0.007832898172323799,False
1990-12-01,275,56,7,high,0.223019472839737,0.3144241278664389,0.16967086050203606,-1-2+1-1,0,,-1,0.39344262295081966,1,1,0.007894736842105177,False
1991-01-01,276,56,7,high,0.22029634180822488,0.3144241278664389,0.16759913116157404,-2+1-1+1,0,,1,0.5161290322580645,1,-1,-0.05483028720626637,False
1991-02-01,277,56,7,high,0.2204707972296437,0.3144241278664389,0.16773185500444962,+1-1+1-3,0,,1,0.5555555555555556,-1,1,0.0027624309392264568,False
1991-03-01,278,56,7,high,0.22037867179167603,0.3144241278664389,0.16766176694381946,-1+1-3+1,0,,1,0.5079365079365079,1,-1,-0.01377410468319562,False
1991-04-01,279,56,7,high,0.22061863341500765,0.3144241278664389,0.16784432721355608,+1-3+1-1,0,,-1,0.3968253968253968,-1,-1,-0.0027932960893854997,False
1991-05-01,280,56,7,high,0.21840631471187788,0.3144241278664389,0.16616121849984067,-3+1-1-1,0,,-1,0.3968253968253968,-1,1,0.025210084033613356,False
1991-06-01,281,56,7,high,0.20436403219681099,0.3144241278664389,0.1554779982078789,+1-1-1+2,0,,1,0.55,-1,1,0.005464480874316946,False
1991-07-01,282,56,7,high,0.20392837241645978,0.3144241278664389,0.1551465528462829,-1-1+2+1,0,,-1,0.49230769230769234,1,-1,-0.03260869565217395,False
1991-08-01,283,56,7,high,0.2026266253401674,0.3144241278664389,0.1541561974132878,-1+2+1-2,0,,-1,0.45714285714285713,1,-1,-0.0196629213483146,False
1991-09-01,284,56,7,high,0.20197725237657005,0.3144241278664389,0.15366216131806532,+2+1-2-2,0,,-1,0.45714285714285713,1,1,0.025787965616045794,False
1991-10-01,285,56,7,high,0.2003712627273525,0.3144241278664389,0.15244034134750195,+1-2-2+2,0,,1,0.5609756097560976,-1,1,0.005586592178770999,False
1991-11-01,286,56,7,high,0.19865285879749084,0.3144241278664389,0.15113299777899109,-2-2+2+1,0,,-1,0.48484848484848486,1,1,0.002777777777777768,False
1991-12-01,287,56,7,high,0.19965687584126368,0.3144241278664389,0.15189684334640513,-2+2+1+1,0,,-1,0.48484848484848486,1,-1,-0.01939058171745156,False
1992-01-01,288,56,7,high,0.19927335937092383,0.3144241278664389,0.15160506806458468,+2+1+1-2,0,,-1,0.4594594594594595,-1,-1,-0.005649717514124242,False
1992-02-01,289,56,7,high,0.19910944715764345,0.3144241278664389,0.15148036538315532,+1+1-2-1,0,,-1,0.4,-1,-1,-0.022727272727272707,False
1992-03-01,290,56,7,high,0.19749650196690272,0.3144241278664389,0.15025325371003131,+1-2-1-2,0,,-1,0.4594594594594595,-1,-1,-0.01744186046511631,False
1992-04-01,291,56,7,high,0.19430271076053318,0.3144241278664389,0.14782345107733494,-2-1-2-2,0,,-1,0.4594594594594595,1,-1,-0.00295857988165682,False
1992-05-01,292,56,7,high,0.1855427622179251,0.3144241278664389,0.14115897470559702,-1-2-2-1,0,,-1,0.4,-1,1,0.008902077151335286,False
1992-06-01,293,56,7,high,0.1818359508407148,0.3144241278664389,0.13833887174292,-2-2-1+1,0,,-1,0.4852941176470588,-1,1,0.038235294117647145,False
1992-07-01,294,56,7,high,0.1826840098111806,0.3144241278664389,0.13898406605462393,-2-1+1+2,0,,1,0.5714285714285714,1,-1,-0.031161473087818692,False
1992-08-01,295,56,7,high,0.184135904655373,0.3144241278664389,0.14008865232431533,-1+1+2-2,0,,-1,0.425,-1,1,0.00877192982456143,False
1992-09-01,296,56,7,high,0.18406601522036703,0.3144241278664389,0.14003548117999118,+1+2-2+1,0,,-1,0.4852941176470588,-1,-1,-0.0028985507246376274,False
1992-10-01,297,56,7,high,0.1837811988326966,0.3144241278664389,0.13981879587908094,+2-2+1-1,0,,-1,0.40298507462686567,-1,-1,-0.023255813953488413,False
1992-11-01,298,56,7,high,0.18192922725399363,0.3144241278664389,0.13840983545341598,-2+1-1-2,0,,-1,0.425,1,-1,-0.005952380952380931,False
1992-12-01,299,56,7,high,0.17498258143823686,0.3144241278664389,0.13312490065308444,+1-1-2-1,-1,0.75,-1,0.40298507462686567,-1,-1,-0.014970059880239472,False
1993-01-01,300,56,7,high,0.17432919375666656,0.3144241278664389,0.13262781020281184,-1-2-1-2,-1,0.5555555555555556,-1,0.43902439024390244,-1,0,0.0,False
1993-02-01,301,56,7,high,0.17435102079060794,0.3144241278664389,0.1326444159798047,-2-1-2+1,0,,-1,0.4857142857142857,-1,1,0.003039513677811634,False
1993-03-01,302,56,7,high,0.17593690127480366,0.3144241278664389,0.13385093710991353,-1-2+1+1,0,,-1,0.4857142857142857,1,1,0.036363636363636376,False
1993-04-01,303,56,7,high,0.174204300095671,0.3144241278664389,0.13253279242403881,-2+1+1+2,0,,1,0.5581395348837209,-1,1,0.07309941520467844,False
1993-05-01,304,56,7,high,0.17503308468563572,0.3144241278664389,0.13316332299053868,+1+1+2+3,0,,1,0.7,1,1,0.008174386920980936,False
1993-06-01,305,56,7,high,0.17496150957405698,0.3144241278664389,0.13310886940127375,+1+2+3+1,0,,-1,0.49295774647887325,1,1,0.06216216216216219,False
1993-07-01,306,56,7,high,0.1745565887483298,0.3144241278664389,0.1328008099118421,+2+3+1+3,0,,1,0.7,-1,-1,-0.0330788804071247,False
1993-08-01,307,56,7,high,0.17327099362569465,0.3144241278664389,0.13182274271467195,+3+1+3-2,0,,-1,0.4186046511627907,1,-1,-0.06578947368421051,False
1993-09-01,308,56,7,high,0.1691101084348282,0.3144241278664389,0.12865718518825894,+1+3-2-3,0,,1,0.6,-1,1,0.016901408450704203,False
1993-10-01,309,56,7,high,0.16902487295918256,0.3144241278664389,0.12859233893822547,+3-2-3+2,0,,1,0.5681818181818182,-1,1,0.03601108033241007,False
1993-11-01,310,56,7,high,0.1750809815983697,0.3144241278664389,0.13319976245609513,-2-3+2+2,0,,1,0.5681818181818182,1,1,0.02406417112299475,False
1993-12-01,311,56,7,high,0.17539466420680017,0.3144241278664389,0.1334384088730166,-3+2+2+2,0,,1,0.5681818181818182,-1,1,0.0026109660574411553,False
1994-01-01,312,56,7,high,0.17417979434581576,0.3144241278664389,0.1325141487082581,+2+2+2+1,0,,1,0.5068493150684932,-1,-1,-0.0078125,False
1994-02-01,313,56,7,high,0.17402473364322169,0.3144241278664389,0.1323961801627128,+2+2+1-1,0,,-1,0.391304347826087,-1,1,0.007874015748031482,False
1994-03-01,314,56,7,high,0.16987640119395353,0.3144241278664389,0.12924017262958748,+2+1-1+1,0,,1,0.5068493150684932,-1,-1,-0.02083333333333337,False
1994-04-01,315,56,7,high,0.17045378382004417,0.3144241278664389,0.1296794392360426,+1-1+1-2,0,,-1,0.4090909090909091,1,1,0.005319148936170137,False
1994-05-01,316,56,7,high,0.17004773844730092,0.3144241278664389,0.12937052420311307,-1+1-2+1,0,,1,0.5,1,1,0.0185185185185186,False
1994-06-01,317,56,7,high,0.1705855644132589,0.3144241278664389,0.1297796965201421,+1-2+1+2,0,,1,0.5957446808510638,1,0,0.0,False
1994-07-01,318,56,7,high,0.16966045150447862,0.3144241278664389,0.1290758803856331,-2+1+2+1,0,,-1,0.49333333333333335,1,-1,-0.012987012987012991,False
1994-08-01,319,56,7,high,0.1717660892254479,0.3144241278664389,0.13067782733436048,+1+2+1-1,0,,-1,0.4,-1,1,0.03684210526315779,False
1994-09-01,320,56,7,high,0.1708518241945638,0.2922826837675681,0.13220932721659331,+2+1-1+2,0,,1,0.5957446808510638,1,-1,-0.010152284263959421,False
1994-10-01,321,56,7,high,0.1710929052402883,0.2922826837675681,0.1323958816359574,+1-1+2-1,0,,-1,0.4,-1,-1,-0.012820512820512775,False
1994-11-01,322,56,7,high,0.17077816759809972,0.2922826837675681,0.13215232993775544,-1+2-1-1,0,,-1,0.4,1,-1,-0.012987012987012991,False
1994-12-01,323,56,7,high,0.16910571294784804,0.2922826837675681,0.13085814355635492,+2-1-1-1,0,,-1,0.4084507042253521,-1,-1,-0.0052631578947368585,False
1995-01-01,324,63,8,high,0.24870747016170036,0.2706299092119864,0.1957355704903426,-1-1-1-1,-1,0.6666666666666667,-1,0.4084507042253521,1,-1,-0.002645502645502673,True
1995-02-01,325,63,8,high,0.24942360558265053,0.2706299092119864,0.196299177104478,-1-1-1-1,-1,0.6666666666666667,-1,0.4027777777777778,-1,1,0.01591511936339529,True
1995-03-01,326,63,8,high,0.24909847626567494,0.2706299092119864,0.19604329668279233,-1-1-1+2,0,,1,0.5714285714285714,-1,1,0.02088772845953013,True
1995-04-01,327,63,8,high,0.2492530563654617,0.2706299092119864,0.1961649529563194,-1-1+2+2,0,,1,0.5714285714285714,1,-1,-0.012787723785166238,True
1995-05-01,328,63,8,high,0.24856716142911828,0.2706299092119864,0.1956251459429863,-1+2+2-1,0,,-1,0.38666666666666666,-1,1,0.005181347150259086,True
1995-06-01,329,63,8,high,0.24424908675465307,0.2706299092119864,0.19222677270845165,+2+2-1+1,0,,-1,0.4935064935064935,-1,-1,-0.002577319587628857,True
1995-07-01,330,63,8,high,0.2435033633164041,0.2706299092119864,0.1916398799926085,+2-1+1-1,0,,-1,0.39473684210526316,1,-1,-0.01033591731266148,False
1995-08-01,331,63,8,high,0.24272394731967561,0.2706299092119864,0.19102647085507934,-1+1-1-1,0,,-1,0.39473684210526316,1,0,0.0,False
1995-09-01,332,63,8,high,0.24153781551497888,0.2706299092119864,0.19009297181173293,+1-1-1+1,0,,-1,0.4935064935064935,1,0,0.0,False
1995-10-01,333,63,8,high,0.24131550267815505,0.2706299092119864,0.18991800911393075,-1-1+1+1,0,,-1,0.48717948717948717,-1,1,0.007832898172323688,False
1995-11-01,334,63,8,high,0.24145850665588864,0.2706299092119864,0.1900305548494725,-1+1+1+1,0,,-1,0.48717948717948717,-1,1,0.005181347150259086,False
1995-12-01,335,63,8,high,0.24215496221476474,0.2706299092119864,0.1905786731912704,+1+1+1+1,0,,-1,0.48717948717948717,-1,1,0.028350515463917425,False
1996-01-01,336,63,8,high,0.24015773556170206,0.2706299092119864,0.1890068333985952,+1+1+1+2,0,,1,0.5686274509803921,1,1,0.012531328320801949,False
1996-02-01,337,63,8,high,0.23645538196999816,0.2706299092119864,0.1860930395669987,+1+1+2+2,0,,1,0.5686274509803921,-1,-1,-0.017326732673267342,False
1996-03-01,338,63,8,high,0.23552284670817547,0.2706299092119864,0.18535912384924183,+1+2+2-2,0,,-1,0.4222222222222222,-1,-1,-0.012594458438287104,False
1996-04-01,339,63,8,high,0.234807029018818,0.2706299092119864,0.18479576729343605,+2+2-2-1,0,,-1,0.3924050632911392,-1,1,0.0025510204081633514,False
1996-05-01,340,63,8,high,0.23113384276177062,0.2706299092119864,0.1819049284815861,+2-2-1+1,0,,1,0.5,1,-1,-0.020356234096692072,False
1996-06-01,341,63,8,high,0.23121072692182498,0.2706299092119864,0.18196543717849065,-2-1+1-2,0,,-1,0.4222222222222222,1,-1,-0.0051948051948051965,False
1996-07-01,342,63,8,high,0.23118280785990886,0.2706299092119864,0.1819434645634013,-1+1-2-1,0,,-1,0.3924050632911392,-1,1,0.010443864229765065,False
1996-08-01,343,63,8,high,0.23162482875076507,0.2706299092119864,0.18229133996571284,+1-2-1+2,0,,1,0.5660377358490566,1,-1,-0.01033591731266148,False
1996-09-01,344,63,8,high,0.23099884418970817,0.2706299092119864,0.1817986830901596,-2-1+2-2,0,,-1,0.41304347826086957,-1,-1,-0.005221932114882533,False
1996-10-01,345,63,8,high,0.23134221493617912,0.2706299092119864,0.1820689197215985,-1+2-2-1,0,,-1,0.4,-1,-1,-0.007874015748031482,False
1996-11-01,346,63,8,high,0.2312058694605843,0.2706299092119864,0.18196161430197447,+2-2-1-2,0,,-1,0.40425531914893614,1,-1,-0.023809523809523836,False
1996-12-01,347,63,8,high,0.2296981066076147,0.2706299092119864,0.18077498801367572,-2-1-2-3,0,,1,0.6363636363636364,1,-1,-0.03794037940379402,False
1997-01-01,348,63,8,high,0.23042911101950247,0.2706299092119864,0.18135029669056743,-1-2-3-3,0,,1,0.6363636363636364,1,-1,-0.025352112676056304,False
1997-02-01,349,63,8,high,0.2310267279650816,0.2706299092119864,0.1818206279343438,-2-3-3-3,0,,1,0.6363636363636364,1,1,0.014450867052023142,False
1997-03-01,350,63,8,high,0.2320740550902033,0.2706299092119864,0.18264488613693183,-3-3-3+2,0,,1,0.5555555555555556,-1,-1,-0.022792022792022748,False
1997-04-01,351,63,8,high,0.23482045275496244,0.2706299092119864,0.18480633192444867,-3-3+2-2,0,,-1,0.3877551020408163,-1,0,0.0,False
1997-05-01,352,63,8,high,0.2346130047539705,0.2706299092119864,0.18464306801928798,-3+2-2+1,0,,-1,0.4939759036144578,1,-1,-0.005830903790087438,False
1997-06-01,353,63,8,high,0.23129110369139594,0.2706299092119864,0.18202869459828552,+2-2+1-1,0,,-1,0.4024390243902439,-1,-1,-0.04692082111436946,False
1997-07-01,354,63,8,high,0.23222159815761068,0.2706299092119864,0.18276100418699323,-2+1-1-3,0,,1,0.5714285714285714,-1,-1,-0.003076923076923088,False
1997-08-01,355,63,8,high,0.2346868930047652,0.25250951044824327,0.18737334211600226,+1-1-3-1,0,,-1,0.4024390243902439,1,-1,-0.0030864197530864335,False
1997-09-01,356,63,8,high,0.234515256974135,0.25250951044824327,0.1872363084015287,-1-3-1-1,0,,-1,0.4024390243902439,1,1,0.006191950464396356,False
1997-10-01,357,63,8,high,0.23483321459431428,0.25250951044824327,0.18749016485333758,-3-1-1+1,0,,-1,0.4880952380952381,-1,-1,-0.055384615384615365,False
1997-11-01,358,63,8,high,0.23604728091665295,0.25250951044824327,0.18845947192223494,-1-1+1-3,0,,1,0.5333333333333333,-1,-1,-0.055374592833876246,False
1997-12-01,359,67,9,high,0.20689855844874705,0.2907717804433839,0.16029058086292897,-1+1-3-3,0,,1,0.5333333333333333,-1,1,0.0034482758620688614,False
1998-01-01,360,67,9,high,0.20707406440853615,0.2907717804433839,0.160426550646626,+1-3-3+1,0,,-1,0.4880952380952381,1,1,0.01718213058419238,False
1998-02-01,361,67,9,high,0.20712242827668326,0.2907717804433839,0.16046401960037898,-3-3+1+2,0,,1,0.5454545454545454,-1,-1,-0.0033783783783783994,False
1998-03-01,362,67,9,high,0.20300252923711726,0.2907717804433839,0.1572722090092373,-3+1+2-1,0,,-1,0.4,-1,1,0.04406779661016946,False
1998-04-01,363,67,9,high,0.20557274036694395,0.2907717804433839,0.15926342943159874,+1+2-1+3,0,,1,0.6875,1,-1,-0.02922077922077926,False
1998-05-01,364,67,9,high,0.2042340421355976,0.2907717804433839,0.15822629935823557,+2-1+3-2,0,,-1,0.38,1,-1,-0.02341137123745818,False
1998-06-01,365,67,9,high,0.20438157883162,0.2907717804433839,0.15834060050601223,-1+3-2-2,0,,-1,0.38,-1,1,0.006849315068493178,False
1998-07-01,366,67,9,high,0.20457319427548315,0.2907717804433839,0.15848905079503026,+3-2-2+1,0,,-1,0.4883720930232558,-1,-1,-0.03401360544217691,False
1998-08-01,367,67,9,high,0.20078034804329403,0.2907717804433839,0.15555061792126054,-2-2+1-3,0,,1,0.5294117647058824,1,1,0.01760563380281699,False
1998-09-01,368,67,9,high,0.20200140854776283,0.2907717804433839,0.15649661048398095,-2+1-3+2,0,,1,0.5357142857142857,1,1,0.02422145328719716,False
1998-10-01,369,67,9,high,0.19907946825929612,0.2907717804433839,0.15423289482739677,+1-3+2+2,0,,1,0.5357142857142857,1,-1,-0.0033783783783783994,False
1998-11-01,370,67,9,high,0.198975159733638,0.2907717804433839,0.1541520838527237,-3+2+2-1,0,,-1,0.4069767441860465,1,-1,-0.01016949152542368,False
1998-12-01,371,67,9,high,0.20222053995289202,0.2907717804433839,0.15666637822174007,+2+2-1-1,0,,-1,0.4069767441860465,1,-1,-0.017123287671232834,False
1999-01-01,372,67,9,high,0.20153407486960107,0.2907717804433839,0.15613455292644646,+2-1-1-2,0,,-1,0.38461538461538464,1,0,0.0,False
1999-02-01,373,67,9,high,0.2012274571634044,0.2907717804433839,0.15589700690100472,-1-1-2+1,0,,-1,0.4827586206896552,-1,-1,-0.010452961672473893,False
1999-03-01,374,67,9,high,0.20127273156434855,0.2907717804433839,0.15593208235092554,-1-2+1-1,0,,-1,0.40229885057471265,-1,-1,-0.007042253521126751,False
1999-04-01,375,67,9,high,0.20116026406546572,0.2588979814526512,0.15979075908386592,-2+1-1-1,-1,0.625,-1,0.3977272727272727,1,-1,-0.01773049645390068,False
1999-05-01,376,67,9,high,0.20018957014306094,0.2588979814526512,0.15901969269349434,+1-1-1-2,0,,-1,0.37735849056603776,1,-1,-0.0577617328519856,False
1999-06-01,377,67,9,high,0.19941813245348905,0.2588979814526512,0.15840690460348428,-1-1-2-3,0,,1,0.5555555555555556,-1,-1,-0.01532567049808431,False
1999-07-01,378,67,9,high,0.19971514336730622,0.2588979814526512,0.15864283389894193,-1-2-3-2,0,,-1,0.37735849056603776,-1,0,0.0,False
1999-08-01,379,67,9,high,0.20001192167622683,0.2588979814526512,0.15887857842573683,-2-3-2+1,0,,-1,0.4772727272727273,-1,1,0.04669260700389111,False
1999-09-01,380,67,9,high,0.19979863120223673,0.2588979814526512,0.15870915208847,-3-2+1+3,0,,1,0.6666666666666666,1,1,0.16356877323420083,False
1999-10-01,381,67,9,high,0.186080145730823,0.2588979814526512,0.14781193430471926,-2+1+3+3,0,,1,0.6666666666666666,-1,-1,-0.06389776357827481,False
1999-11-01,382,67,9,high,0.18554275761797867,0.2588979814526512,0.14738506245270133,+1+3+3-3,0,,1,0.5263157894736842,1,-1,-0.03412969283276446,False
1999-12-01,383,67,9,high,0.18557152839404356,0.2588979814526512,0.14740791639042208,+3+3-3-2,0,,-1,0.36363636363636365,1,1,0.0035335689045936647,False
2000-01-01,384,67,9,high,0.18381952895316978,0.2588979814526512,0.14601622344414208,+3-3-2+1,0,,-1,0.48314606741573035,-1,1,0.052816901408450745,False
2000-02-01,385,67,9,high,0.18298474992221359,0.2588979814526512,0.1453531204419489,-3-2+1+2,0,,1,0.5344827586206896,-1,-1,-0.04347826086956519,False
2000-03-01,386,67,9,high,0.1851166349601162,0.2588979814526512,0.14704657381887992,-2+1+2-2,0,,-1,0.36363636363636365,1,-1,-0.027972027972028024,False
2000-04-01,387,67,9,high,0.18498655561368738,0.2588979814526512,0.14694324586987587,+1+2-2-2,0,,-1,0.375,1,-1,-0.010791366906474864,False
2000-05-01,388,67,9,high,0.18443230131604593,0.2588979814526512,0.14650297643914575,+2-2-2-1,0,,-1,0.3888888888888889,-1,1,0.036363636363636376,False
2000-06-01,389,67,9,high,0.18534005165919631,0.2588979814526512,0.14722404387790908,-2-2-1+2,0,,1,0.5254237288135594,-1,-1,-0.010526315789473717,False
2000-07-01,390,67,9,high,0.18682498123873825,0.2588979814526512,0.14840359107031023,-2-1+2-1,0,,-1,0.3888888888888889,-1,-1,-0.028723425898991573,False
2000-08-01,391,67,9,high,0.18330336094369815,0.2588979814526512,0.14560620768664917,-1+2-1-2,0,,-1,0.3620689655172414,1,1,0.011318021805751588,False
2000-09-01,392,67,9,high,0.18067324138802876,0.2588979814526512,0.14351698394142204,+2-1-2+1,0,,-1,0.4888888888888889,-1,-1,-0.014079400348319004,False
2000-10-01,393,67,9,high,0.18096449837011763,0.2588979814526512,0.14374834262685957,-1-2+1-1,0,,-1,0.3956043956043956,1,-1,-0.03368733797663881,False
2000-11-01,394,67,9,high,0.1812155809200381,0.2588979814526512,0.1439477889311826,-2+1-1-2,-1,0.875,-1,0.3620689655172414,1,1,0.01818877764896687,False
2000-12-01,395,67,9,high,0.18221222869232623,0.2588979814526512,0.14473947164651915,+1-1-2+1,0,,-1,0.4888888888888889,1,-1,-0.0011165548824602078,False
2001-01-01,396,67,9,high,0.18220628441357112,0.2588979814526512,0.1447347498351868,-1-2+1-1,0,,-1,0.391304347826087,-1,1,0.00037260099027491833,False
2001-02-01,397,67,9,high,0.1824709118466853,0.2588979814526512,0.14494495545709812,-2+1-1+1,0,,-1,0.4835164835164835,-1,-1,-0.012290457329492521,False
2001-03-01,398,67,9,high,0.1820224209167971,0.2588979814526512,0.14458869868610016,+1-1+1-1,-1,0.7142857142857143,-1,0.3870967741935484,1,-1,-0.03619911637116102,False
2001-04-01,399,67,9,high,0.18212823534607703,0.2588979814526512,0.1446727519063284,-1+1-1-2,-1,0.6666666666666667,-1,0.38333333333333336,-1,1,0.034428746411707234,False
2001-05-01,400,67,9,high,0.17923153254124213,0.2588979814526512,0.14237176894542766,+1-1-2+2,0,,1,0.5166666666666667,-1,1,0.007564296695040884,False
2001-06-01,401,67,9,high,0.17708953507573377,0.2588979814526512,0.1406702828067044,-1-2+2+1,1,0.8571428571428571,-1,0.4731182795698925,-1,1,0.011261261519269095,False
2001-07-01,402,67,9,high,0.1773384584799481,0.2588979814526512,0.1408680140032602,-2+2+1+1,0,,-1,0.4731182795698925,1,-1,-0.007423905142212028,False
2001-08-01,403,67,9,high,0.17279960954284013,0.2588979814526512,0.13726259958209278,+2+1+1-1,0,,-1,0.3894736842105263,1,1,0.015706852292065365,False
2001-09-01,404,67,9,high,0.1735833673336009,0.2588979814526512,0.1378851740895651,+1+1-1+1,1,0.5714285714285714,-1,0.4731182795698925,1,1,0.07584685434677163,False
2001-10-01,405,67,9,high,0.1734837340864931,0.2588979814526512,0.1378060308638425,+1-1+1+3,0,,1,0.6571428571428571,-1,-1,-0.042778916761794794,False
2001-11-01,406,67,9,high,0.17262278135235165,0.2588979814526512,0.137122136897194,-1+1+3-2,0,,-1,0.39344262295081966,1,-1,-0.010010790805666248,False
2001-12-01,407,67,9,high,0.1727806766271801,0.2588979814526512,0.13724756030493215,+1+3-2-1,0,,-1,0.3958333333333333,1,1,0.007222824283440232,False
2002-01-01,408,67,9,high,0.17283826194136054,0.2588979814526512,0.1372933029425635,+3-2-1+1,0,,-1,0.4791666666666667,-1,1,0.025457175542825006,False
2002-02-01,409,67,9,high,0.17458586910701623,0.2588979814526512,0.13868150690460268,-2-1+1+2,0,,1,0.5245901639344263,-1,1,0.04195804195804187,False
2002-03-01,410,67,9,high,0.1741762528231311,0.2588979814526512,0.1383561300353726,-1+1+2+2,0,,1,0.5245901639344263,1,1,0.01744970539272228,False
2002-04-01,411,67,9,high,0.1729185487269781,0.2588979814526512,0.1373570783928386,+1+2+2+1,0,,-1,0.4791666666666667,-1,1,0.019459081988610683,False
2002-05-01,412,67,9,high,0.17079508911715346,0.2588979814526512,0.1356703177171448,+2+2+1+1,0,,-1,0.4845360824742268,-1,1,0.05693952040111405,False
2002-06-01,413,67,9,high,0.17106642407774963,0.2588979814526512,0.1358858514336125,+2+1+1+2,0,,1,0.532258064516129,-1,-1,-0.03887362024028085,False
2002-07-01,414,67,9,high,0.1705681721676876,0.2588979814526512,0.13549006724982415,+1+1+2-2,0,,-1,0.3870967741935484,1,-1,-0.031847133757961776,False
2002-08-01,415,67,9,high,0.17051083604551032,0.2588979814526512,0.1354445225567497,+1+2-2-2,0,,-1,0.3870967741935484,1,1,0.030921032554224848,False
2002-09-01,416,67,9,high,0.17065565818521877,0.2588979814526512,0.13555956137787908,+2-2-2+2,0,,1,0.5396825396825397,1,1,0.02393107895999913,False
2002-10-01,417,62,11,high,0.13566028485499537,0.32864809208340784,0.10210400004584441,-2-2+2+2,0,,1,0.53125,-1,-1,-0.00654411387802345,False
2002-11-01,418,62,11,high,0.1355814628372346,0.32864809208340784,0.10204467506865111,-2+2+2-1,0,,-1,0.4020618556701031,-1,-1,-0.0037640581411577667,False
2002-12-01,419,62,11,high,0.1362363924464559,0.32864809208340784,0.10253760439517755,+2+2-1-1,0,,-1,0.4020618556701031,-1,1,0.08973551464829299,False
2003-01-01,420,62,11,high,0.1352558732189182,0.32864809208340784,0.10179962175449186,+2-1-1+3,0,,1,0.6388888888888888,-1,1,0.07136660287161489,False
2003-02-01,421,62,11,high,0.13553571556941357,0.32864809208340784,0.1020102436280811,-1-1+3+3,0,,1,0.6388888888888888,1,-1,-0.05825236326058758,False
2003-03-01,422,62,11,high,0.13553306516411212,0.32864809208340784,0.10200824881446775,-1+3+3-3,0,,1,0.5,1,-1,-0.042669026040092706,False
2003-04-01,423,62,11,high,0.1355680993084889,0.32864809208340784,0.10203461707901088,+3+3-3-2,0,,-1,0.390625,1,1,0.023332391849734124,False
2003-05-01,424,62,11,high,0.13230687889389403,0.32864809208340784,0.09958007668262867,+3-3-2+2,0,,1,0.5303030303030303,1,1,0.06986259418321228,False
2003-06-01,425,62,11,high,0.12977931256676034,0.32864809208340784,0.0976777171773587,-3-2+2+3,0,,1,0.631578947368421,-1,-1,-0.039890727058785824,False
2003-07-01,426,62,11,high,0.13046002466698658,0.32864809208340784,0.09819005156016644,-2+2+3-2,0,,-1,0.390625,1,-1,-0.01508249255840921,False
2003-08-01,427,62,11,high,0.13032394731614727,0.32864809208340784,0.09808763365760058,+2+3-2-1,0,,-1,0.40404040404040403,1,1,0.078301085309459,False
2003-09-01,428,62,11,high,0.1304799771316565,0.32864809208340784,0.09820506867778306,+3-2-1+3,0,,1,0.631578947368421,-1,1,0.029742698882281093,False
2003-10-01,429,62,11,high,0.13492930900190347,0.32864809208340784,0.10155383491374712,-2-1+3+2,0,,1,0.5373134328358209,1,-1,-0.018995545211678122,False
2003-11-01,430,62,11,high,0.13534536518433415,0.32864809208340784,0.10186697741168145,-1+3+2-1,0,,-1,0.40404040404040403,-1,1,0.0681697936526029,False
2003-12-01,431,62,11,high,0.13536140801862273,0.32864809208340784,0.10187905196654978,+3+2-1+3,0,,1,0.6153846153846154,-1,1,0.05388622059017201,False
2004-01-01,432,62,11,high,0.1376575821803575,0.32864809208340784,0.10360725537527499,+2-1+3+2,0,,1,0.5373134328358209,1,-1,-0.060556036896931675,False
2004-02-01,433,62,11,high,0.1371701493486166,0.32864809208340784,0.10324039161756124,-1+3+2-3,0,,-1,0.47619047619047616,1,1,0.0015048296151689566,False
2004-03-01,434,62,11,high,0.13671992042773284,0.32864809208340784,0.10290152918772268,+3+2-3+1,0,,-1,0.494949494949495,-1,1,0.0713749082676578,False
2004-04-01,435,62,11,high,0.13640537450423507,0.32864809208340784,0.10266478785239698,+2-3+1+3,0,,1,0.6341463414634146,1,-1,-0.09537164319114855,False
2004-05-01,436,62,11,high,0.13403777473095013,0.32864809208340784,0.10088282633271994,-3+1+3-3,0,,-1,0.47619047619047616,1,1,0.01963825866541513,False
2004-06-01,437,62,11,high,0.13229149660133865,0.32864809208340784,0.09956849928102246,+1+3-3+1,0,,-1,0.494949494949495,-1,1,0.00354788108167714,False
2004-07-01,438,62,11,high,0.131999493977906,0.32864809208340784,0.09934872504195004,+3-3+1+1,0,,1,0.5,-1,-1,-0.01085855503274924,False
2004-08-01,439,62,11,high,0.13325400219409222,0.32864809208340784,0.10029292405420999,-3+1+1-1,0,,-1,0.4158415841584158,1,1,0.04365579538685149,False
2004-09-01,440,62,11,high,0.13073182464684474,0.32864809208340784,0.09839462038578524,+1+1-1+2,0,,1,0.5217391304347826,1,1,0.026174198939678428,False
2004-10-01,441,62,11,high,0.1303610846303529,0.32864809208340784,0.09811558486185618,+1-1+2+2,0,,1,0.5217391304347826,-1,1,0.01859353466738667,False
2004-11-01,442,62,11,high,0.13021194238856693,0.32864809208340784,0.09800333373781918,-1+2+2+1,0,,1,0.5,1,1,0.06248540362694266,False
2004-12-01,443,62,11,high,0.1299354116523066,0.32864809208340784,0.0977952043332703,+2+2+1+2,0,,1,0.5217391304347826,-1,-1,-0.055726845358961885,False
2005-01-01,444,62,11,high,0.12685091223148648,0.32864809208340784,0.0954736720635905,+2+1+2-2,0,,-1,0.3939393939393939,-1,-1,-0.018427861416172475,False
2005-02-01,445,62,11,high,0.1270958148069804,0.32864809208340784,0.09565799669925072,+1+2-2-1,0,,-1,0.4215686274509804,1,1,0.02875476819041367,False
2005-03-01,446,62,11,high,0.12718263524641793,0.32864809208340784,0.09572334164646047,+2-2-1+2,0,,1,0.5352112676056338,1,-1,-0.01617001639799942,False
2005-04-01,447,62,11,high,0.1295221769979974,0.32864809208340784,0.09748418544363999,-2-1+2-1,0,,-1,0.4215686274509804,-1,1,0.008452702876512896,False
2005-05-01,448,62,11,high,0.12872250095081783,0.32864809208340784,0.09688231347171278,-1+2-1+1,0,,1,0.5048543689320388,1,-1,-0.03306172807224983,False
2005-06-01,449,62,11,high,0.12864677801521462,0.32864809208340784,0.09682532100240929,+2-1+1-2,0,,-1,0.3880597014925373,1,1,0.030098724698810697,False
2005-07-01,450,62,11,high,0.12882704515010523,0.32864809208340784,0.09696099811357568,-1+1-2+2,0,,1,0.5205479452054794,-1,1,0.009583932259249694,False
2005-08-01,451,62,11,high,0.12853676606291198,0.32864809208340784,0.09674252108499087,+1-2+2+1,0,,1,0.5048543689320388,-1,1,0.02407963427519033,False
2005-09-01,452,62,11,high,0.12852909841834192,0.32864809208340784,0.09673675007262444,-2+2+1+2,0,,1,0.5205479452054794,1,1,0.05380967435542239,False
2005-10-01,453,62,11,high,0.12865063487937556,0.32864809208340784,0.09682822385093925,+2+1+2+2,0,,1,0.5205479452054794,1,-1,-0.015661914213589756,False
2005-11-01,454,62,11,high,0.12900939375120835,0.32864809208340784,0.09709824182934182,+1+2+2-1,0,,-1,0.4326923076923077,-1,1,0.09524850342138791,False
2005-12-01,455,62,11,high,0.1289319380201006,0.32864809208340784,0.0970399451806135,+2+2-1+3,0,,1,0.6190476190476191,-1,1,0.05611942727767416,False
2006-01-01,456,62,11,high,0.12715146846011094,0.32864809208340784,0.09569988412863262,+2-1+3+2,0,,1,0.5333333333333333,1,1,0.07292257644029232,False
2006-02-01,457,62,11,high,0.12823249383264002,0.32864809208340784,0.09651351219084883,-1+3+2+3,0,,1,0.6190476190476191,-1,-1,-0.010361826766926985,False
2006-03-01,458,62,11,high,0.12614197236550906,0.32864809208340784,0.09494009220132181,+3+2+3-1,0,,-1,0.4380952380952381,1,1,0.045962776245008774,False
2006-04-01,459,62,11,high,0.12414175368529135,0.32864809208340784,0.09343463812952073,+2+3-1+2,0,,1,0.5263157894736842,1,1,0.11554118216000653,False
2006-05-01,460,62,11,high,0.12165793393668889,0.32864809208340784,0.09156520425654714,+3-1+2+3,0,,1,0.627906976744186,-1,-1,-0.04547532230275664,False
2006-06-01,461,62,11,high,0.12276672337749894,0.32864809208340784,0.09239972879876163,-1+2+3-2,0,,-1,0.39705882352941174,1,-1,-0.000477992040532893,False
2006-07-01,462,62,11,high,0.12293441715010167,0.32864809208340784,0.09252594263491727,+2+3-2-1,0,,-1,0.44339622641509435,-1,1,0.03028853876890336,False
2006-08-01,463,62,11,high,0.12303141168080522,0.32864809208340784,0.09259894505841938,+3-2-1+2,0,,1,0.5384615384615384,1,-1,-0.033885136612321176,False
2006-09-01,464,62,11,high,0.123731618817154,0.32864809208340784,0.09312595227765288,-2-1+2-2,0,,-1,0.39705882352941174,-1,-1,-0.04276106848664296,False
2006-10-01,465,62,11,high,0.12471678586382062,0.32864809208340784,0.09386743307496606,-1+2-2-2,0,,-1,0.391304347826087,1,1,0.031621152740347824,False
2006-11-01,466,62,11,high,0.12470808617542095,0.32864809208340784,0.09386088530023812,+2-2-2+2,0,,1,0.5384615384615384,1,1,0.045572555520118296,False
2006-12-01,467,62,11,high,0.12340220190503359,0.32864809208340784,0.09287801837093733,-2-2+2+2,0,,1,0.5316455696202531,-1,-1,-0.014735535629165297,False
2007-01-01,468,62,11,high,0.12368890707442404,0.32864809208340784,0.0930938055090808,-2+2+2-1,0,,-1,0.4485981308411215,-1,1,0.03494964071221651,False
2007-02-01,469,62,11,high,0.12505440618457586,0.32864809208340784,0.09412154123405417,+2+2-1+2,0,,1,0.5316455696202531,1,1,0.007453549128285442,False
2007-03-01,470,62,11,high,0.124720721438622,0.32864809208340784,0.09387039516464565,+2-1+2+1,0,,1,0.5047619047619047,1,1,0.005133662202520428,False
2007-04-01,471,62,11,high,0.12501033452071852,0.32864809208340784,0.0940883709279965,-1+2+1+1,1,0.5714285714285714,1,0.5047619047619047,-1,1,0.013068968074955611,False
2007-05-01,472,62,11,high,0.12535470759138545,0.32864809208340784,0.09434756150879726,+2+1+1+1,0,,1,0.5047619047619047,-1,-1,-0.004744976410419821,False
2007-06-01,473,62,11,high,0.12412674006428948,0.32864809208340784,0.09342333820662066,+1+1+1-1,0,,-1,0.4537037037037037,1,-1,-0.021901090494165554,False
2007-07-01,474,62,11,high,0.12407522085182854,0.3238096141229763,0.09372587986077466,+1+1-1-2,0,,-1,0.39436619718309857,-1,1,0.010814890458396897,False
2007-08-01,475,62,11,high,0.12405239636251064,0.3238096141229763,0.09370863834124316,+1-1-2+1,-1,0.75,1,0.514018691588785,1,1,0.028481050496384386,False
2007-09-01,476,62,11,high,0.12401877671959949,0.3238096141229763,0.09368324220984142,-1-2+1+2,0,,1,0.5365853658536586,-1,1,0.09479855268429493,False
2007-10-01,477,62,11,high,0.1241421736763807,0.3238096141229763,0.09377645573198595,-2+1+2+3,0,,1,0.6,1,1,0.058217343802648536,False
2007-11-01,478,62,11,high,0.12451448350307781,0.3238096141229763,0.09405769694879323,+1+2+3+2,0,,1,0.5365853658536586,1,-1,-0.0030353160199952933,False
2007-12-01,479,62,11,high,0.12421467708651956,0.3238096141229763,0.09383122449130404,+2+3+2-1,0,,-1,0.44954128440366975,-1,1,0.08714957918415434,False
2008-01-01,480,62,11,high,0.1239369622871761,0.3238096141229763,0.09362143994496092,+3+2-1+3,0,,1,0.6,-1,1,0.06032673536409705,False
2008-02-01,481,62,11,high,0.12128398461982504,0.3238096141229763,0.09161739220346701,+2-1+3+2,0,,1,0.5421686746987951,1,1,0.08011443470343282,False
2008-03-01,482,62,11,high,0.12015240661227367,0.3238096141229763,0.09076260311938784,-1+3+2+3,0,,1,0.6086956521739131,-1,-1,-0.10045845704119971,False
2008-04-01,483,62,11,high,0.11964899215335356,0.3238096141229763,0.09038232603607506,+3+2+3-3,0,,1,0.5217391304347826,-1,-1,-0.03850945640483372,False
2008-05-01,484,62,11,high,0.11923026754204746,0.3238096141229763,0.09006602329371773,+2+3-3-2,0,,-1,0.4027777777777778,1,1,0.0518317808158506,False
2008-06-01,485,62,11,high,0.11881263166370848,0.3238096141229763,0.08975054297548808,+3-3-2+2,0,,1,0.5411764705882353,1,1,0.05554930477069475,False
2008-07-01,486,62,11,high,0.11915370980142681,0.3238096141229763,0.09000819191086336,-3-2+2+2,0,,1,0.5411764705882353,1,-1,-0.035543766578249314,False
2008-08-01,487,62,11,high,0.11974807570524248,0.3238096141229763,0.09045717331836692,-2+2+2-2,0,,-1,0.4027777777777778,-1,-1,-0.11441144114411439,False
2008-09-01,488,62,11,high,0.120626640109887,0.3238096141229763,0.0911208370319943,+2+2-2-3,0,,1,0.5,1,1,0.09403728224475927,False
2008-10-01,489,62,11,high,0.12009959228915212,0.3238096141229763,0.0907227074103991,+2-2-3+3,0,,1,0.6041666666666666,1,-1,-0.17633698835065015,False
2008-11-01,490,62,11,high,0.12142475148385823,0.3238096141229763,0.09172372687767652,-2-3+3-3,0,,1,0.5,-1,1,0.06782457887510551,False
2008-12-01,491,62,11,high,0.11630624762539521,0.3238096141229763,0.0878572314210364,-3+3-3+2,0,,1,0.5402298850574713,1,1,0.13452106311804402,False
2009-01-01,492,62,11,high,0.11834419714936983,0.3238096141229763,0.08939668958951688,+3-3+2+3,0,,1,0.6041666666666666,1,1,0.03174786618298775,False
2009-02-01,493,62,11,high,0.11786290737905991,0.3238096141229763,0.08903312539933779,-3+2+3+1,0,,1,0.5137614678899083,-1,1,0.03562367636275443,False
2009-03-01,494,62,11,high,0.11187048058709048,0.3238096141229763,0.08450647237609364,+2+3+1+2,0,,1,0.5402298850574713,1,-1,-0.013738045169395474,False
2009-04-01,495,62,11,high,0.11156785536595004,0.3238096141229763,0.08427787060593583,+3+1+2-1,0,,-1,0.45454545454545453,1,-1,-0.041572185525262983,False
2009-05-01,496,62,11,high,0.11194347095286472,0.3238096141229763,0.08456160897957163,+1+2-1-2,0,,-1,0.40540540540540543,1,1,0.1025236621259793,False
2009-06-01,497,62,11,high,0.11203421345167586,0.3238096141229763,0.08463015546680291,+2-1-2+3,0,,1,0.6,-1,-1,-0.03842221185773542,False
2009-07-01,498,62,11,high,0.11160339326110802,0.3238096141229763,0.08430471577670574,-1-2+3-2,0,,-1,0.40540540540540543,1,1,0.016578082450518172,False
2009-08-01,499,62,11,high,0.11158405480057565,0.3238096141229763,0.08429010758809156,-2+3-2+1,0,,1,0.5181818181818182,-1,-1,-0.00198616289713216,False
2009-09-01,500,62,11,high,0.11097666444088827,0.3238096141229763,0.0838312875635144,+3-2+1-1,0,,-1,0.45045045045045046,-1,1,0.04692572244699389,False
2009-10-01,501,62,11,high,0.11245783305770896,0.3238096141229763,0.08495015586679529,-2+1-1+2,0,,1,0.5393258426966292,1,1,0.05392698790801642,False
2009-11-01,502,62,11,high,0.11261511032756255,0.3238096141229763,0.08506896242944273,+1-1+2+2,0,,1,0.5393258426966292,1,1,0.13831398119904015,False
2009-12-01,503,62,11,high,0.11204533040195463,0.3238096141229763,0.08463855316248375,-1+2+2+3,-1,0.5714285714285714,1,0.5882352941176471,-1,-1,-0.06788426826068994,False
2010-01-01,504,62,11,high,0.11206570849674613,0.3238096141229763,0.08465394668627607,+2+2+3-2,0,,-1,0.42105263157894735,1,-1,-0.011988818939913659,False
2010-02-01,505,62,11,high,0.10962904109114513,0.3238096141229763,0.08281329877164728,+2+3-2-1,0,,-1,0.45535714285714285,-1,1,0.012224938334763458,False
2010-03-01,506,62,11,high,0.10794398513569192,0.3238096141229763,0.08154041486335994,+3-2-1+1,0,,1,0.5135135135135135,-1,1,0.006530619465856757,False
2010-04-01,507,62,11,high,0.10966915225162044,0.3238096141229763,0.0828435985670615,-2-1+1+1,0,,1,0.5135135135135135,1,1,0.05119542870484928,False
2010-05-01,508,62,11,high,0.10917384803290231,0.3238096141229763,0.0824694479237711,-1+1+1+2,0,,1,0.5494505494505495,-1,1,0.03559660048563895,False
2010-06-01,509,62,11,high,0.10631002574460813,0.3238096141229763,0.0803061290766033,+1+1+2+2,1,0.6666666666666666,1,0.5494505494505495,-1,-1,-0.015104506256103267,False
2010-07-01,510,62,11,high,0.1063064133086642,0.3238096141229763,0.08030340025827067,+1+2+2-1,0,,-1,0.46017699115044247,-1,-1,-0.018983688541096444,False
2010-08-01,511,62,11,high,0.10631622610467328,0.3238096141229763,0.08031081280151284,+2+2-1-1,0,,-1,0.46017699115044247,1,1,0.05315195463613942,False
2010-09-01,512,62,11,high,0.10653988607146814,0.3238096141229763,0.08047976456346466,+2-1-1+2,0,,1,0.5543478260869565,-1,1,0.05600571613829608,False
2010-10-01,513,62,11,high,0.10658030744406144,0.3238096141229763,0.08051029869175778,-1-1+2+2,0,,1,0.5483870967741935,-1,1,0.025909867197403402,False
2010-11-01,514,62,11,high,0.10665231060305747,0.3238096141229763,0.0805646895635477,-1+2+2+1,0,,1,0.5221238938053098,1,1,0.027477484074895697,False
2010-12-01,515,62,11,high,0.10683826967837018,0.3238096141229763,0.0807051622367545,+2+2+1+1,0,,1,0.5221238938053098,1,1,0.025445055514580872,False
2011-01-01,516,62,11,high,0.10726579375779832,0.3238096141229763,0.08102811205889443,+2+1+1+1,0,,1,0.5221238938053098,-1,-1,-0.0583438784088367,False
2011-02-01,517,62,11,high,0.10757545089506737,0.3238096141229763,0.08126202570777981,+1+1+1-2,0,,-1,0.4155844155844156,-1,1,0.06800535775322825,False
2011-03-01,518,62,11,high,0.10668642724440247,0.3238096141229763,0.08059046112539545,+1+1-2+2,0,,1,0.5578947368421052,1,-1,-0.0018172752321742314,False
2011-04-01,519,62,11,high,0.10664176754574861,0.3238096141229763,0.08055672538410953,+1-2+2-1,0,,-1,0.4608695652173913,-1,1,0.09004970085037223,False
2011-05-01,520,62,11,high,0.10648049159857387,0.3238096141229763,0.08043489823808024,-2+2-1+2,0,,1,0.5578947368421052,1,-1,-0.009186052037226333,False
2011-06-01,521,62,11,high,0.10664713334466591,0.3238096141229763,0.08056077868517342,+2-1+2-1,0,,-1,0.4608695652173913,1,-1,-0.038965232517270354,False
2011-07-01,522,62,11,high,0.10548127525187545,0.3238096141229763,0.07968009457444286,-1+2-1-2,-1,0.5714285714285714,-1,0.4230769230769231,-1,1,0.0922215116163203,False
2011-08-01,523,62,11,high,0.10500689112796247,0.3238096141229763,0.07932174687938758,+2-1-2+2,1,0.5,1,0.5520833333333334,1,1,0.12785670166769614,False
2011-09-01,524,62,11,high,0.10422262797274806,0.3238096141229763,0.07872931791766412,-1-2+2+3,0,,1,0.5769230769230769,-1,-1,-0.09309967141292441,False
2011-10-01,525,62,11,high,0.10409589840438693,0.3238096141229763,0.07863358695528923,-2+2+3-2,0,,-1,0.4230769230769231,1,1,0.033212560386473466,False
2011-11-01,526,62,11,high,0.10310322835885843,0.3238096141229763,0.07788372833896082,+2+3-2+2,0,,1,0.5463917525773195,-1,1,0.01420224946120685,False
2011-12-01,527,62,11,high,0.10136136669032592,0.3238096141229763,0.07656793364314536,+3-2+2+1,0,,1,0.5258620689655172,1,-1,-0.07814216207037095,False
2012-01-01,528,62,11,high,0.10133391752076648,0.3238096141229763,0.07654719866036037,-2+2+1-2,0,,-1,0.43037974683544306,1,1,0.09214229475101465,False
2012-02-01,529,62,11,high,0.103107753664049,0.3238096141229763,0.07788714673473487,+2+1-2+3,0,,1,0.5660377358490566,-1,-1,-0.014881804340521554,False
2012-03-01,530,62,11,high,0.10284585372659127,0.3238096141229763,0.07768930866597962,+1-2+3-1,0,,-1,0.46153846153846156,1,-1,-0.02533262227901323,False
2012-04-01,531,62,11,high,0.10215070776633184,0.3238096141229763,0.07716419844405396,-2+3-1-1,0,,-1,0.46153846153846156,1,-1,-0.009418807051043254,False
2012-05-01,532,62,11,high,0.10270144444809359,0.3238096141229763,0.077580222527794,+3-1-1-1,0,,-1,0.46153846153846156,1,-1,-0.024793857123736274,False
2012-06-01,533,62,11,high,0.10349862892353634,0.3238096141229763,0.07818241219837656,-1-1-1-1,-1,0.6428571428571428,-1,0.46153846153846156,-1,-1,-0.014378308440681886,False
2012-07-01,534,62,11,high,0.10376371110575489,0.3238096141229763,0.07838265412092382,-1-1-1-1,-1,0.6428571428571428,-1,0.4576271186440678,-1,1,0.004069621962629499,False
2012-08-01,535,62,11,high,0.10420406846945873,0.3238096141229763,0.07871529814994879,-1-1-1+1,-1,0.7142857142857143,1,0.5213675213675214,-1,1,0.05562142293326522,False
2012-09-01,536,62,11,high,0.10433029434906627,0.31156269563152134,0.07954655518684978,-1-1+1+2,1,0.5555555555555556,1,0.5555555555555556,-1,1,0.05174551026204699,False
2012-10-01,537,62,11,high,0.10425126749357361,0.31156269563152134,0.07948630121976465,-1+1+2+2,1,0.5714285714285714,1,0.5555555555555556,1,-1,-0.03729290896605586,False
2012-11-01,538,62,11,high,0.10431758697393878,0.31156269563152134,0.07953686645815246,+1+2+2-2,-1,0.5714285714285714,-1,0.4444444444444444,1,1,0.0032086809861366916,False
2012-12-01,539,62,11,high,0.10429505039832476,0.31156269563152134,0.07951968346286822,+2+2-2+1,0,,1,0.5254237288135594,-1,-1,-0.018434491522409724,False
2013-01-01,540,62,11,high,0.10357964683993204,0.31156269563152134,0.07897422455284009,+2-2+1-1,0,,-1,0.45081967213114754,1,-1,-0.01096036479199769,False
2013-02-01,541,62,11,high,0.10281769743917091,0.31156269563152134,0.07839327679998086,-2+1-1-1,-1,0.6,-1,0.45081967213114754,-1,-1,-0.05840421622985248,False
2013-03-01,542,62,11,high,0.1030019206079239,0.31156269563152134,0.07853373761772643,+1-1-1-2,-1,1.0,-1,0.45121951219512196,-1,1,0.017876439436033564,False
2013-04-01,543,62,11,high,0.1030186233555831,0.31156269563152134,0.07854647261523348,-1-1-2+1,-1,0.5714285714285714,1,0.5210084033613446,1,-1,-0.09606246948242192,False
2013-05-01,544,62,11,high,0.10316145940177734,0.31156269563152134,0.07865537785222292,-1-2+1-3,0,,1,0.5384615384615384,-1,-1,-0.02392318086712708,False
2013-06-01,545,62,11,high,0.10271848000062389,0.31156269563152134,0.07831762853789055,-2+1-3-1,0,,-1,0.4435483870967742,-1,-1,-0.11036334359045663,False
2013-07-01,546,62,11,high,0.10211978631512042,0.31156269563152134,0.07786115498348284,+1-3-1-3,0,,1,0.5384615384615384,1,1,0.04387289952609419,False
2013-08-01,547,62,11,high,0.10214220955605258,0.31156269563152134,0.07787825156682335,-3-1-3+2,0,,1,0.5544554455445545,1,1,0.07704042715484372,False
2013-09-01,548,62,11,high,0.10059698548118956,0.31156269563152134,0.07670009662233632,-1-3+2+2,0,,1,0.5544554455445545,1,-1,-0.0892351274787535,False
2013-10-01,549,62,11,high,0.10102238203111902,0.31156269563152134,0.07702443990485444,-3+2+2-3,0,,1,0.5185185185185185,-1,1,0.021073075883310644,False
2013-11-01,550,71,12,high,0.14855933971617774,0.27054173979538504,0.11692598130629107,+2+2-3+1,0,,1,0.5166666666666667,-1,-1,-0.06914928676112064,False
2013-12-01,551,71,12,high,0.14898771826332546,0.27054173979538504,0.11726314342677105,+2-3+1-2,0,,-1,0.4578313253012048,-1,1,0.0022089103035409785,False
2014-01-01,552,71,12,high,0.1495561294283494,0.27054173979538504,0.1177105204370812,-3+1-2+1,0,,1,0.5166666666666667,-1,1,0.028897979113520433,False
2014-02-01,553,71,12,high,0.14540823057159202,0.27054173979538504,0.11444585094466031,+1-2+1+1,-1,0.7142857142857143,1,0.5166666666666667,-1,1,0.07116784309296964,False
2014-03-01,554,71,12,high,0.14537226618043886,0.27054173979538504,0.114417544600975,-2+1+1+2,0,,1,0.5533980582524272,1,-1,-0.052218355140257855,False
2014-04-01,555,71,12,high,0.14456951898662262,0.27054173979538504,0.11378572970763234,+1+1+2-2,-1,0.7142857142857143,-1,0.4642857142857143,-1,1,0.0027352298114864393,False
2014-05-01,556,71,12,high,0.14450603338013268,0.27054173979538504,0.11373576235551672,+1+2-2+1,-1,0.5714285714285714,1,0.5163934426229508,1,-1,-0.03070690138238852,False
2014-06-01,557,71,12,high,0.1445300171081545,0.27054173979538504,0.1137546391285267,+2-2+1-2,0,,-1,0.4642857142857143,1,1,0.06649519698401818,False
2014-07-01,558,71,12,high,0.1435288192849976,0.27054173979538504,0.11296663052416701,-2+1-2+2,0,,1,0.5480769230769231,-1,-1,-0.02472862501839479,False
2014-08-01,559,71,12,high,0.14285902359093205,0.27054173979538504,0.11243945721447833,+1-2+2-1,0,,-1,0.44,1,-1,-0.02311381028012094,False
2014-09-01,560,71,12,high,0.1426367816197972,0.27054173979538504,0.11226453815107892,-2+2-1-1,-1,0.8571428571428572,-1,0.44,-1,-1,-0.03885414060545411,False
2014-10-01,561,71,12,high,0.14208939925969344,0.27054173979538504,0.11183371219474952,+2-1-1-2,0,,-1,0.47674418604651164,1,-1,-0.03721385812647493,False
2014-11-01,562,71,12,high,0.14271755589836255,0.27054173979538504,0.1123281128263811,-1-1-2-2,1,0.5,-1,0.47674418604651164,-1,1,0.04155975249811461,False
2014-12-01,563,71,12,high,0.14276885174566067,0.27054173979538504,0.1123684860354552,-1-2-2+2,0,,1,0.5428571428571428,-1,-1,-0.026272577996715896,False
2015-01-01,564,71,12,high,0.14275382311815477,0.27054173979538504,0.11235665751614317,-2-2+2-2,0,,-1,0.47674418604651164,1,1,0.07605392173008019,False
2015-02-01,565,71,12,high,0.14374651503206926,0.27054173979538504,0.11313797140991132,-2+2-2+3,0,,1,0.5555555555555556,1,-1,-0.05367497462846604,False
2015-03-01,566,71,12,high,0.13897233568212175,0.27054173979538504,0.10938037793587373,+2-2+3-2,0,,-1,0.4772727272727273,-1,1,0.00033122831020593324,False
2015-04-01,567,71,12,high,0.13948756369880733,0.27054173979538504,0.10978589630693374,-2+3-2+1,0,,1,0.5161290322580645,1,-1,-0.02781224754982825,False
2015-05-01,568,71,12,high,0.1400487815963184,0.27054173979538504,0.1102276117421161,+3-2+1-2,0,,-1,0.48314606741573035,1,1,0.011749722288739939,False
2015-06-01,569,71,12,high,0.13998896443802133,0.27054173979538504,0.11018053170025403,-2+1-2+1,-1,0.75,1,0.5161290322580645,1,-1,-0.016241730232325002,False
2015-07-01,570,71,12,high,0.13869654627963446,0.27054173979538504,0.10916331351850818,+1-2+1-1,-1,0.8333333333333334,-1,0.4330708661417323,-1,-1,-0.06809236577069078,False
2015-08-01,571,71,12,high,0.13866339764990987,0.27054173979538504,0.10913722336445315,-2+1-1-2,-1,0.7272727272727273,-1,0.4888888888888889,-1,1,0.04525420015877879,False
2015-09-01,572,71,12,high,0.1388208640588131,0.27054173979538504,0.10926115979563927,+1-1-2+2,1,0.75,1,0.5377358490566038,1,-1,-0.021515764512667457,False
2015-10-01,573,71,12,high,0.13784281508910956,0.27054173979538504,0.10849137086303715,-1-2+2-1,-1,0.5714285714285714,-1,0.4330708661417323,-1,1,0.019386195120123517,False
2015-11-01,574,71,12,high,0.1350658715700419,0.27054173979538504,0.10630573348325703,-2+2-1+1,-1,0.8571428571428572,1,0.5079365079365079,-1,-1,-0.06339143943010639,False
2015-12-01,575,71,12,high,0.135081189543112,0.27054173979538504,0.10631778973657818,+2-1+1-2,0,,1,0.5,1,1,0.010622228087186603,False
2016-01-01,576,71,12,high,0.13193089641115074,0.27054173979538504,0.10383830163060806,-1+1-2+1,-1,0.5714285714285714,1,0.5079365079365079,-1,1,0.0491117570711026,False
2016-02-01,577,71,12,high,0.13157515211644388,0.27054173979538504,0.10355830744894179,+1-2+1+2,0,,1,0.5327102803738317,1,1,0.09078821012284188,False
2016-03-01,578,71,12,high,0.13158558837314005,0.27054173979538504,0.10356652147007095,-2+1+2+3,0,,1,0.5454545454545454,1,-1,-0.006583839173188277,False
2016-04-01,579,71,12,high,0.13252034646454613,0.27054173979538504,0.10430223763123904,+1+2+3-1,0,,-1,0.43410852713178294,-1,1,0.05931926272005272,False
2016-05-01,580,71,12,high,0.1324781006682052,0.27054173979538504,0.1042689874081116,+2+3-1+2,0,,1,0.5327102803738317,-1,-1,-0.06395298515526138,False
2016-06-01,581,71,12,high,0.1324236382810674,0.27054173979538504,0.1042261219237029,+3-1+2-2,0,,1,0.5053763440860215,1,1,0.10297873111946809,False
2016-07-01,582,71,12,high,0.13244055964427093,0.27054173979538504,0.10423944015062415,-1+2-2+3,0,,1,0.5357142857142857,-1,1,0.010997287184233207,False
2016-08-01,583,71,12,high,0.13142556090392266,0.27054173979538504,0.10344056931580078,+2-2+3+1,0,,1,0.5078125,-1,-1,-0.02900700942282708,False
2016-09-01,584,71,12,high,0.13067510778210645,0.27054173979538504,0.1028499133000944,-2+3+1-2,0,,1,0.5053763440860215,1,-1,-0.0024386155242707153,False
2016-10-01,585,71,12,high,0.132140051633034,0.27054173979538504,0.10400292056073226,+3+1-2-1,0,,-1,0.43846153846153846,1,-1,-0.0172650692023969,False
2016-11-01,586,71,12,high,0.13195174127996268,0.27054173979538504,0.10385470791476153,+1-2-1-1,0,,-1,0.43846153846153846,-1,-1,-0.09289489873449797,False
2016-12-01,587,71,12,high,0.13194063808027812,0.27054173979538504,0.10384596896558987,-2-1-1-3,0,,1,0.5517241379310345,-1,-1,-0.005570314391983855,False
2017-01-01,588,71,12,high,0.13235577330040427,0.27054173979538504,0.1041727077157808,-1-1-3-1,0,,-1,0.43846153846153846,-1,1,0.038952042589535774,False
2017-02-01,589,71,12,high,0.13234648373010105,0.27054173979538504,0.1041653962123392,-1-3-1+2,0,,1,0.5321100917431193,1,1,0.035915767837570334,False
2017-03-01,590,85,13,high,0.1550484844266038,0.21785286762158895,0.12731298545891379,-3-1+2+2,0,,1,0.5321100917431193,-1,1,0.0015213582968371941,False
2017-04-01,591,85,13,high,0.15710512123496756,0.21785286762158895,0.1290017254233565,-1+2+2+1,0,,1,0.5038759689922481,-1,1,0.0019987207406508833,False
2017-05-01,592,85,13,high,0.157122549368516,0.21785286762158895,0.12901603596448327,+2+2+1+1,0,,1,0.5038759689922481,-1,1,0.01093110240016748,False
2017-06-01,593,85,13,high,0.1569851375996597,0.21785286762158895,0.12890320479044773,+2+1+1+1,0,,1,0.5038759689922481,1,-1,-0.038752940478245845,False
2017-07-01,594,85,13,high,0.15733640893282452,0.21785286762158895,0.1291916397422419,+1+1+1-2,0,,1,0.5052631578947369,1,1,0.044913334489989465,False
2017-08-01,595,85,13,high,0.15714189222001707,0.21785286762158895,0.12903191871355363,+1+1-2+2,0,,1,0.5405405405405406,-1,1,0.04078266966032773,False
2017-09-01,596,85,13,high,0.15714970524212102,0.21785286762158895,0.12903833412079344,+1-2+2+2,1,0.625,1,0.5405405405405406,1,-1,-0.039109134638070975,False
2017-10-01,597,85,13,high,0.1567866907419041,0.21785286762158895,0.1287402566519397,-2+2+2-2,-1,0.5714285714285714,1,0.5052631578947369,1,1,0.0011000427970264681,False
2017-11-01,598,85,13,high,0.1571515275672818,0.21785286762158895,0.1290398304634217,+2+2-2+1,-1,0.7142857142857143,1,0.5075757575757576,-1,1,0.003688935980103114,False
2017-12-01,599,85,13,high,0.15705768686950605,0.21785286762158895,0.12896277624753846,+2-2+1+1,0,,1,0.5075757575757576,-1,1,0.027291133102264054,False
2018-01-01,600,85,13,high,0.15546932773968658,0.21785286762158895,0.12765854716367428,-2+1+1+2,0,,1,0.5398230088495575,1,1,0.02329306446951862,False
2018-02-01,601,85,13,high,0.1560974551003066,0.21785286762158895,0.1281743133759317,+1+1+2+2,1,0.6,1,0.5398230088495575,-1,-1,-0.0307967142083736,False
2018-03-01,602,85,13,high,0.15579994909165185,0.21785286762158895,0.12793002605965204,+1+2+2-2,1,0.5555555555555556,1,0.5154639175257731,1,1,0.030086691562926315,False
2018-04-01,603,85,13,high,0.15580304469162531,0.21785286762158895,0.12793256791019555,+2+2-2+2,0,,1,0.5398230088495575,-1,-1,-0.028537312759499445,False
2018-05-01,604,85,13,high,0.15548463621199893,0.21785286762158895,0.1276711172143917,+2-2+2-2,0,,1,0.5154639175257731,1,-1,-0.006902898959153525,False
2018-06-01,605,85,13,high,0.15560148641072558,0.21785286762158895,0.1277670649284656,-2+2-2-1,0,,-1,0.43609022556390975,-1,-1,-0.042477601116696295,False
2018-07-01,606,85,13,high,0.15618795552797138,0.21785286762158895,0.1282486248384005,+2-2-1-2,0,,1,0.5204081632653061,1,-1,-0.01766415837357216,False
2018-08-01,607,85,13,high,0.15563242160703195,0.21785286762158895,0.1277924663518467,-2-1-2-1,-1,0.7142857142857143,-1,0.43609022556390975,1,-1,-0.020691413693263883,False
2018-09-01,608,85,13,high,0.1562472712759434,0.21785286762158895,0.1282973300223755,-1-2-1-1,-1,0.6923076923076923,-1,0.43609022556390975,-1,-1,-0.004695209034288328,False
2018-10-01,609,85,13,high,0.15497857201017617,0.21785286762158895,0.12725557916765615,-2-1-1-1,-1,0.7,-1,0.43283582089552236,1,1,0.04119284425890579,False
2018-11-01,610,85,13,high,0.15643929960342917,0.21785286762158895,0.1284550077949465,-1-1-1+2,0,,1,0.5344827586206896,1,-1,-0.0016990093737357936,False
2018-12-01,611,85,13,high,0.15677794871451944,0.21785286762158895,0.1287330784224367,-1-1+2-1,0,,-1,0.42962962962962964,-1,1,0.038171630321754524,False
2019-01-01,612,85,13,high,0.15674516388919668,0.21785286762158895,0.12870615823676043,-1+2-1+2,0,,1,0.5344827586206896,-1,1,0.02802499954259363,False
2019-02-01,613,85,13,high,0.1566292385742919,0.21785286762158895,0.12861096996074875,+2-1+2+2,1,0.7142857142857143,1,0.5344827586206896,1,-1,-0.015566861280241207,False
2019-03-01,614,85,13,high,0.15600022095590815,0.21785286762158895,0.1280944727424828,-1+2+2-1,1,0.75,-1,0.4306569343065693,1,-1,-0.00617093478042452,False
2019-04-01,615,85,13,high,0.15562003939716507,0.21785286762158895,0.12778229910570715,+2+2-1-1,0,,-1,0.43478260869565216,1,-1,-0.005433095209062433,False
2019-05-01,616,85,13,high,0.1553163448209589,0.21785286762158895,0.12753293024984588,+2-1-1-1,-1,1.0,-1,0.43478260869565216,-1,1,0.032230315257483655,False
2019-06-01,617,85,13,high,0.15282019877262643,0.21785286762158895,0.12548330166605207,-1-1-1+2,0,,1,0.5294117647058824,1,1,0.0475542653179466,False
2019-07-01,618,85,13,high,0.15315089876013266,0.21785286762158895,0.12575484513102914,-1-1+2+2,1,0.7142857142857143,1,0.5294117647058824,-1,1,0.025476363633160082,False
2019-08-01,619,85,13,high,0.15326496744442453,0.21785286762158895,0.12584850889561397,-1+2+2+2,1,0.7142857142857143,1,0.5294117647058824,1,1,0.08797241034009162,False
2019-09-01,620,85,13,high,0.1528647501349153,0.21785286762158895,0.1255198835582275,+2+2+2+3,0,,1,0.543859649122807,1,-1,-0.04133515971596047,False
2019-10-01,621,85,13,high,0.1516471818293501,0.21785286762158895,0.12452011721704127,+2+2+3-2,0,,1,0.51,-1,1,0.01754385964912286,False
2019-11-01,622,85,13,high,0.15230006822120823,0.21785286762158895,0.12505621349699106,+2+3-2+2,0,,1,0.5371900826446281,-1,-1,-0.030305007408405138,False
2019-12-01,623,85,13,high,0.1516050123044026,0.21785286762158895,0.1244854910925983,+3-2+2-2,0,,1,0.51,1,1,0.04253569657042777,False
2020-01-01,624,85,13,high,0.1498865890020591,0.21785286762158895,0.12307446407280771,-2+2-2+2,0,,1,0.5409836065573771,1,1,0.03456867902386018,False
2020-02-01,625,78,14,high,0.09979759656777132,0.30407697726496274,0.07652738167119287,+2-2+2+2,0,,1,0.5409836065573771,1,1,0.009573990694731194,False
2020-03-01,626,78,14,high,0.0995838523876098,0.30407697726496274,0.07636347709815931,-2+2+2+1,1,0.625,1,0.5149253731343284,-1,-1,-0.00885517630086563,False
2020-04-01,627,78,14,high,0.10012644550860195,0.30407697726496274,0.07677955155576542,+2+2+1-1,1,0.7142857142857143,-1,0.4326241134751773,1,1,0.07369158055148062,False
2020-05-01,628,78,14,high,0.09825889062347559,0.30407697726496274,0.07534746210270019,+2+1-1+3,0,,1,0.5344827586206896,-1,1,0.025553289364488085,False
2020-06-01,629,78,14,high,0.09811308968569499,0.30407697726496274,0.07523565816756256,+1-1+3+2,0,,1,0.544,-1,1,0.02037052672867734,False
2020-07-01,630,78,14,high,0.09813192491864564,0.30407697726496274,0.07525010151199622,-1+3+2+2,0,,1,0.544,1,1,0.10873001022851758,False
2020-08-01,631,78,14,high,0.09836151662587367,0.30407697726496274,0.07542615837921395,+3+2+2+3,0,,1,0.5344827586206896,1,1,0.0011189985614827869,False
2020-09-01,632,78,14,high,0.09929034835186346,0.30407697726496274,0.07613841060219072,+2+2+3+1,0,,1,0.5111111111111111,-1,-1,-0.03038305469025515,False
2020-10-01,633,78,14,high,0.09919386883049575,0.30407697726496274,0.07606442760651659,+2+3+1-2,0,,1,0.5196078431372549,1,-1,-0.009431984788161207,False
2020-11-01,634,78,14,high,0.0982449960359606,0.30407697726496274,0.07533680737314263,+3+1-2-1,0,,-1,0.43661971830985913,-1,-1,-0.040361853492767774,False
2020-12-01,635,78,14,high,0.09617416337330675,0.30407697726496274,0.07374883925564929,+1-2-1-2,-1,0.8571428571428572,1,0.5196078431372549,1,1,0.07199160870048238,False
2021-01-01,636,78,14,high,0.09595265731075109,0.30407697726496274,0.07357898267017361,-2-1-2+3,0,,1,0.55,-1,-1,-0.04314285208532653,False
2021-02-01,637,78,14,high,0.09637560585406191,0.30407697726496274,0.07390331056698066,-1-2+3-2,0,,1,0.5145631067961165,-1,-1,-0.07432289617319288,False
2021-03-01,638,78,14,high,0.09636972006050015,0.30407697726496274,0.07389879718804339,-2+3-2-3,0,,1,0.5333333333333333,1,1,0.002322206095791035,False
2021-04-01,639,78,14,high,0.09735810200050343,0.30407697726496274,0.07465671405739585,+3-2-3+1,0,,1,0.5073529411764706,-1,1,0.03759051515439471,False
2021-05-01,640,78,14,high,0.09804487475374268,0.30407697726496274,0.07518334919106688,-2-3+1+2,0,,1,0.5511811023622047,1,1,0.062241821190367475,False
2021-06-01,641,78,14,high,0.09867597840219644,0.30407697726496274,0.07566729581343373,-3+1+2+3,0,,1,0.5409836065573771,-1,-1,-0.06674023772694293,False
2021-07-01,642,78,14,high,0.10037294916647355,0.30407697726496274,0.07696857694473333,+1+2+3-3,0,,1,0.5483870967741935,1,1,0.02376257142391691,False
2021-08-01,643,78,14,high,0.10038549026558874,0.30407697726496274,0.0769781937843324,+2+3-3+2,0,,1,0.5511811023622047,-1,-1,-0.0027501237924986155,False
2021-09-01,644,78,14,high,0.09920974455640008,0.30407697726496274,0.0760766015242999,+3-3+2-1,0,,-1,0.43356643356643354,1,-1,-0.030941468391894822,False
2021-10-01,645,78,14,high,0.09930269897503063,0.30407697726496274,0.07614788137989977,-3+2-1-2,0,,1,0.5142857142857142,-1,1,0.02168467591686829,False
2021-11-01,646,78,14,high,0.10018909678352617,0.30407697726496274,0.07682759417596076,+2-1-2+2,1,0.5,1,0.5546875,1,-1,-0.007520472499362274,False
2021-12-01,647,78,14,high,0.10008229118421474,0.30407697726496274,0.07674569287628792,-1-2+2-1,1,0.5555555555555556,-1,0.43356643356643354,-1,1,0.009991046852294128,False
2022-01-01,648,78,14,high,0.10013517578897169,0.30407697726496274,0.07678624616085541,-2+2-1+1,-1,0.875,1,0.5109489051094891,-1,1,0.0005001802833450864,False
2022-02-01,649,78,14,high,0.10018045981581292,0.30407697726496274,0.07682097112543244,+2-1+1+1,1,0.5714285714285714,1,0.5109489051094891,1,1,0.07893127352767393,False
2022-03-01,650,78,14,high,0.09903340609876232,0.30407697726496274,0.07594138062805528,-1+1+1+3,0,,1,0.532258064516129,-1,-1,-0.011995494509506877,False
2022-04-01,651,78,14,high,0.09875112508955497,0.30407697726496274,0.07572492023949802,+1+1+3-1,0,,-1,0.43448275862068964,1,-1,-0.029857708033328323,False
2022-05-01,652,78,14,high,0.09874767375766291,0.30407697726496274,0.07572227366881835,+1+3-1-2,0,,1,0.5188679245283019,-1,-1,-0.009936620214208491,False
2022-06-01,653,78,14,high,0.09864506625384584,0.30407697726496274,0.07564359157749559,+3-1-2-1,0,,-1,0.43448275862068964,1,-1,-0.024087247457238337,False
2022-07-01,654,78,14,high,0.0983491245128515,0.30407697726496274,0.07541665578600955,-1-2-1-2,-1,0.6363636363636364,1,0.5188679245283019,1,-1,-0.01662128189908807,False
2022-08-01,655,78,14,high,0.09848649232180862,0.30407697726496274,0.07552199297955868,-2-1-2-1,-1,0.6666666666666667,-1,0.4315068493150685,-1,-1,-0.040927091245936964,False
2022-09-01,656,78,14,high,0.09800508657869655,0.30407697726496274,0.0751528385879815,-1-2-1-2,-1,0.6363636363636364,1,0.514018691588785,-1,-1,-0.002180803504136075,False
2022-10-01,657,78,14,high,0.09801608707270304,0.30407697726496274,0.0751612740516836,-2-1-2-1,-1,0.6666666666666667,-1,0.42857142857142855,1,-1,-0.028294656343124225,False
2022-11-01,658,78,14,high,0.09783514023162032,0.30407697726496274,0.07502251932766248,-1-2-1-2,-1,0.6666666666666667,1,0.5092592592592593,-1,1,0.09489360217990117,False
2022-12-01,659,78,14,high,0.09649153229222274,0.30407697726496274,0.07399220596210063,-2-1-2+3,0,,1,0.5238095238095238,-1,1,0.021431334245274325,False
2023-01-01,660,78,14,high,0.0973878944243145,0.30407697726496274,0.07467955965955773,-1-2+3+1,0,,1,0.5179856115107914,1,1,0.047888297001981606,False
2023-02-01,661,78,14,high,0.0973178377845374,0.30407697726496274,0.07462583841380425,-2+3+1+2,0,,1,0.5461538461538461,1,-1,-0.046737262876935914,False
2023-03-01,662,78,14,high,0.09734222067063625,0.30407697726496274,0.07464453584234869,+3+1+2-2,0,,1,0.509090909090909,-1,1,0.07955600866668022,False
2023-04-01,663,78,14,high,0.09597373670534914,0.30407697726496274,0.07359514689587927,+1+2-2+3,0,,1,0.53125,-1,-1,-0.0002520288289968864,False
2023-05-01,664,78,14,high,0.09560590155841053,0.29965791797017693,0.07356235839945414,+2-2+3-1,0,,-1,0.4228187919463087,-1,-1,-0.0027226098354303785,False
2023-06-01,665,78,14,high,0.09562432502238316,0.29965791797017693,0.07357653402499213,-2+3-1-1,0,,-1,0.4228187919463087,-1,-1,-0.028463118719982305,False
2023-07-01,666,78,14,high,0.09504106408369095,0.29965791797017693,0.07312775367238739,+3-1-1-2,0,,1,0.5135135135135135,1,1,0.009887079399889531,False
2023-08-01,667,78,14,high,0.09478105601079534,0.29965791797017693,0.0729276948189764,-1-1-2+1,-1,0.625,1,0.5214285714285715,1,-1,-0.000463699884779456,False
2023-09-01,668,78,14,high,0.09480902708294803,0.29965791797017693,0.07294921669159068,-1-2+1-1,1,0.5,-1,0.42,1,-1,-0.05660379733182164,False
2023-10-01,669,78,14,high,0.09485633250647352,0.29965791797017693,0.07298561505678464,-2+1-1-2,-1,0.6666666666666667,1,0.5135135135135135,-1,1,0.08131150209187155,False
2023-11-01,670,78,14,high,0.09531519889001705,0.29965791797017693,0.07333868210404287,+1-1-2+3,0,,1,0.5230769230769231,1,1,0.046593869464717885,False
2023-12-01,671,78,14,high,0.09516493400686832,0.29965791797017693,0.07322306330845749,-1-2+3+2,0,,1,0.5419847328244275,1,-1,-0.0031869134023418955,False
2024-01-01,672,78,14,high,0.09516287940194013,0.29965791797017693,0.07322148242713496,-2+3+2-1,0,,-1,0.4144736842105263,1,-1,-0.00552213857925854,False
2024-02-01,673,78,14,high,0.09485227311532396,0.29965791797017693,0.07298249162630847,+3+2-1-1,0,,-1,0.4144736842105263,1,1,0.01651237327995614,False
2024-03-01,674,78,14,high,0.09203774802520204,0.29965791797017693,0.07081690247303522,+2-1-1+1,-1,0.7142857142857143,1,0.5177304964539007,1,1,0.07168532495892,False
2024-04-01,675,78,14,high,0.0910647277414548,0.29965791797017693,0.07006822832555885,-1-1+1+3,0,,1,0.5303030303030303,-1,1,0.02834782130281699,False
2024-05-01,676,78,14,high,0.09106518939816499,0.29965791797017693,0.07006858353957618,-1+1+3+2,0,,1,0.5378787878787878,1,1,0.020305316446558974,False
2024-06-01,677,74,15,high,0.09414159678995371,0.28704200322500556,0.0731457066312198,+1+3+2+1,0,,1,0.5177304964539007,-1,-1,-0.008096820595455023,False
2024-07-01,678,74,15,high,0.09406482240014036,0.28704200322500556,0.07308605481750978,+3+2+1-1,0,,-1,0.4155844155844156,1,1,0.04614190489676262,False
2024-08-01,679,74,15,high,0.09535400855051046,0.28704200322500556,0.0740877207671367,+2+1-1+2,1,0.7142857142857143,1,0.5378787878787878,-1,1,0.02254616112679675,False
2024-09-01,680,74,15,high,0.09536784109757868,0.28704200322500556,0.0740984683161938,+1-1+2+2,1,0.5,1,0.5413533834586466,1,1,0.07124790290460581,False
2024-10-01,681,74,15,high,0.09491464853692566,0.28704200322500556,0.07374634883639639,-1+2+2+3,-1,0.5555555555555556,1,0.5373134328358209,-1,1,0.02673116916840712,False
2024-11-01,682,74,15,high,0.09493323063910897,0.28704200322500556,0.07376078667303011,+2+2+3+2,0,,1,0.5413533834586466,-1,-1,-0.037866132919972095,False
2024-12-01,683,74,15,high,0.09458757211981395,0.28704200322500556,0.07349221850009645,+2+3+2-2,0,,1,0.5221238938053098,1,1,0.009108505404190836,False
2025-01-01,684,74,15,high,0.09422366654293679,0.28704200322500556,0.0732094728119485,+3+2-2+1,0,,1,0.5174825174825175,-1,1,0.06581669353018604,False
2025-02-01,685,74,15,high,0.09476789026815036,0.28704200322500556,0.07363232126899177,+2-2+1+3,0,,1,0.5441176470588235,-1,1,0.019866632826926134,False
2025-03-01,686,74,15,high,0.09482604510071069,0.28704200322500556,0.07367750614439958,-2+1+3+1,0,,1,0.5174825174825175,1,1,0.07912945645132452,False
2025-04-01,687,74,15,high,0.09558797965555044,0.28704200322500556,0.07426951056455877,+1+3+1+3,0,,1,0.5441176470588235,-1,1,0.029209048224917877,False
2025-05-01,688,74,15,high,0.09552149864066595,0.28704200322500556,0.07421785645014921,+3+1+3+2,0,,1,0.5441176470588235,1,1,0.05003118307048293,False
2025-06-01,689,74,15,high,0.09469299765022665,0.28704200322500556,0.07357413154578457,+1+3+2+2,0,,1,0.5441176470588235,-1,-1,-0.01005759968616493,False
2025-07-01,690,74,15,high,0.09440757860331883,0.28704200322500556,0.0733523679621621,+3+2+2-1,0,,-1,0.41935483870967744,1,1,0.0032966704111758727,False
2025-08-01,691,74,15,high,0.093830697046142,0.28704200322500556,0.0729041451724386,+2+2-1+1,1,0.6,1,0.5241379310344828,-1,1,0.060250307409201787,False
2025-09-01,692,74,15,high,0.09321697335289414,0.28704200322500556,0.07242729694859662,+2-1+1+3,0,,1,0.5571428571428572,1,1,0.08962081095629748,False
2025-10-01,693,74,15,high,0.09279402683711568,0.28704200322500556,0.07209867790219514,-1+1+3+3,0,,1,0.5571428571428572,1,1,0.03433743990384608,False
2025-11-01,694,74,15,high,0.0929912754794221,0.28704200322500556,0.0722519352487403,+1+3+3+2,0,,1,0.5434782608695652,-1,1,0.05974545732622971,False
2025-12-01,695,74,15,high,0.0930012867602148,0.28704200322500556,0.07225971376783105,+3+3+2+3,0,,1,0.5571428571428572,1,1,0.01771521268045495,False
2026-01-01,696,74,15,high,0.09170881445588541,0.28704200322500556,0.07125549455735403,+3+2+3+1,0,,1,0.5273972602739726,-1,1,0.07141203982710964,False
2026-02-01,697,74,15,high,0.0911835926610638,0.28704200322500556,0.0708474101331429,+2+3+1+3,0,,1,0.5694444444444444,1,1,0.1453542244118442,False
2026-03-01,698,74,15,high,0.09141569814344097,0.28704200322500556,0.07102775038761446,+3+1+3+3,0,,1,0.5694444444444444,-1,-1,-0.09655479685335999,False
2026-04-01,699,74,15,high,0.08957469825476627,0.28704200322500556,0.06959733872734104,+1+3+3-3,0,,1,0.5625,-1,-1,-0.03204973379934695,False
2026-05-01,700,74,15,high,0.08962912173447879,0.28704200322500556,0.06963962443330568,+3+3-3-2,0,,1,0.5263157894736842,1,-1,-0.03341318609349153,False
2026-06-01,701,74,15,high,0.08834597774117459,0.28704200322500556,0.06864265309119799,+3-3-2-2,0,,1,0.5263157894736842,1,-1,-0.09092333945430597,False
2026-07-01,702,74,15,high,0.09157307878285814,0.28704200322500556,0.07115003127590155,-3-2-2-3,0,,1,0.5625,-1,1,0.09633019732584924,False
