date,n_data,n_fired_base,book_r_base,book_r_cells,n_fired_cells,eq_base,eq_cells
1990-01-01,4,0,0.0,0.0,0,1.0,1.0
1990-02-01,4,0,0.0,0.0,0,1.0,1.0
1990-03-01,4,1,-0.011450381679389304,-0.011450381679389304,1,0.9885496183206107,0.9885496183206107
1990-04-01,4,0,0.0,0.0,0,0.9885496183206107,0.9885496183206107
1990-05-01,4,0,0.0,0.0,0,0.9885496183206107,0.9885496183206107
1990-06-01,4,0,0.0,0.0,0,0.9885496183206107,0.9885496183206107
1990-07-01,4,0,0.0,0.0,0,0.9885496183206107,0.9885496183206107
1990-08-01,4,0,0.0,0.0,0,0.9885496183206107,0.9885496183206107
1990-09-01,4,1,0.004510309278350527,0.004510309278350527,1,0.993008282836232,0.993008282836232
1990-10-01,4,1,-0.0013123359580052285,-0.0013123359580052285,1,0.991705122360069,0.991705122360069
1990-11-01,4,1,0.0019582245430809497,0.0019582245430809497,1,0.9936471036701736,0.9936471036701736
1990-12-01,4,1,-0.001973684210526294,-0.001973684210526294,1,0.9916859580708247,0.9916859580708247
1991-01-01,4,1,0.013707571801566593,0.013707571801566593,1,1.005279564545686,1.005279564545686
1991-02-01,4,1,-0.0006906077348066142,-0.0006906077348066142,1,1.0045853107027678,1.0045853107027678
1991-03-01,4,0,0.0,0.0,0,1.0045853107027678,1.0045853107027678
1991-04-01,4,1,-0.0006983240223463749,-0.0006983240223463749,1,1.0038837846478077,1.0038837846478077
1991-05-01,4,0,0.0,0.0,0,1.0038837846478077,1.0038837846478077
1991-06-01,4,0,0.0,0.0,0,1.0038837846478077,1.0038837846478077
1991-07-01,4,0,0.0,0.0,0,1.0038837846478077,1.0038837846478077
1991-08-01,4,0,0.0,-0.00491573033707865,1,1.0038837846478077,0.9989489626727132
1991-09-01,4,0,0.0,-0.0064469914040114484,1,1.0038837846478077,0.992508747297316
1991-10-01,4,0,0.0,0.0,0,1.0038837846478077,0.992508747297316
1991-11-01,4,0,0.0,0.0,0,1.0038837846478077,0.992508747297316
1991-12-01,4,0,0.0,0.0,0,1.0038837846478077,0.992508747297316
1992-01-01,4,1,0.0014124293785310604,0.0014124293785310604,1,1.0053016995978752,0.9939105958104478
1992-02-01,4,0,0.0,0.0,0,1.0053016995978752,0.9939105958104478
1992-03-01,4,1,0.020288671023965144,0.020288671023965144,1,1.0256979350608495,1.0140757209160791
1992-04-01,4,1,0.012972292191435753,0.013711937161849957,2,1.0390035883746112,1.0279806634786381
1992-05-01,4,0,0.0,0.0,0,1.0390035883746112,1.0279806634786381
1992-06-01,4,1,0.004151664339775152,0.004151664339775152,1,1.0433171825213645,1.032248494141181
1992-07-01,4,1,0.0017347307553307045,0.0017347307553307045,1,1.0451270569254494,1.0340391673511116
1992-08-01,4,1,0.0003290024645275502,0.0003290024645275502,1,1.0454709063029222,1.034379368785588
1992-09-01,4,2,-0.0028478150047515083,-0.0028478150047515083,2,1.0424935985689217,1.031433647698555
1992-10-01,4,1,0.006266666666666643,0.006266666666666643,1,1.049026558453287,1.037897298557466
1992-11-01,4,2,0.022132149770492965,0.022132149770492965,2,1.0722437713581998,1.0608681970155298
1992-12-01,4,3,-0.01075182961589316,-0.01075182961589316,3,1.0607151890218538,1.0494619229162991
1993-01-01,4,3,-0.013230500108609489,-0.013230500108609489,3,1.0466813965982964,1.0355770168311735
1993-02-01,4,2,0.005548196282255724,0.005548196282255724,2,1.0524885904316092,1.0413226013859456
1993-03-01,4,2,-0.013022844402798217,-0.013022844402798217,2,1.0387821952826979,1.0277616191749794
1993-04-01,4,2,0.019499237659615032,0.019499237659615032,2,1.0590376561850918,1.0478021872447032
1993-05-01,4,1,0.0015777653003930525,0.0015777653003930525,1,1.0607085690508302,1.0494553731774139
1993-06-01,4,2,0.021352548257548565,0.021352548257548565,2,1.0833573999586832,1.0718639196773283
1993-07-01,4,1,0.0038230230946365573,0.0038230230946365573,1,1.0874991003184706,1.0759616801965624
1993-08-01,4,1,0.00281307114702839,0.00281307114702839,1,1.0905583126599958,1.0789884369544316
1993-09-01,4,1,0.002536799930319633,0.002536799930319633,1,1.0933248409115612,1.0817256147461132
1993-10-01,4,1,-0.0005442983401595103,-0.0005442983401595103,1,1.0927297460153977,1.0811368332894988
1993-11-01,4,1,0.0016526604592883576,0.0016526604592883576,1,1.0945356572593257,1.0829235853849566
1993-12-01,4,2,0.018825773005770624,0.018825773005770624,2,1.1151411370896116,1.103310458986009
1994-01-01,4,1,-0.000745258884965877,-0.000745258884965877,1,1.1143100682492046,1.1024882070635738
1994-02-01,4,1,-0.004119131430510181,-0.004119131430510181,1,1.1097200786237453,1.0979469132380912
1994-03-01,4,1,-0.00893684914081197,-0.00893684914081197,1,1.099802677692555,1.0881347273098623
1994-04-01,4,1,0.002051517116472501,0.002051517116472501,1,1.1020589417105835,1.0903670543279667
1994-05-01,4,1,0.0021789753825682268,0.0021789753825682268,1,1.10446030101471,1.0927429372973108
1994-06-01,4,1,-0.0018853197898115737,-0.0018853197898115737,1,1.1023780401521457,1.0906827674124473
1994-07-01,4,0,0.0,0.0,0,1.1023780401521457,1.0906827674124473
1994-08-01,4,1,0.0014647596070997415,0.0014647596070997415,1,1.1039927589771144,1.0922803554743128
1994-09-01,4,1,-0.0016864399520301332,-0.0016864399520301332,1,1.1021309414816234,1.0904382902440233
1994-10-01,4,1,-0.0015092386968801885,-0.0015092386968801885,1,1.1004675628157103,1.088792558579827
1994-11-01,4,1,-0.0031561137502440217,-0.0031561137502440217,1,1.0969943620090101,1.0853562054145298
1994-12-01,4,1,0.005525165315582503,0.005525165315582503,1,1.103055437209372,1.0913529778757385
1995-01-01,4,1,0.00895754970446,0.00895754970446,1,1.1129361111149498,1.1011288264201708
1995-02-01,4,1,0.005825655710491373,0.005825655710491373,1,1.1194196937260787,1.1075436238557923
1995-03-01,4,1,0.007482510392375574,0.007482510392375574,1,1.127795763217814,1.1158308305313025
1995-04-01,4,0,0.0,0.0,0,1.127795763217814,1.1158308305313025
1995-05-01,4,1,0.007416811439262372,0.007416811439262372,1,1.1361604117355995,1.1241067373994686
1995-06-01,4,2,0.008996976601273576,0.008996976601273576,2,1.1463824203752782,1.1342202994131858
1995-07-01,4,2,0.0033644303750462734,0.0033644303750462734,2,1.1502393442118077,1.1380363046405255
1995-08-01,4,2,0.008790756738387806,0.008790756738387806,2,1.1603508184776965,1.1480405049540743
1995-09-01,4,1,0.0017925946403579696,0.0017925946403579696,1,1.1624308571358344,1.1500984762101687
1995-10-01,4,1,0.005408117752007169,0.005408117752007169,1,1.1687174200897916,1.1563183441959173
1995-11-01,4,1,0.007992880291505078,0.007992880291505078,1,1.1780588385231658,1.1655606582999465
1995-12-01,4,1,-6.101827293883422e-05,-6.101827293883422e-05,1,1.177986955407419,1.1654895378015715
1996-01-01,4,0,0.0,0.0,0,1.177986955407419,1.1654895378015715
1996-02-01,4,1,-0.0009506727838161921,-0.0009506727838161921,1,1.1768670752692225,1.164381538618161
1996-03-01,4,1,-0.0365038560411311,-0.0365038560411311,1,1.1339068889740478,1.121877122555493
1996-04-01,4,1,-0.016599371915657246,-0.016599371915657246,1,1.1150847468062417,1.1032546669545271
1996-05-01,4,1,0.011412782316194137,0.011412782316194137,1,1.1278109662856497,1.1158458723078042
1996-06-01,4,2,-0.029528874899163254,-0.029528874899163254,2,1.0945079773522963,1.0828961991376793
1996-07-01,4,1,0.007223593708758302,0.007223593708758302,1,1.1024142582916843,1.0907186013090087
1996-08-01,4,1,0.004602523088066635,0.004602523088066635,1,1.1074881453680856,1.0957386588541171
1996-09-01,4,1,0.00984619487908961,0.00984619487908961,1,1.1183926894736613,1.106527515225747
1996-10-01,4,1,0.012192427223220115,0.012192427223220115,1,1.1320286109470503,1.1200187714256276
1996-11-01,4,0,0.0,0.0,0,1.1320286109470503,1.1200187714256276
1996-12-01,4,0,0.0,0.0,0,1.1320286109470503,1.1200187714256276
1997-01-01,4,1,0.010496332645976325,0.010496332645976325,1,1.143910759812313,1.1317748610202487
1997-02-01,4,1,-0.0019508009869863285,-0.0019508009869863285,1,1.141679217573047,1.1295669935043242
1997-03-01,4,2,-0.009526468963745954,-0.009526468963745954,2,1.1308030459402836,1.1188062085982333
1997-04-01,4,1,0.02263296375322349,0.02263296375322349,1,1.1563964702910847,1.1441281089643185
1997-05-01,4,1,0.012963785425344154,0.012963785425344154,1,1.1713877459985638,1.1589603402680366
1997-06-01,4,1,0.013979390384461776,0.013979390384461776,1,1.1877630325914525,1.1751618993047521
1997-07-01,4,1,0.0005268618487176968,0.0005268618487176968,1,1.1883888196186423,1.1757810472755625
1997-08-01,4,1,0.002636857771450729,0.002636857771450729,1,1.1915224319131588,1.1788814146675954
1997-09-01,4,1,0.0037725982369639643,0.0037725982369639643,1,1.1960175673390976,1.18332886061416
1997-10-01,4,1,-0.003217124353421086,-0.003217124353421086,1,1.1921698300960915,1.1795219445185723
1997-11-01,4,1,0.006243875942572308,0.006243875942572308,1,1.1996135906176888,1.186886733211688
1997-12-01,4,0,0.0,0.0,0,1.1996135906176888,1.186886733211688
1998-01-01,4,1,0.0156691164258429,0.0156691164258429,1,1.2184104756351009,1.2054841996186703
1998-02-01,4,0,0.0,0.0,0,1.2184104756351009,1.2054841996186703
1998-03-01,4,1,0.008211602574222487,0.008211602574222487,1,1.2284155782332857,1.2153831567754434
1998-04-01,4,1,-0.0008496673260204868,-0.0008496673260204868,1,1.2273718336536863,1.2143504854185356
1998-05-01,4,1,-6.766388192191997e-06,-6.766388192191997e-06,1,1.2273635287794036,1.21434226865175
1998-06-01,4,1,0.010869369084888836,0.010869369084888836,1,1.2407041959750387,1.227541402965107
1998-07-01,4,1,-0.017716024831831795,-0.017716024831831795,1,1.218723849630187,1.2057942489880755
1998-08-01,4,1,-0.012557927453425377,-0.012557927453425377,1,1.203419203940772,1.1906519722855258
1998-09-01,4,0,0.0,0.0,0,1.203419203940772,1.1906519722855258
1998-10-01,4,0,0.0,0.0,0,1.203419203940772,1.1906519722855258
1998-11-01,4,1,0.009965659760754253,0.009965659760754253,1,1.2154120702768034,1.2025176047347943
1998-12-01,4,1,0.01233561615058193,0.01233561615058193,1,1.2304049270405222,1.2173514003211199
1999-01-01,4,2,-0.0016461608851129073,-0.0016461608851129073,2,1.2283794825767778,1.2153474440624739
1999-02-01,4,2,0.0054171254623848475,0.0054171254623848475,2,1.2350337683493156,1.221931133647349
1999-03-01,4,2,0.0993234592037881,0.0993234592037881,2,1.3577015944552595,1.3432975607500102
1999-04-01,4,2,0.03222889683714103,0.03222889683714103,2,1.4014588190785797,1.3865905592570054
1999-05-01,4,2,-0.03524394196214667,-0.03524394196214667,2,1.3520658857966357,1.337721642061291
1999-06-01,4,2,0.05825714175843488,0.05825714175843488,2,1.4308333797722343,1.415653481396182
1999-07-01,4,1,-0.009685080992621248,-0.009685080992621248,1,1.4169756426021942,1.4019427627713739
1999-08-01,4,1,-0.00175519212950756,-0.00175519212950756,1,1.4144885781065948,1.3994820838681374
1999-09-01,4,1,-0.003444168809789344,-0.003444168809789344,1,1.4096168406640768,1.3946620313250198
1999-10-01,4,1,0.017497942323520588,0.017497942323520588,1,1.4342822348402802,1.419065747109949
1999-11-01,4,1,0.0067721063982746355,0.0067721063982746355,1,1.4439953467397737,1.4286758113355247
1999-12-01,4,2,0.00495709197352498,0.00495709197352498,2,1.4511533644829047,1.4357578887326652
2000-01-01,4,2,0.006764786242691306,0.03336885510028134,3,1.460970106798994,1.4836674856808714
2000-02-01,4,1,0.009601330578095868,0.009601330578095868,1,1.4749973637590874,1.4979126676788659
2000-03-01,4,1,0.003319558178073889,-0.03949028098938118,2,1.4798937033205912,1.438759675534674
2000-04-01,4,0,0.0,0.0,0,1.4798937033205912,1.438759675534674
2000-05-01,4,1,0.007663132367040804,-0.0014277767238682904,2,1.4912343246582873,1.4367054479587054
2000-06-01,4,1,0.001887876549290013,0.001887876549290013,1,1.4940495909693061,1.4394177704821438
2000-07-01,4,1,0.0021147318397827797,0.009295588314530673,2,1.4972091052095433,1.4527980054891654
2000-08-01,5,1,-0.002344055040189574,-0.004607659401339892,2,1.4936995646602593,1.4461040071009255
2000-09-01,5,1,-0.010614079901910678,-0.007798199832246877,2,1.477845318131506,1.4348269990753395
2000-10-01,5,0,0.0,0.0067374675953277615,1,1.477845318131506,1.444494099486511
2000-11-01,5,0,0.0,-0.003637755529793374,1,1.477845318131506,1.43923938308835
2000-12-01,5,0,0.0,0.0,0,1.477845318131506,1.43923938308835
2001-01-01,5,0,0.0,0.0,0,1.477845318131506,1.43923938308835
2001-02-01,5,0,0.0,0.0,0,1.477845318131506,1.43923938308835
2001-03-01,5,0,0.0,0.0,0,1.477845318131506,1.43923938308835
2001-04-01,5,0,0.0,0.0,0,1.477845318131506,1.43923938308835
2001-05-01,5,0,0.0,0.0,0,1.477845318131506,1.43923938308835
2001-06-01,5,0,0.0,0.0,0,1.477845318131506,1.43923938308835
2001-07-01,5,0,0.0,0.0,0,1.477845318131506,1.43923938308835
2001-08-01,5,0,0.0,0.0,0,1.477845318131506,1.43923938308835
2001-09-01,5,0,0.0,0.0,0,1.477845318131506,1.43923938308835
2001-10-01,5,0,0.0,0.0,0,1.477845318131506,1.43923938308835
2001-11-01,5,0,0.0,0.0,0,1.477845318131506,1.43923938308835
2001-12-01,5,0,0.0,0.0,0,1.477845318131506,1.43923938308835
2002-01-01,5,1,-0.005806764433186551,-0.005806764433186551,1,1.469263818500429,1.4308820590277913
2002-02-01,5,1,0.01921569635757172,0.01921569635757172,1,1.4974967459058997,1.4583774541975665
2002-03-01,5,1,0.040250446128491824,0.040250446128491824,1,1.5577716580045768,1.5170777973527527
2002-04-01,5,1,-0.0008935281943899031,-0.0008935281943899031,1,1.5563797451077281,1.515722245567735
2002-05-01,5,1,-0.01219146727538245,-0.01219146727538245,1,1.5374051923771792,1.4972433674123269
2002-06-01,5,0,0.0,0.0,0,1.5374051923771792,1.4972433674123269
2002-07-01,5,1,-0.006369426751592355,-0.006369426751592355,1,1.527612802616815,1.4877067854542867
2002-08-01,5,1,0.00618420651084497,0.00618420651084497,1,1.5370598756568081,1.4969070714431214
2002-09-01,5,1,0.004786215791999826,0.004786215791999826,1,1.544416575906926,1.5040715917076186
2002-10-01,5,1,-0.00130882277560469,-0.00130882277560469,1,1.5423952083173575,1.5021030285522516
2002-11-01,5,1,-0.0007528116282315533,-0.0007528116282315533,1,1.5412340752692075,1.5009722279255555
2002-12-01,5,0,0.0,0.0,0,1.5412340752692075,1.5009722279255555
2003-01-01,5,1,-0.013129576710126822,-0.013129576710126822,1,1.5209983242496992,1.481265097919237
2003-02-01,5,0,0.0,0.0,0,1.5209983242496992,1.481265097919237
2003-03-01,5,1,0.01025241250605342,0.01025241250605342,1,1.536592226490923,1.4964516387339246
2003-04-01,5,1,0.01032100041571633,0.01032100041571633,1,1.5524513954993224,1.511896516719397
2003-05-01,5,2,0.025092652175674024,0.025092652175674024,2,1.5914065183862267,1.54983401013905
2003-06-01,5,1,0.000919028340080974,0.000919028340080974,1,1.5928690660772133,1.5512583515167893
2003-07-01,5,1,-0.0006065246740685426,-0.0006065246740685426,1,1.591902951686077,1.5503174750507394
2003-08-01,5,2,-0.011905813182704561,-0.011905813182704561,2,1.5729500525383067,1.531859684818903
2003-09-01,5,2,0.003648419393642621,0.003648419393642621,2,1.5786888340152185,1.5374485514013354
2003-10-01,5,2,-0.0011837627550152386,-0.0011837627550152386,2,1.576820040971753,1.5356285770684344
2003-11-01,5,1,0.005855795790075247,0.005855795790075247,1,1.5860535771293818,1.544620904425151
2003-12-01,5,3,0.04595490765411978,0.04595490765411978,3,1.6589405228008487,1.6156038154486319
2004-01-01,5,2,-0.010196892400401425,-0.010196892400401425,2,1.6420244847911827,1.599129677180824
2004-02-01,5,2,-0.003690974319339402,-0.003690974319339402,2,1.635963814586092,1.593227330609056
2004-03-01,5,1,-0.01427498165353156,-0.01427498165353156,1,1.612610461147034,1.5704840396947066
2004-04-01,5,2,0.017597520254297193,0.017597520254297193,2,1.6409884063993605,1.598120664392285
2004-05-01,5,2,0.02700221810882013,0.02700221810882013,2,1.6852987332630012,1.641273467136418
2004-06-01,5,2,-0.02171319258767368,-0.02171319258767368,2,1.6487055172998992,1.605636180255446
2004-07-01,5,0,0.0,0.026226111493335758,1,1.6487055172998992,1.647745773736559
2004-08-01,5,0,0.0,0.0,0,1.6487055172998992,1.647745773736559
2004-09-01,5,1,-8.052538339029525e-05,-8.052538339029525e-05,1,1.648572754656021,1.647613088376399
2004-10-01,5,1,0.009260568738196051,0.009260568738196051,1,1.6638394759704305,1.6628709226352603
2004-11-01,5,2,0.017676131831518883,0.017676131831518883,2,1.6932497218941691,1.6922640482825604
2004-12-01,5,2,-0.014113990080623173,-0.014113990080623173,2,1.6693512121153369,1.668379450291305
2005-01-01,5,2,-0.0006011223462947468,0.023140568664124596,3,1.6683477277979202,1.7069866995185854
2005-02-01,5,1,0.005750953638082734,0.005750953638082734,1,1.6779423182326865,1.7168035008883404
2005-03-01,5,2,-0.00833401164850105,0.013299115749248025,3,1.6639583274070224,1.7396354693653686
2005-04-01,5,1,0.002378846302482751,0.002378846302482751,1,1.66791662852166,1.7437737947693364
2005-05-01,5,1,0.004068642427945824,0.004068642427945824,1,1.6747027848827398,1.7508685868154752
2005-06-01,5,2,-0.0026943134571254302,-0.0026943134571254302,2,1.6701906106327449,1.7461511980203601
2005-07-01,5,1,0.0003321769865165525,0.0003321769865165525,1,1.6707454095166931,1.7467312292633208
2005-08-01,5,1,0.00026954838393491445,0.02593140177044062,2,1.6711957562417952,1.7920264185543235
2005-09-01,5,1,-0.0055403288958496555,-0.0055403288958496555,1,1.6619367821028674,1.7820980028054811
2005-10-01,5,1,0.007619383200778529,-0.009548793496321806,2,1.6745997153011778,1.7650811169864842
2005-11-01,5,2,0.023042039273381887,0.018430519511974785,3,1.7131859077083416,1.7976124789533217
2005-12-01,5,1,0.002640107125595259,0.01861410429148469,2,1.7177089020307517,1.8310734251122331
2006-01-01,5,1,-0.00032532278119696835,-0.00032532278119696835,1,1.7171500921934562,1.8304777352129997
2006-02-01,5,1,0.002677319547252566,0.002677319547252566,1,1.7217474517008522,1.835378509034296
2006-03-01,5,1,0.0013031984788288487,0.01669773308946505,2,1.723991230360836,1.866025169496291
2006-04-01,5,0,0.0,0.020857055161072946,1,1.723991230360836,1.9049449593884258
2006-05-01,5,1,-0.00571158363113462,-0.00571158363113462,1,1.7141445102692874,1.8940647069401704
2006-06-01,5,2,0.001032740125372511,0.014822920267599881,3,1.7159147760857294,1.9221402770728193
2006-07-01,5,2,0.010328322874710017,0.010328322874710017,2,1.7336372979186285,1.9419927624649118
2006-08-01,5,2,0.026557336954184718,0.026557336954184718,2,1.7796780877957958,1.9935669186202805
2006-09-01,5,2,-0.0016252022990254078,-0.0016252022990254078,2,1.776785750875985,1.9903269690808778
2006-10-01,5,3,0.02504270747307604,0.02504270747307604,3,1.8212812766775022,2.0401701451433443
2006-11-01,5,0,0.0,0.0,0,1.8212812766775022,2.0401701451433443
2006-12-01,5,1,0.0010928961748633893,0.0010928961748633893,1,1.823271748018133,2.0423998392910416
2007-01-01,5,1,0.0028985507246376495,0.0028985507246376495,1,1.8285565936645625,2.048319838825219
2007-02-01,5,1,-0.0052394795127353126,-0.0052394795127353126,1,1.81897590885418,2.037587708994165
2007-03-01,5,1,0.008058566402501865,0.008058566402501865,1,1.8336342470002327,2.054007744848016
2007-04-01,5,1,0.006490667103932646,0.006490667103932646,1,1.8455357564878814,2.067339625348724
2007-05-01,5,1,0.000403668753391484,0.000403668753391484,1,1.8462807416060423,2.068174145758125
2007-06-01,5,3,0.003849420050700392,0.003849420050700392,3,1.8533878517120026,2.0761354167831465
2007-07-01,5,3,-0.0023141547041217515,-0.0023141547041217515,3,1.8490988254964011,2.071330918242004
2007-08-01,5,3,0.0021200544896484708,0.0021200544896484708,3,1.8530190157631985,2.0757222526547707
2007-09-01,5,2,0.0425408511285331,0.0425408511285331,2,1.9318480218511216,2.1640252439891405
2007-10-01,5,1,0.007881132822539749,0.007881132822539749,1,1.9470731727042907,2.1810802143683476
2007-11-01,5,1,-0.0006070632039990587,-0.0006070632039990587,1,1.9458911762256481,2.1797561608252343
2007-12-01,5,1,0.017429915836830866,0.017429915836830866,1,1.9798078956548932,2.217749127253232
2008-01-01,5,1,0.01206534707281941,0.01206534707281941,1,2.003694965053478,2.2445070401939846
2008-02-01,5,1,0.016022886940686563,0.016022886940686563,1,2.0357999429421527,2.280470522736588
2008-03-01,5,1,-0.020091691408239944,-0.020091691408239944,1,1.9948972787196464,2.234652012728177
2008-04-01,5,1,-0.007701891280966744,-0.007701891280966744,1,1.9795327967622511,2.2174409658753507
2008-05-01,5,2,0.036430383461492875,0.036430383461492875,2,2.0516479356229014,2.298223190565413
2008-06-01,5,2,0.03178925804805388,0.03178925804805388,2,2.116868301272175,2.3712820006223185
2008-07-01,5,2,-0.02962418583201325,-0.02962418583201325,2,2.05415780133339,2.301034701975775
2008-08-01,5,0,0.0,0.0,0,2.05415780133339,2.301034701975775
2008-09-01,5,0,0.0,0.0,0,2.05415780133339,2.301034701975775
2008-10-01,5,1,-0.03526739767013003,-0.03526739767013003,1,1.9817130012765654,2.219883196088426
2008-11-01,5,0,0.0,0.0,0,1.9817130012765654,2.219883196088426
2008-12-01,5,1,0.04524063496959356,0.04524063496959356,1,2.071366955781816,2.320312121437797
2009-01-01,5,1,0.016484948665454892,0.016484948665454892,1,2.1055133337151988,2.3585623476475317
2009-02-01,5,1,0.010314268351199285,0.010314268351199285,1,2.1272301632561654,2.382889192624203
2009-03-01,5,1,-0.001302682557925472,-0.001302682557925472,1,2.1244590576257987,2.3797850444355024
2009-04-01,5,1,-0.007481690777377326,-0.007481690777377326,1,2.108564511887444,2.361980228616409
2009-05-01,5,0,0.0,0.0,0,2.108564511887444,2.361980228616409
2009-06-01,5,0,0.0,0.0,0,2.108564511887444,2.361980228616409
2009-07-01,5,0,0.0,0.0,0,2.108564511887444,2.361980228616409
2009-08-01,5,3,-0.003363425936175268,-0.003363425936175268,3,2.101472511320063,2.354035883054747
2009-09-01,5,2,0.013810016443828932,0.013810016443828932,2,2.1304938812576473,2.3865451573090963
2009-10-01,5,2,0.014608712119939415,0.014608712119939415,2,2.1616176530422324,2.4214095084734604
2009-11-01,5,2,-0.023561957139382493,-0.023561957139382493,2,2.110685710549519,2.3643563614179155
2009-12-01,5,2,0.01595441808953777,0.01595441808953777,2,2.144360472831239,2.402078291320635
2010-01-01,5,1,-0.00612684455045478,-0.00612684455045478,1,2.131222309554062,2.3873611310316916
2010-02-01,5,1,-0.0024500147062731293,-0.0024500147062731293,1,2.1260007835533172,2.381512061151479
2010-03-01,5,2,0.025209633900991558,0.025209633900991558,2,2.1795964849799176,2.4415491083439034
2010-04-01,5,2,-0.02230937605600678,-0.02230937605600678,2,2.1309710473461503,2.387079671126651
2010-05-01,5,1,-0.007412937976641265,-0.007412937976641265,1,2.115174291142155,2.3693843975792883
2010-06-01,5,1,-0.000657214591640809,-0.0036781158428614625,2,2.1137841677341527,2.360669527288723
2010-07-01,5,1,0.0013854417484719494,-0.0024112959597473393,2,2.1167126925673907,2.354977254395273
2010-08-01,5,1,0.0064012949746155455,0.0064012949746155455,1,2.1302623948890274,2.3700521584591674
2010-09-01,5,1,0.008822900327962336,0.008822900327962336,1,2.1490574876715396,2.3909628924253243
2010-10-01,5,1,0.004662080267672763,0.004662080267672763,1,2.159076566178907,2.402109753346838
2010-11-01,5,2,0.012608743234583919,0.012608743234583919,2,2.1862998082256637,2.432397338448078
2010-12-01,5,3,0.022774552611321976,0.022774552611321976,3,2.236091808232222,2.487794099604203
2011-01-01,5,3,-0.007369439598049854,-0.007369439598049854,3,2.2196130647157606,2.4694604512547853
2011-02-01,5,3,0.0306053812187387,0.0306053812187387,3,2.2875451687194794,2.545039229770037
2011-03-01,5,4,0.03976005133124334,0.03976005133124334,4,2.3784980820503034,2.6462301201857215
2011-04-01,5,2,0.011360463047730817,0.011360463047730817,2,2.405518921620535,2.676292519681884
2011-05-01,5,2,-0.038249381509014246,-0.038249381509014246,2,2.3135093106603186,2.5739259860668504
2011-06-01,5,2,-0.0019047074345573956,-0.0019047074345573956,2,2.3091027522763863,2.5690234101051885
2011-07-01,5,2,-0.0026666327124666767,-0.0026666327124666767,2,2.302945223340719,2.562172768240709
2011-08-01,5,0,0.0,0.0,0,2.302945223340719,2.562172768240709
2011-09-01,5,0,0.0,0.0,0,2.302945223340719,2.562172768240709
2011-10-01,5,0,0.0,0.0,0,2.302945223340719,2.562172768240709
2011-11-01,5,1,0.01737714349650208,0.01737714349650208,1,2.3429638329512947,2.6066960120972578
2011-12-01,5,2,0.014719809103814185,0.014719809103814185,2,2.377451813309478,2.6450660797870027
2012-01-01,5,1,0.007982592381860432,0.007982592381860432,1,2.3964300420426428,2.666180564125028
2012-02-01,5,1,0.00543442095690172,0.00543442095690172,1,2.409453251684868,2.680669711657593
2012-03-01,5,1,-0.00040453773286113214,-0.00040453773286113214,1,2.408478536928997,2.6795852796098893
2012-04-01,5,1,-0.0065145734007487025,-0.0065145734007487025,1,2.3927883267160452,2.662128924622305
2012-05-01,5,1,-0.002652709745241455,-0.002652709745241455,1,2.3864409538034654,2.65506706928087
2012-06-01,5,1,0.005485538126756717,0.005485538126756717,1,2.399531866642808,2.6696315409185067
2012-07-01,5,1,0.006423097854064652,0.006423097854064652,1,2.414944294626201,2.686778845540124
2012-08-01,5,1,0.005695963518472347,0.005695963518472347,1,2.4286997292275347,2.7020826398265236
2012-09-01,5,1,-0.0007759349323135601,-0.0007759349323135601,1,2.4268152162675265,2.6999859995162843
2012-10-01,5,1,-0.006024398047043444,-0.006024398047043444,1,2.412195115418109,2.6837202091337535
2012-11-01,5,1,0.0039841951653268644,0.0039841951653268644,1,2.4218057715347827,2.694412674216074
2012-12-01,5,1,0.008171329335086375,0.008171329335086375,1,2.4415951440796064,2.7164296075417242
2013-01-01,5,0,0.0,0.0,0,2.4415951440796064,2.7164296075417242
2013-02-01,5,1,0.005094193650772638,0.005094193650772638,1,2.4540331025603344,2.7302676260012344
2013-03-01,5,1,0.0025624987909699916,0.0025624987909699916,1,2.4603215594186456,2.7372639334918873
2013-04-01,5,0,0.0,0.0,0,2.4603215594186456,2.7372639334918873
2013-05-01,5,1,-0.002569762903697903,-0.002569762903697903,1,2.4539991163440833,2.7302298141779695
2013-06-01,5,2,0.01588283847207932,0.01588283847207932,2,2.492975587919602,2.773593613308213
2013-07-01,5,2,0.020375142891898967,0.020375142891898967,2,2.54377032174948,2.8301059795034265
2013-08-01,5,1,0.0012049337835871032,0.016613019214555845,2,2.546835396547842,2.8771225845201465
2013-09-01,5,1,-0.011977151179607426,-0.011977151179607426,1,2.516331563973813,2.8426628523630857
2013-10-01,5,0,0.0,0.0,0,2.516331563973813,2.8426628523630857
2013-11-01,5,0,0.0,0.0,0,2.516331563973813,2.8426628523630857
2013-12-01,5,1,0.001613028133954364,0.001613028133954364,1,2.52039047758086,2.847248147519294
2014-01-01,5,1,0.0020745973144276507,0.0020745973144276507,1,2.525619272896958,2.8531550408796464
2014-02-01,5,1,0.017608623533964352,0.017608623533964352,1,2.5700919518635255,2.9033951738785286
2014-03-01,5,1,-0.009874190612994127,-0.009874190612994127,1,2.544714374037903,2.874726496506805
2014-04-01,5,1,0.002736742729018493,0.002736742729018493,1,2.55167860259848,2.882593883344037
2014-05-01,5,2,0.003117263735290909,0.003117263735290909,2,2.559632857770478,2.891579688720157
2014-06-01,5,2,0.027878797216231543,0.027878797216231543,2,2.630992343160264,2.97219345249656
2014-07-01,5,2,-0.008150499375665365,-0.008150499375665365,2,2.609548441709956,2.9479685916176304
2014-08-01,5,2,-0.009171936429348415,-0.009171936429348415,2,2.585613829293287,2.9209300110995975
2014-09-01,5,2,-0.010244623421746146,-0.010244623421746146,2,2.559125189298118,2.891006183094605
2014-10-01,5,1,0.011077444032065741,0.003634672406770756,2,2.5874737553536176,2.901514043496103
2014-11-01,5,0,0.0,0.008311950499622921,1,2.5874737553536176,2.9256312845996035
2014-12-01,5,1,-0.002540075063161118,-0.002540075063161118,1,2.58090137779106,2.918199961529588
2015-01-01,5,1,0.005326943367945614,0.005326943367945614,1,2.594649693268806,2.9337450474609974
2015-02-01,5,1,-0.00021227547785995782,-0.00021227547785995782,1,2.594098912765288,2.9331222853291283
2015-03-01,5,1,0.001429814566416221,0.001429814566416221,1,2.5978079931774842,2.937316106297772
2015-04-01,5,0,0.0,0.0,0,2.5978079931774842,2.937316106297772
2015-05-01,5,1,-0.0011979506993569978,-0.0011979506993569978,1,2.594695947275262,2.933797346414
2015-06-01,5,1,-0.0004906420742251116,-0.0004906420742251116,1,2.593422880273707,2.932357901998599
2015-07-01,5,1,-0.00518303456311422,-0.00518303456311422,1,2.5799810798484772,2.917159389641119
2015-08-01,5,1,-0.009359419963036842,-0.0003085799312810833,2,2.5558339534254864,2.9162592127971276
2015-09-01,5,0,0.0,0.0,0,2.5558339534254864,2.9162592127971276
2015-10-01,5,1,0.0055126159985381396,0.0055126159985381396,1,2.569923284566747,2.9323354299894775
2015-11-01,5,2,-0.02114674552227964,-0.03382503340830092,3,2.5155777708562326,2.833149086105739
2015-12-01,5,1,-0.013191307057174018,-0.011066861439736697,2,2.482394012054667,2.80179501773169
2016-01-01,5,0,0.0,0.0,0,2.482394012054667,2.80179501773169
2016-02-01,5,1,0.0056389045331375785,0.0056389045331375785,1,2.4963919949022753,2.8175940723580997
2016-03-01,5,2,0.009495488763783921,0.009495488763783921,2,2.52009645703987,2.8443485052130804
2016-04-01,5,2,0.03379338012315294,0.03379338012315294,2,2.605259034559629,2.940468655452468
2016-05-01,5,1,0.0017757982135508498,0.0017757982135508498,1,2.6098854488990373,2.9456903344378227
2016-06-01,5,2,0.05198304310452242,0.05198304310452242,2,2.745555236687022,3.098816282065479
2016-07-01,5,2,0.01147709505121628,0.01147709505121628,2,2.7770662351068434,3.134381691081001
2016-08-01,5,2,-0.01693621770688585,-0.01693621770688585,2,2.7300332367626323,3.0812971203843764
2016-09-01,5,1,-0.0013597875505749312,-0.0013597875505749312,1,2.7263209715546264,3.077107210920455
2016-10-01,5,2,-0.006718330318080956,-0.006718330318080956,2,2.708004646714611,3.0564341882533426
2016-11-01,5,2,0.026354792623710033,0.026354792623710033,2,2.779373547602818,3.136985877452777
2016-12-01,5,0,0.0,0.0,0,2.779373547602818,3.136985877452777
2017-01-01,5,1,0.004816449242237786,0.004816449242237786,1,2.7927602592200653,3.152095010705145
2017-02-01,5,1,0.0031683627264572855,0.010351516293971352,2,2.8016087367293094,3.184723973568605
2017-03-01,5,1,-0.000634606771955637,-0.00033033511258819816,2,2.799830816852611,3.183671947416234
2017-04-01,5,1,0.003055130525450256,0.0034548746735804325,2,2.8083846654472735,3.194671134996351
2017-05-01,5,1,0.003226250861043267,0.003226250861043267,1,2.8174452188923134,3.204977945496383
2017-06-01,5,1,0.0016524307823779338,0.0016524307823779338,1,2.8221008520996747,3.2102739497103636
2017-07-01,5,2,0.009155438993674502,0.009155438993674502,2,2.8479384242850703,3.2396654170099195
2017-08-01,5,2,0.011138351521695178,0.011138351521695178,2,2.8796597635669,3.2757499492372553
2017-09-01,5,2,-0.00267428436571695,-0.00267428436571695,2,2.871958734482609,3.266989662362012
2017-10-01,5,2,0.0030835204874459787,0.0030835204874459787,2,2.8808144780794858,3.2770634919181796
2017-11-01,5,3,0.02114592586067654,0.02114592586067654,3,2.941731967451318,3.3463600335590113
2017-12-01,5,3,0.024988226331887464,0.024988226331887464,3,3.01524063166174,3.4299796354655663
2018-01-01,5,3,-0.0013741578761418572,0.01661492350847007,4,3.011097214999279,3.4869684847444367
2018-02-01,5,2,0.004566200632347206,0.004566200632347206,2,3.024846489006468,3.5028906824444515
2018-03-01,5,1,-0.0036362694568905065,-0.0036362694568905065,1,3.013847332106711,3.490153228045052
2018-04-01,5,1,0.003607134378191379,0.017065321305385163,2,3.0247186844289735,3.5497138142866675
2018-05-01,5,1,0.003913395940758635,-0.0003691392009699923,2,3.036555606250555,3.5484034757655896
2018-06-01,5,2,0.010712351451876123,0.010712351451876123,2,3.0690842571078756,3.586415220891049
2018-07-01,5,2,0.009040865232269036,0.009040865232269036,2,3.0968314342628664,3.6188395175700836
2018-08-01,5,2,0.02037531359352942,0.02037531359352942,2,3.159930345882272,3.6925745075852308
2018-09-01,5,2,-0.013133392249249254,-0.013133392249249254,2,3.118429741169494,3.6440784781675357
2018-10-01,5,2,-0.008725589532001666,-0.008725589532001666,2,3.091219603263663,3.6122817451446445
2018-11-01,5,1,-0.011451107691968731,-0.011451107691968731,1,3.055821714687166,3.57091711786726
2018-12-01,5,1,0.01614630814099418,0.01614630814099418,1,3.105161953716446,3.628574245998296
2019-01-01,5,1,0.0043495084484426625,0.0043495084484426625,1,3.1186678818679185,3.644356760337067
2019-02-01,5,1,0.0035660614332488905,0.0035660614332488905,1,3.1297892431245597,3.6573527604291045
2019-03-01,5,1,0.007119879599711831,0.007119879599711831,1,3.1520729657080797,3.6833926717370336
2019-04-01,5,1,-0.0033810868517115678,-0.0033810868517115678,1,3.1414155332480886,3.6709388012049327
2019-05-01,5,1,0.0024843153945584896,0.0024843153945584896,1,3.1492198002180416,3.680058570981248
2019-06-01,5,0,0.0,0.0,0,3.1492198002180416,3.680058570981248
2019-07-01,5,1,0.013438373453080698,0.013438373453080698,1,3.191540191979208,3.7295125723873044
2019-08-01,5,2,0.04254098833438338,0.04254098833438338,2,3.3273114660549115,3.8881697232221692
2019-09-01,5,2,-0.019976277145280406,-0.019976277145280406,2,3.2608441700603294,3.810498567243195
2019-10-01,5,2,0.017869707559133686,0.017869707559133686,2,3.3191145017752133,3.8785910622943285
2019-11-01,5,1,-0.012974886540616803,-0.012974886540616803,1,3.276049367699364,3.828266783323609
2019-12-01,5,1,0.01342360573849546,0.01342360573849546,1,3.3200257627912078,3.8796559272847233
2020-01-01,5,0,0.0,0.0,0,3.3200257627912078,3.8796559272847233
2020-02-01,5,0,0.0,0.0,0,3.3200257627912078,3.8796559272847233
2020-03-01,5,0,0.0,0.0,0,3.3200257627912078,3.8796559272847233
2020-04-01,5,0,0.0,0.0,0,3.3200257627912078,3.8796559272847233
2020-05-01,5,1,0.052546588912340965,0.052546588912340965,1,3.494481791726978,4.08351861241708
2020-06-01,5,1,-0.006766839735251717,-0.006766839735251717,1,3.4708351934846062,4.055886096410936
2020-07-01,5,1,0.06901229989037456,0.06901229989037456,1,3.7103655127274324,4.335792124017648
2020-08-01,5,1,0.03358754222130185,0.03358754222130185,1,3.8349875710426273,4.481420725045879
2020-09-01,5,1,-0.03014111674773423,-0.03014111674773423,1,3.7193967629377216,4.346345699776555
2020-10-01,5,1,-0.0015459039269636766,-0.0015459039269636766,1,3.7136469328759603,4.339626666891329
2020-11-01,5,3,0.05052430342934997,0.05052430342934997,3,3.9012763573420597,4.558883281379445
2020-12-01,5,1,0.005327749011584925,0.005327749011584925,1,3.922061378598808,4.583171867275745
2021-01-01,5,1,0.004727972129283176,0.004727972129283176,1,3.9406047754861615,4.60484097612794
2021-02-01,5,1,0.0013944446699680312,0.0013944446699680312,1,3.946099730811789,4.611262172083152
2021-03-01,5,2,0.02464681350865545,0.02464681350865545,2,4.043358514963663,4.724915090878003
2021-04-01,5,3,-0.004923473163734293,-0.004923473163734293,3,4.0234511478238835,4.701652098227142
2021-05-01,5,3,0.004944522985763156,0.004944522985763156,3,4.043345194506394,4.7248995250978885
2021-06-01,5,2,0.020209327222141506,0.020209327222141506,2,4.125058480614247,4.820386565692333
2021-07-01,5,2,0.008120712549476928,0.008120712549476928,2,4.1585568947850975,4.859531539369681
2021-08-01,5,2,0.010410401344982367,0.010410401344982367,2,4.201849141075754,4.910121213043119
2021-09-01,5,2,0.014472166904448792,0.014472166904448792,2,4.2626590031527165,4.981181306759353
2021-10-01,5,3,0.01699350064845371,0.01699350064845371,3,4.3350965016869285,5.065829014525834
2021-11-01,5,1,-0.0439738314954103,-0.0439738314954103,1,4.144465698605405,4.843065103056514
2021-12-01,5,2,0.027738114230625954,0.02973632360108478,3,4.2594253615782325,4.987080054182123
2022-01-01,5,3,0.02413154886279818,0.02413154886279818,3,4.3622118928186,5.107426020192306
2022-02-01,5,2,0.032473784143823334,0.032473784143823334,2,4.503869420215611,5.2732834703025775
2022-03-01,5,0,0.0,-0.008006975867770749,1,4.503869420215611,5.2310604168119506
2022-04-01,5,0,0.0,0.0,0,4.503869420215611,5.2310604168119506
2022-05-01,5,0,0.0,0.0,0,4.503869420215611,5.2310604168119506
2022-06-01,5,0,0.0,0.0,0,4.503869420215611,5.2310604168119506
2022-07-01,5,0,0.0,0.0,0,4.503869420215611,5.2310604168119506
2022-08-01,5,0,0.0,0.0,0,4.503869420215611,5.2310604168119506
2022-09-01,5,1,-0.00043616070082721505,-0.00043616070082721505,1,4.501905009372855,5.228778833834484
2022-10-01,5,1,-0.005658931268624845,-0.005658931268624845,1,4.476429038346937,5.199189533794975
2022-11-01,5,1,0.018978720435980236,0.018978720435980236,1,4.561385933617227,5.2978634984505435
2022-12-01,5,1,0.0024678347324700754,0.0024678347324700754,1,4.572642680252407,5.310937749999905
2023-01-01,5,1,0.006010530678436776,0.006010530678436776,1,4.600126689363594,5.342859304277548
2023-02-01,5,1,-0.0054477546263398844,-0.0054477546263398844,1,4.575066327909864,5.313752717784787
2023-03-01,5,1,0.007705982599281525,0.007705982599281525,1,4.610321709423297,5.354700403764922
2023-04-01,5,0,0.0,0.0,0,4.610321709423297,5.354700403764922
2023-05-01,5,1,0.009608844891708612,0.009608844891708612,1,4.654621575630022,5.406152889386269
2023-06-01,5,0,0.0,0.0,0,4.654621575630022,5.406152889386269
2023-07-01,5,1,-0.00225004235177515,-0.00225004235177515,1,4.644148479953368,5.3939888164249785
2023-08-01,5,1,-0.002165573797922593,-0.002165573797922593,1,4.634091233691519,5.382307735577841
2023-09-01,5,0,0.0,0.0,0,4.634091233691519,5.382307735577841
2023-10-01,5,2,0.025193877848738343,0.025193877848738343,2,4.750841962173053,5.517908939212309
2023-11-01,5,2,0.019407786097560154,0.019407786097560154,2,4.84304528675822,5.624999335610356
2023-12-01,5,1,0.005573574292619865,0.005573574292619865,1,4.8700383594664896,5.656350687303318
2024-01-01,5,1,0.008154623296105612,0.008154623296105612,1,4.909751687725523,5.702476096388945
2024-02-01,5,1,0.006329298419391271,0.006329298419391271,1,4.940826971322247,5.738568769332436
2024-03-01,5,1,-0.00224655095736499,-0.00224655095736499,1,4.929727151759648,5.725676782169787
2024-04-01,5,1,0.004801287143229605,0.004801287143229605,1,4.953396187353022,5.753167400490307
2024-05-01,5,1,0.006873250160723021,0.006873250160723021,1,4.98744211849387,5.792710359250393
2024-06-01,5,1,0.004537796144350681,0.004537796144350681,1,5.010074114109344,5.818996497983939
2024-07-01,5,2,0.007069119479504837,0.007069119479504837,2,5.045490926623158,5.860131679479008
2024-08-01,5,1,0.005222356803479311,0.005222356803479311,1,5.071840280490701,5.89073537802462
2024-09-01,5,1,0.006086146158855277,0.006086146158855277,1,5.102708241732136,5.9265872545184175
2024-10-01,5,1,0.004750995985491713,0.004750995985491713,1,5.126951188103741,5.954744446772301
2024-11-01,5,1,0.002731659976296452,0.002731659976296452,1,5.14095627546471,5.971010783846623
2024-12-01,5,2,0.013727853651882782,0.013727853651882782,2,5.211530570845018,6.052979946041083
2025-01-01,5,1,0.0019792406257663764,0.0019792406257663764,1,5.221845443873258,6.064960249857237
2025-02-01,5,0,0.0,0.0,0,5.221845443873258,6.064960249857237
2025-03-01,5,1,-0.01106574740197257,-0.01106574740197257,1,5.1640618212192155,5.997846931729313
2025-04-01,5,0,0.0,0.0,0,5.1640618212192155,5.997846931729313
2025-05-01,5,1,0.007538633949252427,0.007538633949252427,1,5.202991792980697,6.043062504231267
2025-06-01,5,2,0.006829237140166411,0.006829237140166411,2,5.238524257773301,6.08433201112551
2025-07-01,5,2,0.004231203357810198,0.004231203357810198,2,5.260689519202762,6.110076057161017
2025-08-01,5,2,0.01751331471372839,0.01751331471372839,2,5.3528216303637715,6.217083742074894
2025-09-01,5,3,0.05281564121380504,0.05281564121380504,3,5.635534337074559,6.545443006392501
2025-10-01,5,3,0.009550786733854011,0.009550786733854011,3,5.68935812365927,6.607957136625152
2025-11-01,5,1,0.003327149265249174,0.003327149265249174,1,5.708287467360142,6.629942796357072
2025-12-01,3,1,0.003701360102419171,0.003701360102419171,1,5.729415894844968,6.654482602104829
2026-01-01,5,0,0.0,0.0,0,5.729415894844968,6.654482602104829
2026-02-01,5,1,-0.006944994217328126,-0.006944994217328126,1,5.689625134586603,6.608267258913901
2026-03-01,5,1,0.009094363425629349,0.009094363425629349,1,5.741368653316128,6.668365242980151
2026-04-01,5,0,0.0,0.0,0,5.741368653316128,6.668365242980151
2026-05-01,5,0,0.0,0.0,0,5.741368653316128,6.668365242980151
2026-06-01,5,0,0.0,0.0,0,5.741368653316128,6.668365242980151
2026-07-01,5,0,0.0,0.0,0,5.741368653316128,6.668365242980151
2026-08-01,4,0,0.0,0.0,0,5.741368653316128,6.668365242980151
