t,date,ret3,lab,scored,typ,n_type_train,base_dir,n_screened,n_survivors,max_r2,split_attempted,status,reason,primary,primary_dir,primary_J,chosen_r2,primary_thresh_z,primary_z_t,tier,leaf_n,leaf_raw,flipA,flipB,predA,predB,is_accA,is_accB,hitA,hitB,model3
1428,1990-01-01,-0.005265170456216772,-1,True,12,115.0,1.0,25.0,0.0,0.08760839828958095,True,abstain,gate-fail-r2,,,,,,,,,,,,,,,,,,
1429,1990-02-01,0.05991829323649567,1,True,0,137.0,-1.0,30.0,2.0,0.42168472716759936,True,emitted,,Gold_Close:Z6,<,0.8888888888888888,0.3895532274556062,-0.4940483784856931,2.040093359569532,tier4,8.0,0.0,True,True,1.0,1.0,1.0,1.0,1.0,1.0,
1430,1990-03-01,0.06479347633398347,1,True,9,8.0,-1.0,0.0,0.0,0.0,True,abstain,degenerate-screen,,,,,,,,,,,,,,,,,,
1431,1990-04-01,0.0646105624223785,1,True,9,8.0,-1.0,0.0,0.0,0.0,True,abstain,degenerate-screen,,,,,,,,,,,,,,,,,,
1432,1990-05-01,-0.05567451820128477,-1,True,12,117.0,1.0,45.0,2.0,0.26894364832890916,True,emitted,,Dollar_Index:Z12,<,0.715686274509804,0.26894364832890916,0.3560069481681878,0.031051732721155367,tier2,16.0,0.9375,False,False,1.0,1.0,0.9375,0.9375,0.0,0.0,
1433,1990-06-01,-0.12480923444046721,-1,True,12,117.0,1.0,45.0,2.0,0.26894364832890916,True,emitted,,Dollar_Index:Z12,<,0.715686274509804,0.26894364832890916,0.3560069481681878,-0.9635121285437999,tier2,16.0,0.9375,False,False,1.0,1.0,0.9375,0.9375,0.0,0.0,
1434,1990-07-01,-0.14695997555759233,-1,True,12,116.0,1.0,45.0,2.0,0.36759120074996365,True,emitted,,Dollar_Index:Z12,<,0.8823529411764706,0.36759120074996365,0.3246969269082868,-0.9895082765605498,tier2,15.0,1.0,False,False,1.0,1.0,1.0,1.0,0.0,0.0,
1435,1990-08-01,-0.04674225245653807,-1,True,12,117.0,1.0,46.0,2.0,0.3206994423932141,True,emitted,,Dollar_Index:Z12,<,0.715686274509804,0.3206994423932141,0.3325285509131035,-0.9837391183967595,tier2,16.0,0.9375,False,False,1.0,1.0,0.9375,0.9375,0.0,0.0,
1436,1990-09-01,0.042294156811768735,1,True,1,163.0,-1.0,45.0,0.0,0.16334446566140148,True,abstain,gate-fail-r2,,,,,,,,,,,,,,,,,,
1437,1990-10-01,0.059813753581661855,1,True,1,163.0,-1.0,45.0,0.0,0.16334446566140148,True,abstain,gate-fail-r2,,,,,,,,,,,,,,,,,,
1438,1990-11-01,0.14897396048082712,1,True,1,164.0,-1.0,45.0,0.0,0.16334446566140148,True,abstain,gate-fail-r2,,,,,,,,,,,,,,,,,,
1439,1990-12-01,0.1324106463878325,1,True,1,165.0,-1.0,45.0,0.0,0.13298578179020873,True,abstain,gate-fail-r2,,,,,,,,,,,,,,,,,,
1440,1991-01-01,0.16648744969123475,1,True,1,166.0,-1.0,45.0,0.0,0.10894905966684598,True,abstain,gate-fail-r2,,,,,,,,,,,,,,,,,,
1441,1991-02-01,0.043421851708717485,1,True,21,4.0,,,,,,abstain,type-train<floor8,,,,,,,,,,,,,,,,,,
1442,1991-03-01,0.016143762759213587,1,True,24,81.0,1.0,45.0,3.0,0.353031156149126,True,emitted,,Term_Spread_10Y_2Y:Z6,>,0.6428571428571428,0.2540732998141248,-0.005879734959424812,-0.1633039000179588,tier4,10.0,0.5,False,False,1.0,1.0,0.5,0.5,1.0,1.0,
1443,1991-04-01,0.0014485882848715992,1,True,24,81.0,1.0,45.0,3.0,0.353031156149126,True,emitted,,Term_Spread_10Y_2Y:Z6,>,0.6428571428571428,0.2540732998141248,-0.005879734959424812,0.001081482781575877,tier2,9.0,1.0,False,False,1.0,1.0,1.0,1.0,1.0,1.0,
1444,1991-05-01,0.030185983756183976,1,True,24,81.0,1.0,45.0,3.0,0.353031156149126,True,emitted,,Term_Spread_10Y_2Y:Z6,>,0.6428571428571428,0.2540732998141248,-0.005879734959424812,0.031903742056488514,tier2,9.0,1.0,False,False,1.0,1.0,1.0,1.0,1.0,1.0,
1445,1991-06-01,0.023553358534457614,1,True,24,82.0,1.0,45.0,2.0,0.3401201110263185,True,emitted,,Term_Spread_10Y_2Y:Z6,>,0.6000000000000001,0.2444803476296315,-0.009609559984932068,0.37816950714751374,tier2,9.0,1.0,False,False,1.0,1.0,1.0,1.0,1.0,1.0,
1446,1991-07-01,0.017489414301869788,1,True,24,83.0,1.0,45.0,2.0,0.32812873109880497,True,emitted,,Term_Spread_10Y_2Y:Z6,>,0.625,0.24091310524939177,-0.008370922009550521,0.12798699177760164,tier2,10.0,1.0,False,False,1.0,1.0,1.0,1.0,1.0,1.0,
1447,1991-08-01,-0.008936825885978328,-1,True,12,119.0,1.0,50.0,2.0,0.2730486109982143,True,emitted,,M2_Money:Z12,>,0.6888888888888889,0.2730486109982143,-0.5742633652236495,-1.7951011613596661,tier4,10.0,0.2,True,False,-1.0,1.0,0.8,0.2,1.0,0.0,
1448,1991-09-01,0.0033832644628100095,1,True,12,118.0,1.0,50.0,2.0,0.2730486109982143,True,emitted,,M2_Money:Z12,>,0.6888888888888889,0.2730486109982143,-0.5742633652236495,-1.9072208663154464,tier4,10.0,0.2,True,False,-1.0,1.0,0.8,0.2,0.0,1.0,
1449,1991-10-01,0.07547559966914807,1,True,12,118.0,1.0,50.0,2.0,0.2730486109982143,True,emitted,,M2_Money:Z12,>,0.6888888888888889,0.2730486109982143,-0.5742633652236495,-2.20905688131292,tier4,10.0,0.2,True,False,-1.0,1.0,0.8,0.2,0.0,1.0,
1450,1991-11-01,0.06902985074626855,1,True,12,119.0,1.0,50.0,1.0,0.31077229582840976,True,emitted,,M2_Money:Z12,>,0.7070707070707072,0.31077229582840976,-0.5365059430565526,-2.2690376719070957,tier4,11.0,0.18181818181818182,True,True,-1.0,-1.0,0.8181818181818181,0.8181818181818181,0.0,0.0,
1451,1991-12-01,0.04851869964737077,1,True,12,120.0,1.0,50.0,1.0,0.2314630402383719,True,emitted,,M2_Money:Z12,>,0.660287081339713,0.2314630402383719,-0.4914583793352884,-2.131958332522488,tier4,12.0,0.25,True,False,-1.0,1.0,0.75,0.25,0.0,1.0,
1452,1992-01-01,-0.020837338973274222,-1,True,24,86.0,1.0,45.0,2.0,0.2936968323725527,True,emitted,,Term_Spread_10Y_2Y:Z6,>,0.6842105263157894,0.2424779793139588,-0.037351587906366265,0.4795210268594871,tier2,13.0,1.0,False,False,1.0,1.0,1.0,1.0,0.0,0.0,
1453,1992-02-01,0.005453752181500793,1,True,12,122.0,1.0,50.0,0.0,0.19113333591761306,True,abstain,gate-fail-r2,,,,,,,,,,,,,,,,,,
1454,1992-03-01,0.0022338963079340246,1,True,12,123.0,1.0,50.0,1.0,0.20713682492674723,True,emitted,,Term_Spread_10Y_2Y:Z12,>,0.6125,0.20713682492674723,-0.38413861400320287,0.5888281035867499,tier2,15.0,0.8666666666666667,False,False,1.0,1.0,0.8666666666666667,0.8666666666666667,1.0,1.0,
1455,1992-04-01,0.018752607937949417,1,True,12,122.0,1.0,50.0,1.0,0.20713682492674723,True,emitted,,Term_Spread_10Y_2Y:Z12,>,0.6125,0.20713682492674723,-0.38413861400320304,0.4025052148250194,tier2,15.0,0.8666666666666667,False,False,1.0,1.0,0.8666666666666667,0.8666666666666667,1.0,1.0,
1456,1992-05-01,0.007521515874737927,1,True,22,10.0,1.0,0.0,0.0,0.0,True,abstain,degenerate-screen,,,,,,,,,,,,,,,,,,
1457,1992-06-01,0.025007960418350628,1,True,13,,,,,,,pulled,pulled-type,,,,,,,,,,,,,,,,,,
1458,1992-07-01,-0.006143838091796194,-1,True,13,,,,,,,pulled,pulled-type,,,,,,,,,,,,,,,,,,
1459,1992-08-01,0.011748378915129143,1,True,14,,,,,,,pulled,pulled-type,,,,,,,,,,,,,,,,,,
1460,1992-09-01,0.04100554387306432,1,True,14,,,,,,,pulled,pulled-type,,,,,,,,,,,,,,,,,,
1461,1992-10-01,0.05510303030303043,1,True,14,,,,,,,pulled,pulled-type,,,,,,,,,,,,,,,,,,
1462,1992-11-01,0.0446031595875509,1,True,14,,,,,,,pulled,pulled-type,,,,,,,,,,,,,,,,,,
1463,1992-12-01,0.03333027270223132,1,True,14,,,,,,,pulled,pulled-type,,,,,,,,,,,,,,,,,,
1464,1993-01-01,0.018036440502722684,1,True,14,,,,,,,pulled,pulled-type,,,,,,,,,,,,,,,,,,
1465,1993-02-01,0.008037129273262389,1,True,14,,,,,,,pulled,pulled-type,,,,,,,,,,,,,,,,,,
1466,1993-03-01,-0.004665007997156634,-1,True,14,,,,,,,pulled,pulled-type,,,,,,,,,,,,,,,,,,
1467,1993-04-01,0.009501670127290973,1,True,13,,,,,,,pulled,pulled-type,,,,,,,,,,,,,,,,,,
1468,1993-05-01,0.019943851768669196,1,True,13,,,,,,,pulled,pulled-type,,,,,,,,,,,,,,,,,,
1469,1993-06-01,0.0249520153550864,1,True,13,,,,,,,pulled,pulled-type,,,,,,,,,,,,,,,,,,
1470,1993-07-01,0.037134744796440744,1,True,13,,,,,,,pulled,pulled-type,,,,,,,,,,,,,,,,,,
1471,1993-08-01,0.019289630722480355,1,True,13,,,,,,,pulled,pulled-type,,,,,,,,,,,,,,,,,,
1472,1993-09-01,0.014611096594373318,1,True,13,,,,,,,pulled,pulled-type,,,,,,,,,,,,,,,,,,
1473,1993-10-01,0.019594740245742592,1,True,13,,,,,,,pulled,pulled-type,,,,,,,,,,,,,,,,,,
1474,1993-11-01,0.018773358681328123,1,True,14,,,,,,,pulled,pulled-type,,,,,,,,,,,,,,,,,,
1475,1993-12-01,-0.0045927674643201355,-1,True,14,,,,,,,pulled,pulled-type,,,,,,,,,,,,,,,,,,
1476,1994-01-01,-0.05446203936658278,-1,True,14,,,,,,,pulled,pulled-type,,,,,,,,,,,,,,,,,,
1477,1994-02-01,-0.04385258068620379,-1,True,14,,,,,,,pulled,pulled-type,,,,,,,,,,,,,,,,,,
1478,1994-03-01,-0.01936137642569158,-1,True,14,,,,,,,pulled,pulled-type,,,,,,,,,,,,,,,,,,
1479,1994-04-01,0.00932406144489395,1,True,14,,,,,,,pulled,pulled-type,,,,,,,,,,,,,,,,,,
1480,1994-05-01,0.02958527389665111,1,True,14,,,,,,,pulled,pulled-type,,,,,,,,,,,,,,,,,,
1481,1994-06-01,0.026669305015060596,1,True,14,,,,,,,pulled,pulled-type,,,,,,,,,,,,,,,,,,
1482,1994-07-01,0.027492246344705373,1,True,2,55.0,1.0,34.0,0.0,0.11651456211618509,True,abstain,gate-fail-r2,,,,,,,,,,,,,,,,,,
1483,1994-08-01,-0.006957608133723925,-1,True,14,,,,,,,pulled,pulled-type,,,,,,,,,,,,,,,,,,
1484,1994-09-01,-0.025205585060818825,-1,True,14,,,,,,,pulled,pulled-type,,,,,,,,,,,,,,,,,,
1485,1994-10-01,0.0031047196050106862,1,True,14,,,,,,,pulled,pulled-type,,,,,,,,,,,,,,,,,,
1486,1994-11-01,0.04535693368907401,1,True,14,,,,,,,pulled,pulled-type,,,,,,,,,,,,,,,,,,
1487,1994-12-01,0.08339374766580976,1,True,14,,,,,,,pulled,pulled-type,,,,,,,,,,,,,,,,,,
1488,1995-01-01,0.09169263836646979,1,True,14,,,,,,,pulled,pulled-type,,,,,,,,,,,,,,,,,,
1489,1995-02-01,0.0869231407702522,1,True,14,,,,,,,pulled,pulled-type,,,,,,,,,,,,,,,,,,
1490,1995-03-01,0.09368346344925493,1,True,14,,,,,,,pulled,pulled-type,,,,,,,,,,,,,,,,,,
1491,1995-04-01,0.09737945699041162,1,True,17,5.0,,,,,,abstain,type-train<floor8,,,,,,,,,,,,,,,,,,
1492,1995-05-01,0.06739084782650218,1,True,26,,,,,,,pulled,pulled-type,,,,,,,,,,,,,,,,,,
1493,1995-06-01,0.07308797626772967,1,True,26,,,,,,,pulled,pulled-type,,,,,,,,,,,,,,,,,,
1494,1995-07-01,0.0458402856271416,1,True,26,,,,,,,pulled,pulled-type,,,,,,,,,,,,,,,,,,
1495,1995-08-01,0.06513923914793152,1,True,26,,,,,,,pulled,pulled-type,,,,,,,,,,,,,,,,,,
1496,1995-09-01,0.0618553138552449,1,True,25,,,,,,,pulled,pulled-type,,,,,,,,,,,,,,,,,,
1497,1995-10-01,0.05403828998833449,1,True,25,,,,,,,pulled,pulled-type,,,,,,,,,,,,,,,,,,
1498,1995-11-01,0.09069232448407294,1,True,25,,,,,,,pulled,pulled-type,,,,,,,,,,,,,,,,,,
1499,1995-12-01,0.052882503213629084,1,True,25,,,,,,,pulled,pulled-type,,,,,,,,,,,,,,,,,,
1500,1996-01-01,0.05330230135737768,1,True,16,10.0,1.0,0.0,0.0,0.0,True,abstain,degenerate-screen,,,,,,,,,,,,,,,,,,
1501,1996-02-01,0.01799735197216501,1,True,25,,,,,,,pulled,pulled-type,,,,,,,,,,,,,,,,,,
1502,1996-03-01,0.033118518861946944,1,True,15,5.0,,,,,,abstain,type-train<floor8,,,,,,,,,,,,,,,,,,
1503,1996-04-01,-0.00479008606703013,-1,True,16,11.0,1.0,0.0,0.0,0.0,True,abstain,degenerate-screen,,,,,,,,,,,,,,,,,,
1504,1996-05-01,0.0021928829605430966,1,True,16,11.0,1.0,0.0,0.0,0.0,True,abstain,degenerate-screen,,,,,,,,,,,,,,,,,,
1505,1996-06-01,0.009543754674644633,1,True,13,,,,,,,pulled,pulled-type,,,,,,,,,,,,,,,,,,
1506,1996-07-01,0.08910522148213706,1,True,13,,,,,,,pulled,pulled-type,,,,,,,,,,,,,,,,,,
1507,1996-08-01,0.1101436590813063,1,True,13,,,,,,,pulled,pulled-type,,,,,,,,,,,,,,,,,,
1508,1996-09-01,0.10130689900426737,1,True,13,,,,,,,pulled,pulled-type,,,,,,,,,,,,,,,,,,
1509,1996-10-01,0.09232172896530089,1,True,13,,,,,,,pulled,pulled-type,,,,,,,,,,,,,,,,,,
1510,1996-11-01,0.0852556173284218,1,True,17,6.0,,,,,,abstain,type-train<floor8,,,,,,,,,,,,,,,,,,
1511,1996-12-01,0.06580558358560373,1,True,17,6.0,,,,,,abstain,type-train<floor8,,,,,,,,,,,,,,,,,,
1512,1997-01-01,-0.0029886977630446676,-1,True,26,,,,,,,pulled,pulled-type,,,,,,,,,,,,,,,,,,
1513,1997-02-01,0.043462468217287276,1,True,26,,,,,,,pulled,pulled-type,,,,,,,,,,,,,,,,,,
1514,1997-03-01,0.10620329226418912,1,True,26,,,,,,,pulled,pulled-type,,,,,,,,,,,,,,,,,,
1515,1997-04-01,0.2112235414239525,1,True,14,,,,,,,pulled,pulled-type,,,,,,,,,,,,,,,,,,
1516,1997-05-01,0.11301299979594037,1,True,25,,,,,,,pulled,pulled-type,,,,,,,,,,,,,,,,,,
1517,1997-06-01,0.06930354106517256,1,True,25,,,,,,,pulled,pulled-type,,,,,,,,,,,,,,,,,,
1518,1997-07-01,0.027958802105285896,1,True,25,,,,,,,pulled,pulled-type,,,,,,,,,,,,,,,,,,
1519,1997-08-01,0.01259652301453773,1,True,25,,,,,,,pulled,pulled-type,,,,,,,,,,,,,,,,,,
1520,1997-09-01,0.027053851572004906,1,True,25,,,,,,,pulled,pulled-type,,,,,,,,,,,,,,,,,,
1521,1997-10-01,0.01282644350056783,1,True,25,,,,,,,pulled,pulled-type,,,,,,,,,,,,,,,,,,
1522,1997-11-01,0.09033783495931491,1,True,25,,,,,,,pulled,pulled-type,,,,,,,,,,,,,,,,,,
1523,1997-12-01,0.11893554454108068,1,True,16,13.0,1.0,0.0,0.0,0.0,True,abstain,degenerate-screen,,,,,,,,,,,,,,,,,,
1524,1998-01-01,0.15450091346952344,1,True,13,,,,,,,pulled,pulled-type,,,,,,,,,,,,,,,,,,
1525,1998-02-01,0.08271631468927665,1,True,16,14.0,1.0,0.0,0.0,0.0,True,abstain,degenerate-screen,,,,,,,,,,,,,,,,,,
1526,1998-03-01,0.029308247355664507,1,True,25,,,,,,,pulled,pulled-type,,,,,,,,,,,,,,,,,,
1527,1998-04-01,0.03990289516274048,1,True,25,,,,,,,pulled,pulled-type,,,,,,,,,,,,,,,,,,
1528,1998-05-01,-0.0304938561195216,-1,True,25,,,,,,,pulled,pulled-type,,,,,,,,,,,,,,,,,,
1529,1998-06-01,-0.07916888459838156,-1,True,25,,,,,,,pulled,pulled-type,,,,,,,,,,,,,,,,,,
1530,1998-07-01,-0.1073077521658683,-1,True,25,,,,,,,pulled,pulled-type,,,,,,,,,,,,,,,,,,
1531,1998-08-01,0.06496249837151757,1,True,13,,,,,,,pulled,pulled-type,,,,,,,,,,,,,,,,,,
1532,1998-09-01,0.16598408841511203,1,True,1,169.0,-1.0,45.0,0.0,0.12191921705899562,True,abstain,gate-fail-r2,,,,,,,,,,,,,,,,,,
1533,1998-10-01,0.20949761252142918,1,True,1,169.0,-1.0,45.0,0.0,0.12191921705899562,True,abstain,gate-fail-r2,,,,,,,,,,,,,,,,,,
1534,1998-11-01,0.08925840811583052,1,True,13,,,,,,,pulled,pulled-type,,,,,,,,,,,,,,,,,,
1535,1998-12-01,0.07697995882525954,1,True,13,,,,,,,pulled,pulled-type,,,,,,,,,,,,,,,,,,
1536,1999-01-01,0.06885975800187394,1,True,13,,,,,,,pulled,pulled-type,,,,,,,,,,,,,,,,,,
1537,1999-02-01,0.06857963387829091,1,True,25,,,,,,,pulled,pulled-type,,,,,,,,,,,,,,,,,,
1538,1999-03-01,0.03190393708159722,1,True,25,,,,,,,pulled,pulled-type,,,,,,,,,,,,,,,,,,
1539,1999-04-01,0.03463544007911534,1,True,25,,,,,,,pulled,pulled-type,,,,,,,,,,,,,,,,,,
1540,1999-05-01,-0.003438257749217355,-1,True,25,,,,,,,pulled,pulled-type,,,,,,,,,,,,,,,,,,
1541,1999-06-01,-0.003311784053532829,-1,True,26,,,,,,,pulled,pulled-type,,,,,,,,,,,,,,,,,,
1542,1999-07-01,-0.05863909224541819,-1,True,26,,,,,,,pulled,pulled-type,,,,,,,,,,,,,,,,,,
1543,1999-08-01,0.04784216830258603,1,True,14,,,,,,,pulled,pulled-type,,,,,,,,,,,,,,,,,,
1544,1999-09-01,0.08383592404621565,1,True,14,,,,,,,pulled,pulled-type,,,,,,,,,,,,,,,,,,
1545,1999-10-01,0.09659925692879279,1,True,14,,,,,,,pulled,pulled-type,,,,,,,,,,,,,,,,,,
1546,1999-11-01,-0.0015312724658519405,-1,True,14,,,,,,,pulled,pulled-type,,,,,,,,,,,,,,,,,,
1547,1999-12-01,0.009470280258700337,1,True,14,,,,,,,pulled,pulled-type,,,,,,,,,,,,,,,,,,
1548,2000-01-01,0.02509136568017456,1,True,14,,,,,,,pulled,pulled-type,,,,,,,,,,,,,,,,,,
1549,2000-02-01,0.021319489945063275,1,True,14,,,,,,,pulled,pulled-type,,,,,,,,,,,,,,,,,,
1550,2000-03-01,0.013694260891271126,1,True,14,,,,,,,pulled,pulled-type,,,,,,,,,,,,,,,,,,
1551,2000-04-01,0.007965183117096375,1,True,17,7.0,,,,,,abstain,type-train<floor8,,,,,,,,,,,,,,,,,,
1552,2000-05-01,0.047219558964525454,1,True,14,,,,,,,pulled,pulled-type,,,,,,,,,,,,,,,,,,
1553,2000-06-01,0.004165640646802915,1,True,13,,,,,,,pulled,pulled-type,,,,,,,,,,,,,,,,,,
1554,2000-07-01,-0.05625254582484718,-1,True,13,,,,,,,pulled,pulled-type,,,,,,,,,,,,,,,,,,
1555,2000-08-01,-0.07231429994749106,-1,True,13,,,,,,,pulled,pulled-type,,,,,,,,,,,,,,,,,,
1556,2000-09-01,-0.09340281325567923,-1,True,13,,,,,,,pulled,pulled-type,,,,,,,,,,,,,,,,,,
1557,2000-10-01,-0.0392118779403513,-1,True,1,173.0,-1.0,45.0,0.0,0.1329898565339133,True,abstain,gate-fail-r2,,,,,,,,,,,,,,,,,,
1558,2000-11-01,-0.05245856433775509,-1,True,1,173.0,-1.0,45.0,0.0,0.1329898565339133,True,abstain,gate-fail-r2,,,,,,,,,,,,,,,,,,
1559,2000-12-01,-0.1090064841877485,-1,True,0,154.0,-1.0,30.0,2.0,0.47829970647494563,True,emitted,,Gold_Close:Z6,<,0.9090909090909092,0.46086446085603383,-0.4886556044996711,0.027174371711257084,tier4,10.0,0.0,True,True,1.0,1.0,1.0,1.0,0.0,0.0,
1560,2001-01-01,-0.10915448140577866,-1,True,0,154.0,-1.0,30.0,2.0,0.47829970647494563,True,emitted,,Gold_Close:Z6,<,0.9090909090909092,0.46086446085603383,-0.4886556044996711,0.10978789909295925,tier4,10.0,0.0,True,True,1.0,1.0,1.0,1.0,0.0,0.0,
1561,2001-02-01,-0.02709553896228234,-1,True,0,154.0,-1.0,30.0,2.0,0.47829970647494563,True,emitted,,Gold_Close:Z6,<,0.9090909090909092,0.46086446085603383,-0.4886556044996711,0.37249884482155304,tier4,10.0,0.0,True,True,1.0,1.0,1.0,1.0,0.0,0.0,
1562,2001-03-01,0.044575620862672416,1,True,0,154.0,-1.0,30.0,2.0,0.41344840544474676,True,emitted,,Fed_Funds_Rate:Z12,>,0.7777777777777777,0.3288904222053283,0.5427984034681389,0.3030309294451197,tier4,16.0,0.125,True,True,1.0,1.0,0.875,0.875,1.0,1.0,
1563,2001-04-01,0.012278961877227212,1,True,0,155.0,-1.0,30.0,2.0,0.3991038622909258,True,emitted,,Fed_Funds_Rate:Z12,>,0.8,0.34316428439554775,0.4928497018661351,0.0065987297981389,tier4,16.0,0.125,True,True,1.0,1.0,0.875,0.875,1.0,1.0,
1564,2001-05-01,-0.07231751379519347,-1,True,0,156.0,-1.0,30.0,2.0,0.3438752680185576,True,emitted,,Fed_Funds_Rate:Z12,>,0.7662337662337662,0.3438752680185576,0.23469028441602477,-0.34772755373163444,tier4,13.0,0.07692307692307693,True,True,1.0,1.0,0.9230769230769231,0.9230769230769231,0.0,0.0,
1565,2001-06-01,-0.15667105295024653,-1,True,0,157.0,-1.0,30.0,2.0,0.32272948839738086,True,emitted,,Fed_Funds_Rate:Z12,>,0.7757575757575759,0.32272948839738086,0.28232992288396674,-0.5696319284037836,tier4,14.0,0.07142857142857142,True,True,1.0,1.0,0.9285714285714286,0.9285714285714286,0.0,0.0,
1566,2001-07-01,-0.10615633691726523,-1,True,0,158.0,-1.0,30.0,2.0,0.3148890713378413,True,emitted,,Fed_Funds_Rate:Z12,>,0.7840909090909092,0.3148890713378413,0.28909630920833923,-0.667523804567529,tier4,15.0,0.06666666666666667,True,True,1.0,1.0,0.9333333333333333,0.9333333333333333,0.0,0.0,
1567,2001-08-01,-0.04142554094187523,-1,True,0,159.0,-1.0,46.0,3.0,0.32903690848651257,True,emitted,,Fed_Funds_Rate:Z12,>,0.7083333333333335,0.281166852301235,0.3124609578199361,-0.6986384328731194,tier4,16.0,0.125,True,True,1.0,1.0,0.875,0.875,0.0,0.0,
1568,2001-09-01,0.09600436514014388,1,True,0,159.0,-1.0,47.0,3.0,0.3519473598475103,True,abstain,leaf<floor8,Fed_Funds_Rate:Z12,>,0.7025641025641027,0.2707035106195553,0.34954067832847197,-0.914418161834213,tier4,2.0,,,,,,,,,,US_CPI:Z6_vel
1569,2001-10-01,0.05909399121299663,1,True,0,158.0,-1.0,47.0,2.0,0.3602715545463942,True,abstain,leaf<floor8,Fed_Funds_Rate:Z12,>,0.6476190476190475,0.2344959894823102,0.3900056767416701,-1.1471078423206007,tier4,3.0,,,,,,,,,,Term_Spread_10Y_3M:Z12
1570,2001-11-01,-0.0256798385383471,-1,True,0,156.0,-1.0,47.0,1.0,0.27710311622564143,True,abstain,leaf<floor8,US_2Y_Treasury:Z6_acc,>,0.4285714285714286,0.27710311622564143,0.549997279365239,0.6119428896810364,tier2,3.0,,,,,,,,,,
1571,2001-12-01,0.007738464360266484,1,True,0,156.0,-1.0,48.0,1.0,0.2447431457968745,True,abstain,leaf<floor8,US_2Y_Treasury:Z6_acc,>,0.4285714285714286,0.2447431457968745,0.16054611655557394,0.8334533430608241,tier2,7.0,,,,,,,,,,
1572,2002-01-01,-0.024802448671735866,-1,True,0,157.0,-1.0,55.0,2.0,0.23318258053958282,True,abstain,leaf<floor8,Fed_Funds_Rate:Z12,>,0.5840336134453783,0.2136320916563624,0.5051398849854957,-1.1437266538616748,tier4,4.0,,,,,,,,,,VIX_Close:Z12
1573,2002-02-01,-0.01946087383139372,-1,True,0,156.0,-1.0,55.0,2.0,0.23791560102301795,True,abstain,leaf<floor8,Term_Spread_10Y_2Y:Z6_acc,<,0.5,0.23791560102301795,-0.6541622679109352,-0.7249854238081619,tier2,6.0,,,,,,,,,,
1574,2002-03-01,-0.1211398954749131,-1,True,24,87.0,1.0,45.0,2.0,0.2213645624332655,True,emitted,,Term_Spread_10Y_2Y:Z6_vel,>,0.4035087719298245,0.21236409215504654,-0.238223537113329,0.38940080730741755,tier2,16.0,0.875,False,False,1.0,1.0,0.875,0.875,0.0,0.0,
1575,2002-04-01,-0.18736790985044027,-1,True,12,120.0,1.0,56.0,1.0,0.38083047062465175,True,emitted,,WTI_Crude_Close:Z6_acc,<,0.5892857142857144,0.2021385552594345,-0.38175266811971426,2.0243964629668234,tier4,9.0,0.2222222222222222,True,False,-1.0,1.0,0.7777777777777778,0.2222222222222222,1.0,0.0,
1576,2002-05-01,-0.1544591151262451,-1,True,1,180.0,-1.0,45.0,0.0,0.12124355633221309,True,abstain,gate-fail-r2,,,,,,,,,,,,,,,,,,
1577,2002-06-01,-0.14418847754482167,-1,True,1,180.0,-1.0,45.0,0.0,0.12124355633221309,True,abstain,gate-fail-r2,,,,,,,,,,,,,,,,,,
1578,2002-07-01,-0.054183866576655415,-1,True,2,58.0,1.0,34.0,0.0,0.1393643267774165,True,abstain,gate-fail-r2,,,,,,,,,,,,,,,,,,
1579,2002-08-01,-0.002871075557503655,-1,True,2,58.0,1.0,34.0,0.0,0.1393643267774165,True,abstain,gate-fail-r2,,,,,,,,,,,,,,,,,,
1580,2002-09-01,0.03614846567797092,1,True,2,58.0,1.0,34.0,0.0,0.1393643267774165,True,abstain,gate-fail-r2,,,,,,,,,,,,,,,,,,
1581,2002-10-01,0.04821969741291565,1,True,2,59.0,1.0,34.0,0.0,0.13342063919369915,True,abstain,gate-fail-r2,,,,,,,,,,,,,,,,,,
1582,2002-11-01,-0.08011605288318879,-1,True,2,60.0,1.0,50.0,3.0,0.3151049283603378,True,emitted,,Term_Spread_10Y_3M:Z6,>,0.6666666666666665,0.2226236609205292,-0.045611946084473026,-1.7965763926287555,tier4,8.0,0.375,True,False,-1.0,1.0,0.625,0.375,1.0,0.0,
1583,2002-12-01,-0.05844213616850902,-1,True,1,179.0,-1.0,45.0,0.0,0.1056981296411244,True,abstain,gate-fail-r2,,,,,,,,,,,,,,,,,,
1584,2003-01-01,-0.006485533130916266,-1,True,13,,,,,,,pulled,pulled-type,,,,,,,,,,,,,,,,,,
1585,2003-02-01,0.11819170161165071,1,True,1,178.0,-1.0,45.0,0.0,0.1056981296411244,True,abstain,gate-fail-r2,,,,,,,,,,,,,,,,,,
1586,2003-03-01,0.16697967234801503,1,True,13,,,,,,,pulled,pulled-type,,,,,,,,,,,,,,,,,,
1587,2003-04-01,0.11517589294742869,1,True,13,,,,,,,pulled,pulled-type,,,,,,,,,,,,,,,,,,
1588,2003-05-01,0.05723535193811702,1,True,14,,,,,,,pulled,pulled-type,,,,,,,,,,,,,,,,,,
1589,2003-06-01,0.0318218623481783,1,True,26,,,,,,,pulled,pulled-type,,,,,,,,,,,,,,,,,,
1590,2003-07-01,0.04653716726781787,1,True,26,,,,,,,pulled,pulled-type,,,,,,,,,,,,,,,,,,
1591,2003-08-01,0.0610087617353694,1,True,26,,,,,,,pulled,pulled-type,,,,,,,,,,,,,,,,,,
1592,2003-09-01,0.060032959271757,1,True,26,,,,,,,pulled,pulled-type,,,,,,,,,,,,,,,,,,
1593,2003-10-01,0.09029295389562253,1,True,26,,,,,,,pulled,pulled-type,,,,,,,,,,,,,,,,,,
1594,2003-11-01,0.08901800171444885,1,True,26,,,,,,,pulled,pulled-type,,,,,,,,,,,,,,,,,,
1595,2003-12-01,0.040105863192182234,1,True,26,,,,,,,pulled,pulled-type,,,,,,,,,,,,,,,,,,
1596,2004-01-01,0.0007417087556951252,1,True,26,,,,,,,pulled,pulled-type,,,,,,,,,,,,,,,,,,
1597,2004-02-01,-0.035491883571228566,-1,True,26,,,,,,,pulled,pulled-type,,,,,,,,,,,,,,,,,,
1598,2004-03-01,0.007811526895496357,1,True,17,6.0,,,,,,abstain,type-train<floor8,,,,,,,,,,,,,,,,,,
1599,2004-04-01,-0.024272958283334534,-1,True,14,,,,,,,pulled,pulled-type,,,,,,,,,,,,,,,,,,
1600,2004-05-01,-0.012550100654708962,-1,True,14,,,,,,,pulled,pulled-type,,,,,,,,,,,,,,,,,,
1601,2004-06-01,-0.013330272961615819,-1,True,14,,,,,,,pulled,pulled-type,,,,,,,,,,,,,,,,,,
1602,2004-07-01,0.010272640954921641,1,True,2,62.0,1.0,50.0,0.0,0.1993271756832258,True,abstain,gate-fail-r2,,,,,,,,,,,,,,,,,,
1603,2004-08-01,0.07346593935386703,1,True,2,62.0,1.0,50.0,0.0,0.1993271756832258,True,abstain,gate-fail-r2,,,,,,,,,,,,,,,,,,
1604,2004-09-01,0.07296494461643066,1,True,14,,,,,,,pulled,pulled-type,,,,,,,,,,,,,,,,,,
1605,2004-10-01,0.05746457693719176,1,True,4,,,,,,,pulled,pulled-type,,,,,,,,,,,,,,,,,,
1606,2004-11-01,0.026254555409174207,1,True,13,,,,,,,pulled,pulled-type,,,,,,,,,,,,,,,,,,
1607,2004-12-01,-0.0035940327382192327,-1,True,13,,,,,,,pulled,pulled-type,,,,,,,,,,,,,,,,,,
1608,2005-01-01,-0.01437265640209584,-1,True,13,,,,,,,pulled,pulled-type,,,,,,,,,,,,,,,,,,
1609,2005-02-01,-0.017797154122521253,-1,True,16,15.0,1.0,0.0,0.0,0.0,True,abstain,degenerate-screen,,,,,,,,,,,,,,,,,,
1610,2005-03-01,0.0061511423550086874,1,True,13,,,,,,,pulled,pulled-type,,,,,,,,,,,,,,,,,,
1611,2005-04-01,0.04964660821174305,1,True,13,,,,,,,pulled,pulled-type,,,,,,,,,,,,,,,,,,
1612,2005-05-01,0.039031469599755564,1,True,13,,,,,,,pulled,pulled-type,,,,,,,,,,,,,,,,,,
1613,2005-06-01,0.019688084840923326,1,True,13,,,,,,,pulled,pulled-type,,,,,,,,,,,,,,,,,,
1614,2005-07-01,-0.02477418510276208,-1,True,13,,,,,,,pulled,pulled-type,,,,,,,,,,,,,,,,,,
1615,2005-08-01,0.010700254028931377,1,True,13,,,,,,,pulled,pulled-type,,,,,,,,,,,,,,,,,,
1616,2005-09-01,0.029488057948316326,1,True,13,,,,,,,pulled,pulled-type,,,,,,,,,,,,,,,,,,
1617,2005-10-01,0.0727960669821135,1,True,14,,,,,,,pulled,pulled-type,,,,,,,,,,,,,,,,,,
1618,2005-11-01,0.031744748943323575,1,True,14,,,,,,,pulled,pulled-type,,,,,,,,,,,,,,,,,,
1619,2005-12-01,0.025093695278392003,1,True,14,,,,,,,pulled,pulled-type,,,,,,,,,,,,,,,,,,
1620,2006-01-01,0.018330687478983032,1,True,14,,,,,,,pulled,pulled-type,,,,,,,,,,,,,,,,,,
1621,2006-02-01,0.01046488857556871,1,True,14,,,,,,,pulled,pulled-type,,,,,,,,,,,,,,,,,,
1622,2006-03-01,-0.03135869649234002,-1,True,14,,,,,,,pulled,pulled-type,,,,,,,,,,,,,,,,,,
1623,2006-04-01,-0.03220009676155955,-1,True,16,17.0,1.0,5.0,0.0,0.09438428429470011,True,abstain,gate-fail-r2,,,,,,,,,,,,,,,,,,
1624,2006-05-01,-0.002217037077231865,-1,True,13,,,,,,,pulled,pulled-type,,,,,,,,,,,,,,,,,,
1625,2006-06-01,0.05152533175865992,1,True,4,,,,,,,pulled,pulled-type,,,,,,,,,,,,,,,,,,
1626,2006-07-01,0.08184155398971638,1,True,4,,,,,,,pulled,pulled-type,,,,,,,,,,,,,,,,,,
1627,2006-08-01,0.07884861904206963,1,True,13,,,,,,,pulled,pulled-type,,,,,,,,,,,,,,,,,,
1628,2006-09-01,0.07488578930593293,1,True,13,,,,,,,pulled,pulled-type,,,,,,,,,,,,,,,,,,
1629,2006-10-01,0.04458038111164897,1,True,14,,,,,,,pulled,pulled-type,,,,,,,,,,,,,,,,,,
1630,2006-11-01,0.04044244728655366,1,True,17,7.0,,,,,,abstain,type-train<floor8,,,,,,,,,,,,,,,,,,
1631,2006-12-01,-0.006685870010307737,-1,True,26,,,,,,,pulled,pulled-type,,,,,,,,,,,,,,,,,,
1632,2007-01-01,0.02772160431412196,1,True,26,,,,,,,pulled,pulled-type,,,,,,,,,,,,,,,,,,
1633,2007-02-01,0.045916389811738734,1,True,25,,,,,,,pulled,pulled-type,,,,,,,,,,,,,,,,,,
1634,2007-03-01,0.07622161412985529,1,True,13,,,,,,,pulled,pulled-type,,,,,,,,,,,,,,,,,,
1635,2007-04-01,0.038991828591730116,1,True,13,,,,,,,pulled,pulled-type,,,,,,,,,,,,,,,,,,
1636,2007-05-01,-0.03740222613391231,-1,True,13,,,,,,,pulled,pulled-type,,,,,,,,,,,,,,,,,,
1637,2007-06-01,-0.011273354070493236,-1,True,13,,,,,,,pulled,pulled-type,,,,,,,,,,,,,,,,,,
1638,2007-07-01,0.012461284531567474,1,True,13,,,,,,,pulled,pulled-type,,,,,,,,,,,,,,,,,,
1639,2007-08-01,0.006029066010367012,1,True,13,,,,,,,pulled,pulled-type,,,,,,,,,,,,,,,,,,
1640,2007-09-01,-0.01195628940899851,-1,True,12,127.0,1.0,56.0,1.0,0.3807499412986703,True,abstain,leaf<floor8,WTI_Crude_Close:Z6_acc,<,0.6031746031746033,0.2434790728018231,-0.4516586194254074,-2.7237957366215295,tier2,6.0,,,,,,,,,,
1641,2007-10-01,-0.10450359170206414,-1,True,12,127.0,1.0,56.0,1.0,0.3807499412986703,True,emitted,,WTI_Crude_Close:Z6_acc,<,0.6031746031746033,0.2434790728018231,-0.4516586194254074,0.7367024798314563,tier4,10.0,0.2,True,False,-1.0,1.0,0.8,0.2,1.0,0.0,
1642,2007-11-01,-0.07415658163579097,-1,True,3,7.0,,,,,,abstain,type-train<floor8,,,,,,,,,,,,,,,,,,
1643,2007-12-01,-0.10970646692175601,-1,True,3,7.0,,,,,,abstain,type-train<floor8,,,,,,,,,,,,,,,,,,
1644,2008-01-01,-0.0060126490469697425,-1,True,0,168.0,-1.0,70.0,3.0,0.4002080916261554,True,abstain,leaf<floor8,VIX_Close:Z12,<,0.7333333333333334,0.4002080916261554,0.40292376902870897,3.331901398800947,tier4,6.0,,,,,,,,,,
1645,2008-02-01,0.03568608058337719,1,True,0,167.0,-1.0,70.0,3.0,0.3369716959225097,True,abstain,leaf<floor8,VIX_Close:Z12,<,0.7000000000000002,0.3369716959225097,0.5680117473056098,5.398406681877214,tier4,5.0,,,,,,,,,,
1646,2008-03-01,0.018459459049007476,1,True,0,166.0,-1.0,70.0,3.0,0.3369716959225097,True,abstain,leaf<floor8,VIX_Close:Z12,<,0.7000000000000002,0.3369716959225097,0.5680117473056098,2.408370577201934,tier4,5.0,,,,,,,,,,
1647,2008-04-01,-0.08255561960495317,-1,True,0,165.0,-1.0,70.0,2.0,0.2973536220451858,True,emitted,,Platinum_Futures_Close:Z6_acc,<,0.6888888888888889,0.24930548681525053,0.23167784516352863,-5.185282718572316,tier2,9.0,0.8888888888888888,False,False,-1.0,-1.0,0.8888888888888888,0.8888888888888888,1.0,1.0,
1648,2008-05-01,-0.08676472684254788,-1,True,0,165.0,-1.0,70.0,2.0,0.32501698077181906,True,abstain,candidate-missing,Platinum_Futures_Close:Z6_acc,<,0.7222222222222223,0.2959025743881624,-0.042514850662440186,,,,,,,,,,,,,
1649,2008-06-01,-0.09267474370922646,-1,True,0,164.0,-1.0,70.0,2.0,0.2650272364378576,True,emitted,,VIX_Close:Z12,<,0.657142857142857,0.2412199418226287,-0.04561501275902547,0.7069505782819111,tier4,8.0,0.25,True,False,1.0,-1.0,0.75,0.25,0.0,1.0,
1650,2008-07-01,-0.22947833901998682,-1,True,0,164.0,-1.0,70.0,1.0,0.28918806376814216,True,emitted,,Term_Spread_10Y_2Y:Z6_acc,<,0.5681818181818183,0.28918806376814216,-0.16470106863705078,0.3333470964616428,tier4,12.0,0.25,True,False,1.0,-1.0,0.75,0.25,0.0,1.0,
1651,2008-08-01,-0.31091636948192314,-1,True,0,165.0,-1.0,70.0,1.0,0.294581945454178,True,emitted,,Term_Spread_10Y_2Y:Z6_acc,<,0.5874125874125875,0.294581945454178,-0.15137346825020784,-0.7630813275317408,tier2,12.0,0.8333333333333334,False,False,-1.0,-1.0,0.8333333333333334,0.8333333333333334,1.0,1.0,
1652,2008-09-01,-0.2788857389375078,-1,True,0,166.0,-1.0,70.0,1.0,0.28322265383235123,True,emitted,,Term_Spread_10Y_2Y:Z6_acc,<,0.5844155844155843,0.28322265383235123,0.14983330569031217,-0.02562274652961585,tier2,15.0,0.8,False,False,-1.0,-1.0,0.8,0.8,1.0,1.0,
1653,2008-10-01,-0.10654417836498753,-1,True,0,164.0,-1.0,70.0,1.0,0.26094287504308195,True,emitted,,Term_Spread_10Y_2Y:Z6_acc,<,0.5696969696969698,0.26094287504308195,0.501616417613378,2.2170601746108485,tier4,8.0,0.125,True,True,1.0,1.0,0.875,0.875,0.0,0.0,
1654,2008-11-01,-0.08811605363290442,-1,True,0,165.0,-1.0,70.0,1.0,0.27356114171297014,True,emitted,,Term_Spread_10Y_2Y:Z6_acc,<,0.5397727272727273,0.27356114171297014,0.09828597288181183,0.5754115804385245,tier4,11.0,0.2727272727272727,True,False,1.0,-1.0,0.7272727272727273,0.2727272727272727,0.0,1.0,
1655,2008-12-01,-0.13723278180409315,-1,True,0,165.0,-1.0,70.0,1.0,0.26731914902608334,True,emitted,,Term_Spread_10Y_2Y:Z6_acc,<,0.5508021390374331,0.26731914902608334,0.12109257368758701,-4.090800800224121,tier2,17.0,0.8235294117647058,False,False,-1.0,-1.0,0.8235294117647058,0.8235294117647058,1.0,1.0,
1656,2009-01-01,-0.020136786894336844,-1,True,0,165.0,-1.0,70.0,0.0,0.18709653704494622,True,abstain,gate-fail-r2,,,,,,,,,,,,,,,,,,
1657,2009-02-01,0.12068601517578825,1,True,0,164.0,-1.0,70.0,0.0,0.15880565458904314,True,abstain,gate-fail-r2,,,,,,,,,,,,,,,,,,
1658,2009-03-01,0.22319812977956222,1,True,0,164.0,-1.0,70.0,0.0,0.15880565458904314,True,abstain,gate-fail-r2,,,,,,,,,,,,,,,,,,
1659,2009-04-01,0.10336614985556802,1,True,0,164.0,-1.0,70.0,0.0,0.1520869464621319,True,abstain,gate-fail-r2,,,,,,,,,,,,,,,,,,
1660,2009-05-01,0.118925987079044,1,True,12,122.0,1.0,60.0,2.0,0.41148575553257793,True,emitted,,WTI_Crude_Close:Z12,<,0.6363636363636362,0.41148575553257793,0.08493455813432053,-2.1356046540988163,tier2,11.0,0.6363636363636364,False,False,1.0,1.0,0.6363636363636364,0.6363636363636364,1.0,1.0,
1661,2009-06-01,0.12787759685569888,1,True,12,122.0,1.0,60.0,2.0,0.41148575553257793,True,emitted,,WTI_Crude_Close:Z12,<,0.6363636363636362,0.41148575553257793,0.08493455813432053,-1.8824032300179414,tier2,11.0,0.6363636363636364,False,False,1.0,1.0,0.6363636363636364,0.6363636363636364,1.0,1.0,
1662,2009-07-01,0.14088179350729835,1,True,21,4.0,,,,,,abstain,type-train<floor8,,,,,,,,,,,,,,,,,,
1663,2009-08-01,0.07758509700613025,1,True,26,,,,,,,pulled,pulled-type,,,,,,,,,,,,,,,,,,
1664,2009-09-01,0.06302235412378554,1,True,26,,,,,,,pulled,pulled-type,,,,,,,,,,,,,,,,,,
1665,2009-10-01,0.05237622464080305,1,True,26,,,,,,,pulled,pulled-type,,,,,,,,,,,,,,,,,,
1666,2009-11-01,0.0010017737829368656,1,True,26,,,,,,,pulled,pulled-type,,,,,,,,,,,,,,,,,,
1667,2009-12-01,0.03752769322214,1,True,26,,,,,,,pulled,pulled-type,,,,,,,,,,,,,,,,,,
1668,2010-01-01,0.06562950568717851,1,True,26,,,,,,,pulled,pulled-type,,,,,,,,,,,,,,,,,,
1669,2010-02-01,0.03296118109368673,1,True,23,11.0,1.0,5.0,1.0,0.41912891868788765,True,abstain,leaf<floor8,GS10_Rate:Z3,>,0.8333333333333335,0.41912891868788765,-0.48182887027791677,14.714983799346424,tier2,5.0,,,,,,,,,,
1670,2010-03-01,-0.0596241482574541,-1,True,26,,,,,,,pulled,pulled-type,,,,,,,,,,,,,,,,,,
1671,2010-04-01,-0.09815254067417234,-1,True,26,,,,,,,pulled,pulled-type,,,,,,,,,,,,,,,,,,
1672,2010-05-01,-0.033580431265888055,-1,True,14,,,,,,,pulled,pulled-type,,,,,,,,,,,,,,,,,,
1673,2010-06-01,0.035740658691478355,1,True,14,,,,,,,pulled,pulled-type,,,,,,,,,,,,,,,,,,
1674,2010-07-01,0.08499722170772372,1,True,14,,,,,,,pulled,pulled-type,,,,,,,,,,,,,,,,,,
1675,2010-08-01,0.10265065116621308,1,True,14,,,,,,,pulled,pulled-type,,,,,,,,,,,,,,,,,,
1676,2010-09-01,0.1064540852702125,1,True,13,,,,,,,pulled,pulled-type,,,,,,,,,,,,,,,,,,
1677,2010-10-01,0.09477799211321458,1,True,13,,,,,,,pulled,pulled-type,,,,,,,,,,,,,,,,,,
1678,2010-11-01,0.10195263952489375,1,True,13,,,,,,,pulled,pulled-type,,,,,,,,,,,,,,,,,,
1679,2010-12-01,0.050711621950335406,1,True,25,,,,,,,pulled,pulled-type,,,,,,,,,,,,,,,,,,
1680,2011-01-01,0.038117291169637246,1,True,25,,,,,,,pulled,pulled-type,,,,,,,,,,,,,,,,,,
1681,2011-02-01,0.01301168705340916,1,True,25,,,,,,,pulled,pulled-type,,,,,,,,,,,,,,,,,,
1682,2011-03-01,-0.013185229476653793,-1,True,25,,,,,,,pulled,pulled-type,,,,,,,,,,,,,,,,,,
1683,2011-04-01,-0.004746490826204819,-1,True,25,,,,,,,pulled,pulled-type,,,,,,,,,,,,,,,,,,
1684,2011-05-01,-0.11432328832632199,-1,True,16,29.0,1.0,10.0,0.0,0.07584750594407362,True,abstain,gate-fail-r2,,,,,,,,,,,,,,,,,,
1685,2011-06-01,-0.08809980657039196,-1,True,13,,,,,,,pulled,pulled-type,,,,,,,,,,,,,,,,,,
1686,2011-07-01,-0.08902119696043587,-1,True,13,,,,,,,pulled,pulled-type,,,,,,,,,,,,,,,,,,
1687,2011-08-01,0.03468290995604528,1,True,1,306.0,-1.0,67.0,1.0,0.2581606141124703,True,abstain,leaf<floor8,Platinum_Futures_Close:Z6_vel,<,0.675,0.2581606141124703,0.04212205606610248,0.3860547655041624,tier4,5.0,,,,,,,,,,
1688,2011-09-01,0.05915425767540117,1,True,1,307.0,-1.0,67.0,1.0,0.2581606141124703,True,abstain,leaf<floor8,Platinum_Futures_Close:Z6_vel,<,0.675,0.2581606141124703,0.042122056066102476,0.4749644058838191,tier4,5.0,,,,,,,,,,
1689,2011-10-01,0.07733470287105915,1,True,1,307.0,-1.0,67.0,1.0,0.2581606141124703,True,emitted,,Platinum_Futures_Close:Z6_vel,<,0.675,0.2581606141124703,0.042122056066102476,-1.9689900127424302,tier2,8.0,0.875,False,False,-1.0,-1.0,0.875,0.875,0.0,0.0,
1690,2011-11-01,0.10279512728102924,1,True,1,307.0,-1.0,68.0,1.0,0.26179715232259654,True,emitted,,Platinum_Futures_Close:Z6_vel,<,0.7083333333333335,0.26179715232259654,0.012372560326208391,-0.03529365282148549,tier2,8.0,0.875,False,False,-1.0,-1.0,0.875,0.875,0.0,0.0,
1691,2011-12-01,0.1173631888813822,1,True,4,,,,,,,pulled,pulled-type,,,,,,,,,,,,,,,,,,
1692,2012-01-01,0.06600901136416071,1,True,4,,,,,,,pulled,pulled-type,,,,,,,,,,,,,,,,,,
1693,2012-02-01,-0.008295809950535693,-1,True,25,,,,,,,pulled,pulled-type,,,,,,,,,,,,,,,,,,
1694,2012-03-01,-0.04733523365293257,-1,True,25,,,,,,,pulled,pulled-type,,,,,,,,,,,,,,,,,,
1695,2012-04-01,-0.01922203068312145,-1,True,25,,,,,,,pulled,pulled-type,,,,,,,,,,,,,,,,,,
1696,2012-05-01,0.04635904776816013,1,True,13,,,,,,,pulled,pulled-type,,,,,,,,,,,,,,,,,,
1697,2012-06-01,0.09062471665608851,1,True,13,,,,,,,pulled,pulled-type,,,,,,,,,,,,,,,,,,
1698,2012-07-01,0.05739163688243676,1,True,13,,,,,,,pulled,pulled-type,,,,,,,,,,,,,,,,,,
1699,2012-08-01,-0.006370016744451257,-1,True,13,,,,,,,pulled,pulled-type,,,,,,,,,,,,,,,,,,
1700,2012-09-01,-0.014638843856950912,-1,True,13,,,,,,,pulled,pulled-type,,,,,,,,,,,,,,,,,,
1701,2012-10-01,0.029614277169604186,1,True,13,,,,,,,pulled,pulled-type,,,,,,,,,,,,,,,,,,
1702,2012-11-01,0.08447411635628277,1,True,13,,,,,,,pulled,pulled-type,,,,,,,,,,,,,,,,,,
1703,2012-12-01,0.09037538054827077,1,True,13,,,,,,,pulled,pulled-type,,,,,,,,,,,,,,,,,,
1704,2013-01-01,0.06099702783031602,1,True,16,30.0,1.0,20.0,0.0,0.175253914155484,True,abstain,gate-fail-r2,,,,,,,,,,,,,,,,,,
1705,2013-02-01,0.08432794863486981,1,True,13,,,,,,,pulled,pulled-type,,,,,,,,,,,,,,,,,,
1706,2013-03-01,0.04380879915916003,1,True,13,,,,,,,pulled,pulled-type,,,,,,,,,,,,,,,,,,
1707,2013-04-01,0.0623798306487553,1,True,16,31.0,1.0,20.0,0.0,0.17051376345360228,True,abstain,gate-fail-r2,,,,,,,,,,,,,,,,,,
1708,2013-05-01,0.018446921650892678,1,True,25,,,,,,,pulled,pulled-type,,,,,,,,,,,,,,,,,,
1709,2013-06-01,0.042254304193925174,1,True,25,,,,,,,pulled,pulled-type,,,,,,,,,,,,,,,,,,
1710,2013-07-01,0.03077282642567769,1,True,25,,,,,,,pulled,pulled-type,,,,,,,,,,,,,,,,,,
1711,2013-08-01,0.06793047081295023,1,True,16,31.0,1.0,20.0,0.0,0.14608091308976826,True,abstain,gate-fail-r2,,,,,,,,,,,,,,,,,,
1712,2013-09-01,0.07148657218893173,1,True,16,30.0,1.0,20.0,0.0,0.14608091308976826,True,abstain,gate-fail-r2,,,,,,,,,,,,,,,,,,
1713,2013-10-01,0.05949314837531894,1,True,16,30.0,1.0,20.0,0.0,0.14608091308976826,True,abstain,gate-fail-r2,,,,,,,,,,,,,,,,,,
1714,2013-11-01,0.018782870022539422,1,True,16,31.0,1.0,20.0,0.0,0.15766438068288158,True,abstain,gate-fail-r2,,,,,,,,,,,,,,,,,,
1715,2013-12-01,0.03083339786920969,1,True,25,,,,,,,pulled,pulled-type,,,,,,,,,,,,,,,,,,
1716,2014-01-01,0.022992164007111793,1,True,16,33.0,1.0,20.0,0.0,0.15127413037652976,True,abstain,gate-fail-r2,,,,,,,,,,,,,,,,,,
1717,2014-02-01,0.04002663672786522,1,True,16,34.0,1.0,20.0,0.0,0.15267641435559476,True,abstain,gate-fail-r2,,,,,,,,,,,,,,,,,,
1718,2014-03-01,0.04484523911736926,1,True,16,34.0,1.0,20.0,0.0,0.15267641435559476,True,abstain,gate-fail-r2,,,,,,,,,,,,,,,,,,
1719,2014-04-01,0.05838241447008463,1,True,13,,,,,,,pulled,pulled-type,,,,,,,,,,,,,,,,,,
1720,2014-05-01,0.037972875005953144,1,True,13,,,,,,,pulled,pulled-type,,,,,,,,,,,,,,,,,,
1721,2014-06-01,0.0236969015299755,1,True,13,,,,,,,pulled,pulled-type,,,,,,,,,,,,,,,,,,
1722,2014-07-01,-0.018159241802240045,-1,True,13,,,,,,,pulled,pulled-type,,,,,,,,,,,,,,,,,,
1723,2014-08-01,0.042334300265608915,1,True,13,,,,,,,pulled,pulled-type,,,,,,,,,,,,,,,,,,
1724,2014-09-01,0.030623661092799015,1,True,13,,,,,,,pulled,pulled-type,,,,,,,,,,,,,,,,,,
1725,2014-10-01,0.046926860995111674,1,True,13,,,,,,,pulled,pulled-type,,,,,,,,,,,,,,,,,,
1726,2014-11-01,0.018404847963141346,1,True,16,37.0,1.0,20.0,0.0,0.15128786930613297,True,abstain,gate-fail-r2,,,,,,,,,,,,,,,,,,
1727,2014-12-01,0.012520262672384819,1,True,13,,,,,,,pulled,pulled-type,,,,,,,,,,,,,,,,,,
1728,2015-01-01,0.03287676636196002,1,True,13,,,,,,,pulled,pulled-type,,,,,,,,,,,,,,,,,,
1729,2015-02-01,0.01428296993564504,1,True,13,,,,,,,pulled,pulled-type,,,,,,,,,,,,,,,,,,
1730,2015-03-01,0.009278890763898096,1,True,13,,,,,,,pulled,pulled-type,,,,,,,,,,,,,,,,,,
1731,2015-04-01,-0.00034369838557246624,-1,True,16,38.0,1.0,20.0,0.0,0.15759753958630107,True,abstain,gate-fail-r2,,,,,,,,,,,,,,,,,,
1732,2015-05-01,-0.03412502249116933,-1,True,13,,,,,,,pulled,pulled-type,,,,,,,,,,,,,,,,,,
1733,2015-06-01,-0.07377732471454634,-1,True,13,,,,,,,pulled,pulled-type,,,,,,,,,,,,,,,,,,
1734,2015-07-01,-0.03310666908611648,-1,True,13,,,,,,,pulled,pulled-type,,,,,,,,,,,,,,,,,,
1735,2015-08-01,0.019976763225107552,1,True,13,,,,,,,pulled,pulled-type,,,,,,,,,,,,,,,,,,
1736,2015-09-01,0.056402713419494876,1,True,1,315.0,-1.0,70.0,2.0,0.33713960709470425,True,emitted,,Platinum_Futures_Close:Z6,>,0.8,0.33713960709470425,-0.2636417358860402,-1.6139374727961855,tier4,8.0,0.0,True,True,1.0,1.0,1.0,1.0,1.0,1.0,
1737,2015-10-01,-0.05245430435448262,-1,True,13,,,,,,,pulled,pulled-type,,,,,,,,,,,,,,,,,,
1738,2015-11-01,-0.08468629543116946,-1,True,13,,,,,,,pulled,pulled-type,,,,,,,,,,,,,,,,,,
1739,2015-12-01,-0.015642039258451423,-1,True,13,,,,,,,pulled,pulled-type,,,,,,,,,,,,,,,,,,
1740,2016-01-01,0.08179922860419064,1,True,1,315.0,-1.0,70.0,2.0,0.36384091900063403,True,emitted,,Platinum_Futures_Close:Z6,>,0.8181818181818183,0.36384091900063403,-0.14035041740381618,-1.719622518495273,tier4,9.0,0.0,True,True,1.0,1.0,1.0,1.0,1.0,1.0,
1741,2016-02-01,0.08460843721447997,1,True,1,315.0,-1.0,70.0,2.0,0.36384091900063403,True,emitted,,Platinum_Futures_Close:Z6,>,0.8181818181818183,0.36384091900063403,-0.14035041740381618,-1.0837564439662053,tier4,9.0,0.0,True,True,1.0,1.0,1.0,1.0,1.0,1.0,
1742,2016-03-01,0.030633794109646617,1,True,13,,,,,,,pulled,pulled-type,,,,,,,,,,,,,,,,,,
1743,2016-04-01,0.035345018645750015,1,True,13,,,,,,,pulled,pulled-type,,,,,,,,,,,,,,,,,,
1744,2016-05-01,0.05102757134903513,1,True,13,,,,,,,pulled,pulled-type,,,,,,,,,,,,,,,,,,
1745,2016-06-01,0.03541453723565069,1,True,13,,,,,,,pulled,pulled-type,,,,,,,,,,,,,,,,,,
1746,2016-07-01,-0.0027362836800224333,-1,True,25,,,,,,,pulled,pulled-type,,,,,,,,,,,,,,,,,,
1747,2016-08-01,-0.002745341901011056,-1,True,25,,,,,,,pulled,pulled-type,,,,,,,,,,,,,,,,,,
1748,2016-09-01,0.04122000843494655,1,True,13,,,,,,,pulled,pulled-type,,,,,,,,,,,,,,,,,,
1749,2016-10-01,0.06164198187604408,1,True,13,,,,,,,pulled,pulled-type,,,,,,,,,,,,,,,,,,
1750,2016-11-01,0.07617587148208549,1,True,13,,,,,,,pulled,pulled-type,,,,,,,,,,,,,,,,,,
1751,2016-12-01,0.05349790575217095,1,True,22,20.0,1.0,10.0,1.0,0.2507651528975627,True,emitted,,Industrial_Production:Z6,<,0.577777777777778,0.2507651528975627,-0.09029139103471885,-0.45162711225797475,tier2,8.0,0.875,False,False,1.0,1.0,0.875,0.875,1.0,1.0,
1752,2017-01-01,0.03700464151341465,1,True,13,,,,,,,pulled,pulled-type,,,,,,,,,,,,,,,,,,
1753,2017-02-01,0.028086921812430443,1,True,13,,,,,,,pulled,pulled-type,,,,,,,,,,,,,,,,,,
1754,2017-03-01,0.02837985144624411,1,True,25,,,,,,,pulled,pulled-type,,,,,,,,,,,,,,,,,,
1755,2017-04-01,0.0401770009028064,1,True,25,,,,,,,pulled,pulled-type,,,,,,,,,,,,,,,,,,
1756,2017-05-01,0.025411735237021782,1,True,25,,,,,,,pulled,pulled-type,,,,,,,,,,,,,,,,,,
1757,2017-06-01,0.024178406649164597,1,True,13,,,,,,,pulled,pulled-type,,,,,,,,,,,,,,,,,,
1758,2017-07-01,0.04192983171019926,1,True,13,,,,,,,pulled,pulled-type,,,,,,,,,,,,,,,,,,
1759,2017-08-01,0.05593554323309813,1,True,13,,,,,,,pulled,pulled-type,,,,,,,,,,,,,,,,,,
1760,2017-09-01,0.06879703470740206,1,True,13,,,,,,,pulled,pulled-type,,,,,,,,,,,,,,,,,,
1761,2017-10-01,0.09104419241298412,1,True,13,,,,,,,pulled,pulled-type,,,,,,,,,,,,,,,,,,
1762,2017-11-01,0.0430095503950092,1,True,13,,,,,,,pulled,pulled-type,,,,,,,,,,,,,,,,,,
1763,2017-12-01,0.014423834795859403,1,True,25,,,,,,,pulled,pulled-type,,,,,,,,,,,,,,,,,,
1764,2018-01-01,-0.04880995053408854,-1,True,25,,,,,,,pulled,pulled-type,,,,,,,,,,,,,,,,,,
1765,2018-02-01,-0.001356666518801175,-1,True,16,39.0,1.0,60.0,4.0,0.39832997086211464,True,emitted,,US_2Y_Treasury:Z6,<,0.7777777777777777,0.3033325296099022,0.21999719027121878,2.2824708490638965,tier4,9.0,0.4444444444444444,True,False,-1.0,1.0,0.5555555555555556,0.4444444444444444,1.0,0.0,
1766,2018-03-01,0.019084124805292424,1,True,13,,,,,,,pulled,pulled-type,,,,,,,,,,,,,,,,,,
1767,2018-04-01,0.05276168870565967,1,True,13,,,,,,,pulled,pulled-type,,,,,,,,,,,,,,,,,,
1768,2018-05-01,0.05786806540094558,1,True,13,,,,,,,pulled,pulled-type,,,,,,,,,,,,,,,,,,
1769,2018-06-01,0.05342458293245245,1,True,13,,,,,,,pulled,pulled-type,,,,,,,,,,,,,,,,,,
1770,2018-07-01,-0.00292807949485252,-1,True,13,,,,,,,pulled,pulled-type,,,,,,,,,,,,,,,,,,
1771,2018-08-01,-0.04709533840479807,-1,True,13,,,,,,,pulled,pulled-type,,,,,,,,,,,,,,,,,,
1772,2018-09-01,-0.11517835602274684,-1,True,13,,,,,,,pulled,pulled-type,,,,,,,,,,,,,,,,,,
1773,2018-10-01,-0.06392839961801644,-1,True,13,,,,,,,pulled,pulled-type,,,,,,,,,,,,,,,,,,
1774,2018-11-01,0.011614883796080333,1,True,13,,,,,,,pulled,pulled-type,,,,,,,,,,,,,,,,,,
1775,2018-12-01,0.09218598455192395,1,True,1,318.0,-1.0,70.0,2.0,0.42393650967774504,True,emitted,,Platinum_Futures_Close:Z6,>,0.8461538461538463,0.42393650967774504,0.002588618845107176,-0.9924876900417431,tier4,11.0,0.0,True,True,1.0,1.0,1.0,1.0,1.0,1.0,
1776,2019-01-01,0.11368073053896821,1,True,1,318.0,-1.0,70.0,2.0,0.42393650967774504,True,emitted,,Platinum_Futures_Close:Z6,>,0.8461538461538463,0.42393650967774504,0.002588618845107176,-0.3268049502835794,tier4,11.0,0.0,True,True,1.0,1.0,1.0,1.0,1.0,1.0,
1777,2019-02-01,0.03624503604538876,1,True,4,,,,,,,pulled,pulled-type,,,,,,,,,,,,,,,,,,
1778,2019-03-01,0.030738450345580315,1,True,4,,,,,,,pulled,pulled-type,,,,,,,,,,,,,,,,,,
1779,2019-04-01,0.03179063158619733,1,True,13,,,,,,,pulled,pulled-type,,,,,,,,,,,,,,,,,,
1780,2019-05-01,0.014988626515477943,1,True,13,,,,,,,pulled,pulled-type,,,,,,,,,,,,,,,,,,
1781,2019-06-01,0.03182719355608832,1,True,16,40.0,1.0,69.0,5.0,0.40621640738757925,True,emitted,,US_2Y_Treasury:Z6,<,0.7777777777777777,0.3819977794862504,0.1156448716013273,-2.3288118638982906,tier2,14.0,1.0,False,False,1.0,1.0,1.0,1.0,1.0,1.0,
1782,2019-07-01,-0.00615251563842889,-1,True,16,40.0,1.0,69.0,5.0,0.40621640738757925,True,emitted,,US_2Y_Treasury:Z6,<,0.7777777777777777,0.3819977794862504,0.1156448716013273,-1.8959393169868997,tier2,14.0,1.0,False,False,1.0,1.0,1.0,1.0,0.0,0.0,
1783,2019-08-01,0.07158117278156073,1,True,13,,,,,,,pulled,pulled-type,,,,,,,,,,,,,,,,,,
1784,2019-09-01,0.06525263064708886,1,True,13,,,,,,,pulled,pulled-type,,,,,,,,,,,,,,,,,,
1785,2019-10-01,0.10092516892345738,1,True,13,,,,,,,pulled,pulled-type,,,,,,,,,,,,,,,,,,
1786,2019-11-01,0.05552818484433253,1,True,16,42.0,1.0,69.0,5.0,0.3863092669783917,True,abstain,leaf<floor8,Platinum_Futures_Close:Z6,<,0.75,0.30583556287013586,0.35502041907341864,1.1656457010271648,tier4,6.0,,,,,,,,,,
1787,2019-12-01,-0.1650605073011101,-1,True,16,42.0,1.0,69.0,5.0,0.3863092669783917,True,abstain,leaf<floor8,Platinum_Futures_Close:Z6,<,0.75,0.30583556287013586,0.35502041907341864,1.2659587777686032,tier4,6.0,,,,,,,,,,
1788,2020-01-01,-0.1574727500153601,-1,True,16,42.0,1.0,69.0,5.0,0.3863092669783917,True,abstain,leaf<floor8,Platinum_Futures_Close:Z6,<,0.75,0.30583556287013586,0.35502041907341864,2.2603706701536463,tier4,6.0,,,,,,,,,,
1789,2020-02-01,-0.10914400877383557,-1,True,16,43.0,1.0,69.0,5.0,0.3000122171701693,True,abstain,leaf<floor8,Platinum_Futures_Close:Z6,<,0.6794871794871795,0.2361861005902821,0.29002985043204615,1.742333069877979,tier4,7.0,,,,,,,,,,
1790,2020-03-01,0.1705128782023666,1,True,0,101.0,-1.0,70.0,1.0,0.25145855906660186,True,emitted,,Gold_Close:Z3,<,0.43157894736842106,0.25145855906660186,-0.10449809978039111,0.6067969495031966,tier4,8.0,0.875,False,False,-1.0,-1.0,0.875,0.875,0.0,0.0,Dollar_Index:Z6_vel
1791,2020-04-01,0.16134969165136304,1,True,0,101.0,-1.0,70.0,1.0,0.25145855906660186,True,emitted,,Gold_Close:Z3,<,0.43157894736842106,0.25145855906660186,-0.10449809978039111,0.06900864700952655,tier4,8.0,0.875,False,False,-1.0,-1.0,0.875,0.875,0.0,0.0,Dollar_Index:Z6_vel
1792,2020-05-01,0.16169768959263475,1,True,0,101.0,-1.0,70.0,1.0,0.25145855906660186,True,emitted,,Gold_Close:Z3,<,0.43157894736842106,0.25145855906660186,-0.10449809978039111,0.4612326834979942,tier4,8.0,0.875,False,False,-1.0,-1.0,0.875,0.875,0.0,0.0,Dollar_Index:Z6_vel
1793,2020-06-01,0.08402069200015161,1,True,12,46.0,1.0,10.0,0.0,0.13562793858181046,True,abstain,gate-fail-r2,,,,,,,,,,,,,,,,,,
1794,2020-07-01,0.06580652721274127,1,True,12,46.0,1.0,10.0,0.0,0.13562793858181046,True,abstain,gate-fail-r2,,,,,,,,,,,,,,,,,,
1795,2020-08-01,0.0463726261974049,1,True,12,46.0,1.0,10.0,0.0,0.13562793858181046,True,abstain,gate-fail-r2,,,,,,,,,,,,,,,,,,
1796,2020-09-01,0.09799188820953786,1,True,24,25.0,-1.0,10.0,0.0,0.1668314462401414,True,abstain,gate-fail-r2,,,,,,,,,,,,,,,,,,
1797,2020-10-01,0.10970453896598364,1,True,24,25.0,-1.0,10.0,0.0,0.1668314462401414,True,abstain,gate-fail-r2,,,,,,,,,,,,,,,,,,
1798,2020-11-01,0.09423508361880173,1,True,25,,,,,,,pulled,pulled-type,,,,,,,,,,,,,,,,,,
1799,2020-12-01,0.05823550960541879,1,True,25,,,,,,,pulled,pulled-type,,,,,,,,,,,,,,,,,,
1800,2021-01-01,0.091579021707618,1,True,25,,,,,,,pulled,pulled-type,,,,,,,,,,,,,,,,,,
1801,2021-02-01,0.0732386680930528,1,True,25,,,,,,,pulled,pulled-type,,,,,,,,,,,,,,,,,,
1802,2021-03-01,0.08387177883524743,1,True,26,,,,,,,pulled,pulled-type,,,,,,,,,,,,,,,,,,
1803,2021-04-01,0.05373755107000178,1,True,26,,,,,,,pulled,pulled-type,,,,,,,,,,,,,,,,,,
1804,2021-05-01,0.06870614306010792,1,True,26,,,,,,,pulled,pulled-type,,,,,,,,,,,,,,,,,,
1805,2021-06-01,0.0488508431604493,1,True,26,,,,,,,pulled,pulled-type,,,,,,,,,,,,,,,,,,
1806,2021-07-01,0.02222746756684657,1,True,26,,,,,,,pulled,pulled-type,,,,,,,,,,,,,,,,,,
1807,2021-08-01,0.04786044596473493,1,True,26,,,,,,,pulled,pulled-type,,,,,,,,,,,,,,,,,,
1808,2021-09-01,0.05156386448837247,1,True,26,,,,,,,pulled,pulled-type,,,,,,,,,,,,,,,,,,
1809,2021-10-01,0.025356597815997972,1,True,14,,,,,,,pulled,pulled-type,,,,,,,,,,,,,,,,,,
1810,2021-11-01,-0.04957938082056046,-1,True,17,1.0,,,,,,abstain,type-train<floor8,,,,,,,,,,,,,,,,,,
1811,2021-12-01,-0.06064626593771083,-1,True,14,,,,,,,pulled,pulled-type,,,,,,,,,,,,,,,,,,
1812,2022-01-01,-0.03990530444439644,-1,True,13,,,,,,,pulled,pulled-type,,,,,,,,,,,,,,,,,,
1813,2022-02-01,-0.08918445959832422,-1,True,4,,,,,,,pulled,pulled-type,,,,,,,,,,,,,,,,,,
1814,2022-03-01,-0.11211314408751183,-1,True,1,322.0,1.0,70.0,2.0,0.438773146037137,True,emitted,,Platinum_Futures_Close:Z6,<,0.8666666666666667,0.438773146037137,-0.010376771275440805,0.18211998664072057,tier4,11.0,0.18181818181818182,True,True,-1.0,-1.0,0.8181818181818181,0.8181818181818181,1.0,1.0,
1815,2022-04-01,-0.10920842047541324,-1,True,1,322.0,1.0,70.0,2.0,0.438773146037137,True,emitted,,Platinum_Futures_Close:Z6,<,0.8666666666666667,0.438773146037137,-0.010376771275440805,-0.09243735980135394,tier2,13.0,1.0,False,False,1.0,1.0,1.0,1.0,0.0,0.0,
1816,2022-05-01,0.029255572028235033,1,True,1,322.0,1.0,70.0,2.0,0.438773146037137,True,emitted,,Platinum_Futures_Close:Z6,<,0.8666666666666667,0.438773146037137,-0.010376771275440805,-1.1123848803444376,tier2,13.0,1.0,False,False,1.0,1.0,1.0,1.0,1.0,1.0,
1817,2022-06-01,-0.012420326599968834,-1,True,1,322.0,1.0,70.0,2.0,0.4225526891078473,True,emitted,,Platinum_Futures_Close:Z6,<,0.8666666666666667,0.4225526891078473,-0.017109275551906788,0.2967227181659473,tier4,12.0,0.16666666666666666,True,True,-1.0,-1.0,0.8333333333333334,0.8333333333333334,1.0,1.0,
1818,2022-07-01,-0.04746712368531614,-1,True,1,323.0,1.0,70.0,2.0,0.39348036663445374,True,emitted,,Platinum_Futures_Close:Z6,<,0.8,0.39348036663445374,-0.1439401194829404,-0.8195388960551749,tier2,12.0,1.0,False,False,1.0,1.0,1.0,1.0,0.0,0.0,
1819,2022-08-01,-0.05797061857840402,-1,True,1,324.0,1.0,70.0,1.0,0.40895143038046905,True,emitted,,Platinum_Futures_Close:Z6,<,0.8125,0.40895143038046905,-0.10505309599496156,-1.0750625671415937,tier2,13.0,1.0,False,False,1.0,1.0,1.0,1.0,0.0,0.0,
1820,2022-09-01,0.01606548423403309,1,True,1,323.0,1.0,70.0,2.0,0.40542352822515254,True,emitted,,Platinum_Futures_Close:Z6,<,0.8125,0.40542352822515254,-0.1209845196138888,-1.9643621427644378,tier2,13.0,1.0,False,False,1.0,1.0,1.0,1.0,1.0,1.0,Dollar_Index:Z12
1821,2022-10-01,0.06296359094984272,1,True,1,323.0,-1.0,70.0,2.0,0.3424020062159348,True,emitted,,Platinum_Futures_Close:Z6,>,0.7355769230769231,0.3424020062159348,-0.0963121687774555,-0.7192095845276063,tier4,14.0,0.07142857142857142,True,True,1.0,1.0,0.9285714285714286,0.9285714285714286,1.0,1.0,
1822,2022-11-01,0.04140309870989545,1,True,1,324.0,-1.0,70.0,2.0,0.2745857380435885,True,emitted,,Platinum_Futures_Close:Z6,>,0.6696428571428572,0.2745857380435885,-0.0596613379732811,0.1321600235167175,tier2,15.0,0.8,False,False,-1.0,-1.0,0.8,0.8,0.0,0.0,
1823,2022-12-01,0.014359076656704994,1,True,13,,,,,,,pulled,pulled-type,,,,,,,,,,,,,,,,,,
1824,2023-01-01,0.04060207392385573,1,True,13,,,,,,,pulled,pulled-type,,,,,,,,,,,,,,,,,,
1825,2023-02-01,0.016297446809307337,1,True,4,,,,,,,pulled,pulled-type,,,,,,,,,,,,,,,,,,
1826,2023-03-01,0.09494975749548673,1,True,13,,,,,,,pulled,pulled-type,,,,,,,,,,,,,,,,,,
1827,2023-04-01,0.09380351643730411,1,True,16,46.0,1.0,70.0,4.0,0.37243575824330655,True,emitted,,Platinum_Futures_Close:Z6,<,0.7350427350427351,0.37243575824330655,0.03366837168379543,0.7343745176524137,tier4,10.0,0.2,True,False,-1.0,1.0,0.8,0.2,0.0,1.0,
1828,2023-05-01,0.07505367005675634,1,True,13,,,,,,,pulled,pulled-type,,,,,,,,,,,,,,,,,,
1829,2023-06-01,0.014664367154903601,1,True,16,46.0,1.0,70.0,4.0,0.37243575824330655,True,emitted,,Platinum_Futures_Close:Z6,<,0.7350427350427351,0.37243575824330655,0.03366837168379543,-0.6692666858722863,tier2,12.0,0.9166666666666666,False,False,1.0,1.0,0.9166666666666666,0.9166666666666666,1.0,1.0,
1830,2023-07-01,-0.05294378743213146,-1,True,25,,,,,,,pulled,pulled-type,,,,,,,,,,,,,,,,,,
1831,2023-08-01,0.000606780199768675,1,True,13,,,,,,,pulled,pulled-type,,,,,,,,,,,,,,,,,,
1832,2023-09-01,0.06258801409359505,1,True,16,48.0,1.0,70.0,2.0,0.3345129513220354,True,emitted,,Platinum_Futures_Close:Z6,<,0.6888888888888889,0.3345129513220354,0.04602422510719797,-0.12395482861566538,tier2,13.0,0.9230769230769231,False,False,1.0,1.0,0.9230769230769231,0.9230769230769231,1.0,1.0,
1833,2023-10-01,0.12793668611644549,1,True,13,,,,,,,pulled,pulled-type,,,,,,,,,,,,,,,,,,
1834,2023-11-01,0.12374222646492639,1,True,13,,,,,,,pulled,pulled-type,,,,,,,,,,,,,,,,,,
1835,2023-12-01,0.10363194513443474,1,True,13,,,,,,,pulled,pulled-type,,,,,,,,,,,,,,,,,,
1836,2024-01-01,0.061649214277448516,1,True,13,,,,,,,pulled,pulled-type,,,,,,,,,,,,,,,,,,
1837,2024-02-01,0.04454622307054823,1,True,25,,,,,,,pulled,pulled-type,,,,,,,,,,,,,,,,,,
1838,2024-03-01,0.047299989701333756,1,True,25,,,,,,,pulled,pulled-type,,,,,,,,,,,,,,,,,,
1839,2024-04-01,0.08322981385436412,1,True,25,,,,,,,pulled,pulled-type,,,,,,,,,,,,,,,,,,
1840,2024-05-01,0.04641425514309594,1,True,25,,,,,,,pulled,pulled-type,,,,,,,,,,,,,,,,,,
1841,2024-06-01,0.03806364267193918,1,True,25,,,,,,,pulled,pulled-type,,,,,,,,,,,,,,,,,,
1842,2024-07-01,0.045921778852566764,1,True,25,,,,,,,pulled,pulled-type,,,,,,,,,,,,,,,,,,
1843,2024-08-01,0.08245413743648844,1,True,13,,,,,,,pulled,pulled-type,,,,,,,,,,,,,,,,,,
1844,2024-09-01,0.0693168500196708,1,True,13,,,,,,,pulled,pulled-type,,,,,,,,,,,,,,,,,,
1845,2024-10-01,0.03231795706354479,1,True,25,,,,,,,pulled,pulled-type,,,,,,,,,,,,,,,,,,
1846,2024-11-01,0.018343261523434684,1,True,25,,,,,,,pulled,pulled-type,,,,,,,,,,,,,,,,,,
1847,2024-12-01,-0.05438865591422748,-1,True,25,,,,,,,pulled,pulled-type,,,,,,,,,,,,,,,,,,
1848,2025-01-01,-0.10201826318537022,-1,True,13,,,,,,,pulled,pulled-type,,,,,,,,,,,,,,,,,,
1849,2025-02-01,-0.037718524381943674,-1,True,16,49.0,1.0,70.0,2.0,0.33082234751901246,True,emitted,,Platinum_Futures_Close:Z6,<,0.7013888888888888,0.33082234751901246,0.04358671360928983,0.1394183602034679,tier4,11.0,0.2727272727272727,True,False,-1.0,1.0,0.7272727272727273,0.2727272727272727,1.0,0.0,
1850,2025-03-01,0.06086720293343961,1,True,13,,,,,,,pulled,pulled-type,,,,,,,,,,,,,,,,,,
1851,2025-04-01,0.1726423704153459,1,True,1,326.0,1.0,70.0,1.0,0.28857001931285836,True,emitted,,Platinum_Futures_Close:Z6,<,0.6804511278195489,0.28857001931285836,0.23843254194161195,-0.04319696246324092,tier2,20.0,0.85,False,False,1.0,1.0,0.85,0.85,1.0,1.0,
1852,2025-05-01,0.1029148652859575,1,True,4,,,,,,,pulled,pulled-type,,,,,,,,,,,,,,,,,,
1853,2025-06-01,0.09188574651056491,1,True,13,,,,,,,pulled,pulled-type,,,,,,,,,,,,,,,,,,
1854,2025-07-01,0.06975203427446952,1,True,13,,,,,,,pulled,pulled-type,,,,,,,,,,,,,,,,,,
1855,2025-08-01,0.05179261652115952,1,True,13,,,,,,,pulled,pulled-type,,,,,,,,,,,,,,,,,,
1856,2025-09-01,0.040857627685483955,1,True,25,,,,,,,pulled,pulled-type,,,,,,,,,,,,,,,,,,
1857,2025-10-01,0.02871720804561595,1,True,25,,,,,,,pulled,pulled-type,,,,,,,,,,,,,,,,,,
1858,2025-11-01,0.02268552409677982,1,True,25,,,,,,,pulled,pulled-type,,,,,,,,,,,,,,,,,,
1859,2025-12-01,-0.028980829752368154,-1,True,25,,,,,,,pulled,pulled-type,,,,,,,,,,,,,,,,,,
1860,2026-01-01,0.004024408720181283,1,True,16,49.0,1.0,70.0,2.0,0.3171586470002883,True,emitted,,Platinum_Futures_Close:Z6,<,0.7124999999999999,0.3171586470002883,0.034917685444070486,6.496029054297136,tier4,12.0,0.25,True,False,-1.0,1.0,0.75,0.25,0.0,1.0,
1861,2026-02-01,0.07524800672105214,1,True,13,,,,,,,pulled,pulled-type,,,,,,,,,,,,,,,,,,
1862,2026-03-01,0.11956171607466914,1,True,13,,,,,,,pulled,pulled-type,,,,,,,,,,,,,,,,,,
1863,2026-04-01,0.07536738504756268,1,True,-1,,,,,,,abstain,anchor-leg-missing,,,,,,,,,,,,,,,,,,
1864,2026-05-01,0.02535543935175366,1,True,-1,,,,,,,abstain,anchor-leg-missing,,,,,,,,,,,,,,,,,,
1865,2026-06-01,,0,False,-1,,,,,,,abstain,anchor-leg-missing,,,,,,,,,,,,,,,,,,
1866,2026-07-01,,0,False,-1,,,,,,,abstain,anchor-leg-missing,,,,,,,,,,,,,,,,,,
1867,2026-08-01,,0,False,-1,,,,,,,abstain,anchor-leg-missing,,,,,,,,,,,,,,,,,,
