t,date,ret3,lab,scored,typ,status,reason,n_type_train,base_dir,n_screened,n_survivors,max_r2,split_attempted,primary,primary_dir,primary_J,chosen_r2,primary_thresh_z,primary_z_t,tier,leaf_n,leaf_raw,flipA,flipB,predA,predB,is_accA,is_accB,hitA,hitB,model3
0,1997-01-01,-0.4895287958115183,-1,True,-1,abstain,anchor-leg-missing,,,,,,,,,,,,,,,,,,,,,,,,
1,1997-02-01,-0.12048192771084343,-1,True,-1,abstain,anchor-leg-missing,,,,,,,,,,,,,,,,,,,,,,,,
2,1997-03-01,0.22222222222222232,1,True,-1,abstain,anchor-leg-missing,,,,,,,,,,,,,,,,,,,,,,,,
3,1997-04-01,0.10769230769230775,1,True,-1,abstain,train<MIN_TRAIN,,,,,,,,,,,,,,,,,,,,,,,,
4,1997-05-01,0.022831050228310668,1,True,-1,abstain,train<MIN_TRAIN,,,,,,,,,,,,,,,,,,,,,,,,
5,1997-06-01,0.28181818181818175,1,True,-1,abstain,train<MIN_TRAIN,,,,,,,,,,,,,,,,,,,,,,,,
6,1997-07-01,0.4259259259259258,1,True,-1,abstain,train<MIN_TRAIN,,,,,,,,,,,,,,,,,,,,,,,,
7,1997-08-01,0.4419642857142856,1,True,-1,abstain,train<MIN_TRAIN,,,,,,,,,,,,,,,,,,,,,,,,
8,1997-09-01,-0.10638297872340419,-1,True,-1,abstain,train<MIN_TRAIN,,,,,,,,,,,,,,,,,,,,,,,,
9,1997-10-01,-0.2987012987012987,-1,True,-1,abstain,train<MIN_TRAIN,,,,,,,,,,,,,,,,,,,,,,,,
10,1997-11-01,-0.30959752321981426,-1,True,-1,abstain,train<MIN_TRAIN,,,,,,,,,,,,,,,,,,,,,,,,
11,1997-12-01,-0.10317460317460325,-1,True,-1,abstain,train<MIN_TRAIN,,,,,,,,,,,,,,,,,,,,,,,,
12,1998-01-01,0.1342592592592593,1,True,-1,abstain,train<MIN_TRAIN,,,,,,,,,,,,,,,,,,,,,,,,
13,1998-02-01,-0.053811659192825156,-1,True,-1,abstain,train<MIN_TRAIN,,,,,,,,,,,,,,,,,,,,,,,,
14,1998-03-01,-0.07079646017699104,-1,True,-1,abstain,train<MIN_TRAIN,,,,,,,,,,,,,,,,,,,,,,,,
15,1998-04-01,0.004081632653061051,1,True,-1,abstain,train<MIN_TRAIN,,,,,,,,,,,,,,,,,,,,,,,,
16,1998-05-01,-0.12796208530805675,-1,True,-1,abstain,train<MIN_TRAIN,,,,,,,,,,,,,,,,,,,,,,,,
17,1998-06-01,-0.12380952380952381,-1,True,-1,abstain,train<MIN_TRAIN,,,,,,,,,,,,,,,,,,,,,,,,
18,1998-07-01,-0.05284552845528456,-1,True,-1,abstain,train<MIN_TRAIN,,,,,,,,,,,,,,,,,,,,,,,,
19,1998-08-01,0.0,0,False,-1,abstain,train<MIN_TRAIN,,,,,,,,,,,,,,,,,,,,,,,,
20,1998-09-01,-0.23369565217391308,-1,True,-1,abstain,train<MIN_TRAIN,,,,,,,,,,,,,,,,,,,,,,,,
21,1998-10-01,-0.09871244635193133,-1,True,-1,abstain,train<MIN_TRAIN,,,,,,,,,,,,,,,,,,,,,,,,
22,1998-11-01,-0.048913043478260865,-1,True,-1,abstain,train<MIN_TRAIN,,,,,,,,,,,,,,,,,,,,,,,,
23,1998-12-01,0.17021276595744683,1,True,-1,abstain,train<MIN_TRAIN,,,,,,,,,,,,,,,,,,,,,,,,
24,1999-01-01,-0.07142857142857151,-1,True,-1,abstain,train<MIN_TRAIN,,,,,,,,,,,,,,,,,,,,,,,,
25,1999-02-01,0.27428571428571424,1,True,-1,abstain,train<MIN_TRAIN,,,,,,,,,,,,,,,,,,,,,,,,
26,1999-03-01,0.4181818181818182,1,True,-1,abstain,train<MIN_TRAIN,,,,,,,,,,,,,,,,,,,,,,,,
27,1999-04-01,0.1743589743589744,1,True,-1,abstain,train<MIN_TRAIN,,,,,,,,,,,,,,,,,,,,,,,,
28,1999-05-01,0.12556053811659185,1,True,-1,abstain,train<MIN_TRAIN,,,,,,,,,,,,,,,,,,,,,,,,
29,1999-06-01,0.15811965811965822,1,True,-1,abstain,train<MIN_TRAIN,,,,,,,,,,,,,,,,,,,,,,,,
30,1999-07-01,0.04366812227074246,1,True,-1,abstain,train<MIN_TRAIN,,,,,,,,,,,,,,,,,,,,,,,,
31,1999-08-01,0.08764940239043839,1,True,-1,abstain,train<MIN_TRAIN,,,,,,,,,,,,,,,,,,,,,,,,
32,1999-09-01,-0.19926199261992616,-1,True,-1,abstain,train<MIN_TRAIN,,,,,,,,,,,,,,,,,,,,,,,,
33,1999-10-01,-0.09623430962343094,-1,True,-1,abstain,train<MIN_TRAIN,,,,,,,,,,,,,,,,,,,,,,,,
34,1999-11-01,0.029304029304029422,1,True,-1,abstain,train<MIN_TRAIN,,,,,,,,,,,,,,,,,,,,,,,,
35,1999-12-01,0.24884792626728114,1,True,-1,abstain,train<MIN_TRAIN,,,,,,,,,,,,,,,,,,,,,,,,
36,2000-01-01,0.35185185185185164,1,True,-1,abstain,train<MIN_TRAIN,,,,,,,,,,,,,,,,,,,,,,,,
37,2000-02-01,0.12455516014234869,1,True,-1,abstain,train<MIN_TRAIN,,,,,,,,,,,,,,,,,,,,,,,,
38,2000-03-01,0.6199261992619924,1,True,-1,abstain,train<MIN_TRAIN,,,,,,,,,,,,,,,,,,,,,,,,
39,2000-04-01,0.49315068493150704,1,True,-1,abstain,train<MIN_TRAIN,,,,,,,,,,,,,,,,,,,,,,,,
40,2000-05-01,0.5205695659299439,1,True,-1,abstain,train<MIN_TRAIN,,,,,,,,,,,,,,,,,,,,,,,,
41,2000-06-01,0.10136675128632633,1,True,-1,abstain,train<MIN_TRAIN,,,,,,,,,,,,,,,,,,,,,,,,
42,2000-07-01,0.22752299002551157,1,True,-1,abstain,train<MIN_TRAIN,,,,,,,,,,,,,,,,,,,,,,,,
43,2000-08-01,-0.024765861038433257,-1,True,-1,abstain,train<MIN_TRAIN,,,,,,,,,,,,,,,,,,,,,,,,
44,2000-09-01,0.380558456684744,1,True,-1,abstain,train<MIN_TRAIN,,,,,,,,,,,,,,,,,,,,,,,,
45,2000-10-01,0.5627802598691121,1,True,-1,abstain,train<MIN_TRAIN,,,,,,,,,,,,,,,,,,,,,,,,
46,2000-11-01,0.36577043800842035,1,True,-1,abstain,train<MIN_TRAIN,,,,,,,,,,,,,,,,,,,,,,,,
47,2000-12-01,-0.2232210045512052,-1,True,-1,abstain,train<MIN_TRAIN,,,,,,,,,,,,,,,,,,,,,,,,
48,2001-01-01,-0.3898852261441754,-1,True,-1,abstain,train<MIN_TRAIN,,,,,,,,,,,,,,,,,,,,,,,,
49,2001-02-01,-0.27484379299217776,-1,True,-1,abstain,train<MIN_TRAIN,,,,,,,,,,,,,,,,,,,,,,,,
50,2001-03-01,-0.24204433748741117,-1,True,-1,abstain,train<MIN_TRAIN,,,,,,,,,,,,,,,,,,,,,,,,
51,2001-04-01,-0.3891828330779393,-1,True,-1,abstain,train<MIN_TRAIN,,,,,,,,,,,,,,,,,,,,,,,,
52,2001-05-01,-0.3361344049994647,-1,True,-1,abstain,train<MIN_TRAIN,,,,,,,,,,,,,,,,,,,,,,,,
53,2001-06-01,-0.3997455655206701,-1,True,-1,abstain,train<MIN_TRAIN,,,,,,,,,,,,,,,,,,,,,,,,
54,2001-07-01,-0.29162660515666405,-1,True,-1,abstain,train<MIN_TRAIN,,,,,,,,,,,,,,,,,,,,,,,,
55,2001-08-01,0.06783507501672847,1,True,-1,abstain,train<MIN_TRAIN,,,,,,,,,,,,,,,,,,,,,,,,
56,2001-09-01,0.11657486186831845,1,True,-1,abstain,train<MIN_TRAIN,,,,,,,,,,,,,,,,,,,,,,,,
57,2001-10-01,0.11639491663070056,1,True,-1,abstain,train<MIN_TRAIN,,,,,,,,,,,,,,,,,,,,,,,,
58,2001-11-01,-0.349544033520638,-1,True,-1,abstain,train<MIN_TRAIN,,,,,,,,,,,,,,,,,,,,,,,,
59,2001-12-01,-0.09643126136369085,-1,True,-1,abstain,train<MIN_TRAIN,,,,,,,,,,,,,,,,,,,,,,,,
60,2002-01-01,0.4279919283943383,1,True,-1,abstain,train<MIN_TRAIN,,,,,,,,,,,,,,,,,,,,,,,,
61,2002-02-01,0.7359811832045036,1,True,-1,abstain,train<MIN_TRAIN,,,,,,,,,,,,,,,,,,,,,,,,
62,2002-03-01,0.3621848517256896,1,True,-1,abstain,train<MIN_TRAIN,,,,,,,,,,,,,,,,,,,,,,,,
63,2002-04-01,-0.09318183819370829,-1,True,-1,abstain,train<MIN_TRAIN,,,,,,,,,,,,,,,,,,,,,,,,
64,2002-05-01,-0.23499325079664846,-1,True,-1,abstain,train<MIN_TRAIN,,,,,,,,,,,,,,,,,,,,,,,,
65,2002-06-01,-0.03392971314612936,-1,True,-1,abstain,train<MIN_TRAIN,,,,,,,,,,,,,,,,,,,,,,,,
66,2002-07-01,0.2741228145523176,1,True,17,abstain,type-train<floor8,0.0,,,,,,,,,,,,,,,,,,,,,,,
67,2002-08-01,0.4285714046025355,1,True,8,abstain,type-train<floor8,1.0,,,,,,,,,,,,,,,,,,,,,,,
68,2002-09-01,0.3793104130761782,1,True,13,emitted,,15.0,1.0,60.0,4.0,0.5803984848171996,True,Dollar_Index:Z3,>,0.8333333333333335,0.5803984848171996,-0.6199936049057624,-0.522637174124724,tier2,10.0,0.9,False,False,1.0,1.0,0.9,0.9,1.0,1.0,
69,2002-10-01,0.2911236884193287,1,True,13,emitted,,15.0,1.0,60.0,4.0,0.5803984848171996,True,Dollar_Index:Z3,>,0.8333333333333335,0.5803984848171996,-0.6199936049057624,0.9990700315635465,tier2,10.0,0.9,False,False,1.0,1.0,0.9,0.9,1.0,1.0,
70,2002-11-01,0.42019701361346606,1,True,10,abstain,type-train<floor8,3.0,,,,,,,,,,,,,,,,,,,,,,,
71,2002-12-01,0.657870345995015,1,True,1,abstain,type-train<floor8,5.0,,,,,,,,,,,,,,,,,,,,,,,
72,2003-01-01,-0.023995415970276435,-1,True,5,abstain,type-train<floor8,0.0,,,,,,,,,,,,,,,,,,,,,,,
73,2003-02-01,-0.08654172970328422,-1,True,10,abstain,type-train<floor8,4.0,,,,,,,,,,,,,,,,,,,,,,,
74,2003-03-01,-0.10471934951477058,-1,True,13,emitted,,17.0,1.0,60.0,1.0,0.5268226812444421,True,Dollar_Index:Z6_vel,>,0.8181818181818183,0.45256918739388236,-0.1033803513258003,-0.10098032251749808,tier2,9.0,1.0,False,False,1.0,1.0,1.0,1.0,0.0,0.0,
75,2003-04-01,0.03746339751452932,1,True,13,abstain,leaf<floor8,16.0,1.0,60.0,1.0,0.5122011966557326,True,Dollar_Index:Z3,>,0.8333333333333335,0.5122011966557326,-0.5963741589358617,-1.0017188450408707,tier4,5.0,,,,,,,,,,
76,2003-05-01,-0.07461555175317092,-1,True,13,abstain,leaf<floor8,16.0,1.0,60.0,1.0,0.5122011966557326,True,Dollar_Index:Z3,>,0.8333333333333335,0.5122011966557326,-0.5963741589358617,-1.163117123190549,tier4,5.0,,,,,,,,,,
77,2003-06-01,-0.27651281827038854,-1,True,10,abstain,type-train<floor8,4.0,,,,,,,,,,,,,,,,,,,,,,,
78,2003-07-01,-0.120368605801486,-1,True,10,abstain,type-train<floor8,4.0,,,,,,,,,,,,,,,,,,,,,,,
79,2003-08-01,-0.034673809244985976,-1,True,1,abstain,type-train<floor8,5.0,,,,,,,,,,,,,,,,,,,,,,,
80,2003-09-01,0.13882303554189424,1,True,5,abstain,type-train<floor8,2.0,,,,,,,,,,,,,,,,,,,,,,,
81,2003-10-01,0.45969640246401555,1,True,13,emitted,,17.0,1.0,60.0,1.0,0.4233307169719224,True,Dollar_Index:Z3,>,0.7571428571428571,0.4233307169719224,-0.4204855774650678,-0.21579207218115048,tier2,10.0,0.9,False,False,1.0,1.0,0.9,0.9,1.0,1.0,
82,2003-11-01,0.18469712478843836,1,True,12,abstain,type-train<floor8,1.0,,,,,,,,,,,,,,,,,,,,,,,
83,2003-12-01,0.05053950383301986,1,True,21,abstain,degenerate-screen,8.0,1.0,0.0,0.0,0.0,True,,,,,,,,,,,,,,,,,,
84,2004-01-01,-0.15555884762004346,-1,True,25,abstain,type-train<floor8,5.0,,,,,,,,,,,,,,,,,,,,,,,
85,2004-02-01,0.11786869013069401,1,True,21,abstain,degenerate-screen,10.0,1.0,0.0,0.0,0.0,True,,,,,,,,,,,,,,,,,,
86,2004-03-01,0.20378378434108058,1,True,13,emitted,,17.0,1.0,60.0,1.0,0.43143337691535294,True,Dollar_Index:Z3,>,0.7571428571428571,0.43143337691535294,-0.4273004876504524,-0.03212443435923722,tier2,10.0,0.9,False,False,1.0,1.0,0.9,0.9,1.0,1.0,
87,2004-04-01,0.078404189351585,1,True,21,abstain,degenerate-screen,9.0,1.0,0.0,0.0,0.0,True,,,,,,,,,,,,,,,,,,
88,2004-05-01,-0.06708389471961962,-1,True,12,abstain,type-train<floor8,2.0,,,,,,,,,,,,,,,,,,,,,,,
89,2004-06-01,-0.2568477803234628,-1,True,21,abstain,degenerate-screen,10.0,1.0,0.0,0.0,0.0,True,,,,,,,,,,,,,,,,,,
90,2004-07-01,0.0892713250213184,1,True,21,abstain,degenerate-screen,11.0,1.0,0.0,0.0,0.0,True,,,,,,,,,,,,,,,,,,
91,2004-08-01,0.5000860078690843,1,True,21,abstain,degenerate-screen,11.0,1.0,0.0,0.0,0.0,True,,,,,,,,,,,,,,,,,,
92,2004-09-01,0.493051335144002,1,True,21,abstain,degenerate-screen,12.0,1.0,0.0,0.0,0.0,True,,,,,,,,,,,,,,,,,,
93,2004-10-01,-0.14500884493518584,-1,True,18,abstain,type-train<floor8,0.0,,,,,,,,,,,,,,,,,,,,,,,
94,2004-11-01,-0.2756880973246484,-1,True,21,abstain,degenerate-screen,14.0,1.0,0.0,0.0,0.0,True,,,,,,,,,,,,,,,,,,
95,2004-12-01,-0.09888038148001299,-1,True,21,abstain,degenerate-screen,15.0,1.0,0.0,0.0,0.0,True,,,,,,,,,,,,,,,,,,
96,2005-01-01,0.3383419902474858,1,True,24,abstain,type-train<floor8,6.0,,,,,,,,,,,,,,,,,,,,,,,
97,2005-02-01,0.06032299602313573,1,True,24,abstain,type-train<floor8,6.0,,,,,,,,,,,,,,,,,,,,,,,
98,2005-03-01,0.016317396526155603,1,True,24,abstain,type-train<floor8,6.0,,,,,,,,,,,,,,,,,,,,,,,
99,2005-04-01,-0.07459027787563599,-1,True,24,abstain,type-train<floor8,7.0,,,,,,,,,,,,,,,,,,,,,,,
100,2005-05-01,0.2175601388345878,1,True,21,abstain,degenerate-screen,13.0,1.0,0.0,0.0,0.0,True,,,,,,,,,,,,,,,,,,
101,2005-06-01,0.7317719708391146,1,True,21,abstain,degenerate-screen,13.0,1.0,0.0,0.0,0.0,True,,,,,,,,,,,,,,,,,,
102,2005-07-01,0.9546785930703878,1,True,21,abstain,degenerate-screen,12.0,1.0,0.0,0.0,0.0,True,,,,,,,,,,,,,,,,,,
103,2005-08-01,0.4545007660154181,1,True,21,abstain,degenerate-screen,13.0,1.0,0.0,0.0,0.0,True,,,,,,,,,,,,,,,,,,
104,2005-09-01,0.10802079280940768,1,True,13,emitted,,21.0,1.0,60.0,1.0,0.22523162152264056,True,M2_Money:Z6_vel,<,0.4722222222222223,0.22523162152264056,-0.2683988841034041,1.2361716457612844,tier4,13.0,0.38461538461538464,True,False,-1.0,1.0,0.6153846153846154,0.38461538461538464,0.0,1.0,
105,2005-10-01,-0.24192050695712108,-1,True,13,emitted,,21.0,1.0,60.0,1.0,0.22523162152264056,True,M2_Money:Z6_vel,<,0.4722222222222223,0.22523162152264056,-0.2683988841034041,1.1303753118921036,tier4,13.0,0.38461538461538464,True,False,-1.0,1.0,0.6153846153846154,0.38461538461538464,1.0,0.0,
106,2005-11-01,-0.26450254424393604,-1,True,10,abstain,type-train<floor8,6.0,,,,,,,,,,,,,,,,,,,,,,,
107,2005-12-01,-0.4831504121583039,-1,True,9,pulled,pulled-type,,1.0,,,,,,,,,,,,,,,,1.0,1.0,,,0.0,0.0,
108,2006-01-01,-0.318275956862618,-1,True,12,abstain,type-train<floor8,2.0,,,,,,,,,,,,,,,,,,,,,,,
109,2006-02-01,-0.23248876538145657,-1,True,24,abstain,degenerate-screen,9.0,1.0,0.0,0.0,0.0,True,,,,,,,,,,,,,,,,,,
110,2006-03-01,-0.04232880674419004,-1,True,24,abstain,degenerate-screen,9.0,1.0,0.0,0.0,0.0,True,,,,,,,,,,,,,,,,,,
111,2006-04-01,-0.20416898124240834,-1,True,13,abstain,gate-fail-r2,24.0,1.0,60.0,0.0,0.1981561247886719,True,,,,,,,,,,,,,,,,,,
112,2006-05-01,0.1312919622920461,1,True,5,abstain,type-train<floor8,4.0,,,,,,,,,,,,,,,,,,,,,,,
113,2006-06-01,-0.08855460658124026,-1,True,5,abstain,type-train<floor8,4.0,,,,,,,,,,,,,,,,,,,,,,,
114,2006-07-01,-0.021162141097317733,-1,True,13,abstain,gate-fail-r2,25.0,1.0,60.0,0.0,0.18225739710251343,True,,,,,,,,,,,,,,,,,,
115,2006-08-01,0.018220228888135237,1,True,12,abstain,type-train<floor8,3.0,,,,,,,,,,,,,,,,,,,,,,,
116,2006-09-01,0.4330440937667799,1,True,13,abstain,gate-fail-r2,24.0,1.0,60.0,0.0,0.17052344157797222,True,,,,,,,,,,,,,,,,,,
117,2006-10-01,0.1162501587555893,1,True,13,abstain,gate-fail-r2,25.0,1.0,60.0,0.0,0.15475249055302123,True,,,,,,,,,,,,,,,,,,
118,2006-11-01,-0.023599544333613887,-1,True,13,abstain,gate-fail-r2,25.0,1.0,60.0,0.0,0.15475249055302123,True,,,,,,,,,,,,,,,,,,
119,2006-12-01,-0.1346473324352202,-1,True,13,abstain,gate-fail-r2,26.0,1.0,60.0,0.0,0.146960719593211,True,,,,,,,,,,,,,,,,,,
120,2007-01-01,0.21781239307310551,1,True,10,abstain,type-train<floor8,6.0,,,,,,,,,,,,,,,,,,,,,,,
121,2007-02-01,0.024966762297949918,1,True,13,abstain,gate-fail-r2,28.0,1.0,60.0,0.0,0.14414421686927983,True,,,,,,,,,,,,,,,,,,
122,2007-03-01,0.08095494883422205,1,True,13,abstain,gate-fail-r2,29.0,1.0,60.0,0.0,0.14931851171192997,True,,,,,,,,,,,,,,,,,,
123,2007-04-01,-0.11823752631975137,-1,True,17,abstain,type-train<floor8,4.0,,,,,,,,,,,,,,,,,,,,,,,
124,2007-05-01,-0.17698881965750402,-1,True,14,abstain,type-train<floor8,1.0,,,,,,,,,,,,,,,,,,,,,,,
125,2007-06-01,-0.2854785044066884,-1,True,16,abstain,leaf<floor8,11.0,1.0,22.0,3.0,0.37793825006711795,True,VIX_Close:Z6,>,0.8,0.2954754106154158,-0.20868647444390387,0.167754431149131,tier2,4.0,,,,,,,,,,
126,2007-07-01,0.042282710578171345,1,True,13,abstain,gate-fail-r2,31.0,1.0,60.0,0.0,0.14310550015087786,True,,,,,,,,,,,,,,,,,,
127,2007-08-01,0.35972918172734847,1,True,5,abstain,type-train<floor8,6.0,,,,,,,,,,,,,,,,,,,,,,,
128,2007-09-01,0.281577542283612,1,True,2,emitted,,19.0,-1.0,60.0,2.0,0.2739138012317693,True,US_CPI:Z6_vel,>,0.6666666666666665,0.2145762969080087,0.2787876707313558,0.3357140218230231,tier2,8.0,1.0,False,False,-1.0,-1.0,1.0,1.0,0.0,0.0,
129,2007-10-01,0.1134751336530555,1,True,2,emitted,,19.0,-1.0,60.0,2.0,0.2739138012317693,True,US_CPI:Z6_vel,>,0.6666666666666665,0.2145762969080087,0.2787876707313558,-0.9766882352536875,tier4,11.0,0.36363636363636365,True,False,1.0,-1.0,0.6363636363636364,0.36363636363636365,1.0,0.0,
130,2007-11-01,-0.10385554059155633,-1,True,5,abstain,type-train<floor8,7.0,,,,,,,,,,,,,,,,,,,,,,,
131,2007-12-01,0.29553637733985827,1,True,2,emitted,,20.0,-1.0,60.0,2.0,0.23445625266515674,True,Term_Spread_10Y_2Y:Z3,>,0.5,0.23445625266515674,-0.5967278615888872,0.78364656076828,tier2,11.0,0.8181818181818182,False,False,-1.0,-1.0,0.8181818181818182,0.8181818181818182,0.0,0.0,
132,2008-01-01,0.23872612678292304,1,True,5,abstain,type-train<floor8,7.0,,,,,,,,,,,,,,,,,,,,,,,
133,2008-02-01,0.36447030782981393,1,True,5,abstain,type-train<floor8,7.0,,,,,,,,,,,,,,,,,,,,,,,
134,2008-03-01,0.2806548495809844,1,True,5,abstain,type-train<floor8,7.0,,,,,,,,,,,,,,,,,,,,,,,
135,2008-04-01,0.3888317715167373,1,True,2,emitted,,21.0,-1.0,60.0,2.0,0.334459368394798,True,Gold_Close:Z12,<,0.6388888888888888,0.28473094454391185,-0.5113270573395438,2.930665815527266,tier4,11.0,0.2727272727272727,True,False,1.0,-1.0,0.7272727272727273,0.2727272727272727,1.0,0.0,
136,2008-05-01,-0.11097433441234605,-1,True,10,abstain,degenerate-screen,8.0,1.0,0.0,0.0,0.0,True,,,,,,,,,,,,,,,,,,
137,2008-06-01,-0.39334946614476063,-1,True,18,abstain,type-train<floor8,1.0,,,,,,,,,,,,,,,,,,,,,,,
138,2008-07-01,-0.42776748622397864,-1,True,9,pulled,pulled-type,,-1.0,,,,,,,,,,,,,,,,-1.0,-1.0,1.0,1.0,1.0,1.0,
139,2008-08-01,-0.2717009409776254,-1,True,1,abstain,type-train<floor8,6.0,,,,,,,,,,,,,,,,,,,,,,,
140,2008-09-01,-0.09048341147197547,-1,True,1,abstain,type-train<floor8,5.0,,,,,,,,,,,,,,,,,,,,,,,
141,2008-10-01,-0.22735506368904246,-1,True,2,emitted,,16.0,-1.0,60.0,4.0,0.4137608012285881,True,Gold_Close:Z12,<,0.7272727272727273,0.314656874508426,-0.4446625120054502,1.5501882367672528,tier4,8.0,0.375,True,False,1.0,-1.0,0.625,0.375,0.0,1.0,
142,2008-11-01,-0.333577028414628,-1,True,2,emitted,,16.0,-1.0,60.0,4.0,0.4137608012285881,True,Gold_Close:Z12,<,0.7272727272727273,0.314656874508426,-0.4446625120054502,-0.8633933240646023,tier2,8.0,1.0,False,False,-1.0,-1.0,1.0,1.0,1.0,1.0,
143,2008-12-01,-0.37129014342083144,-1,True,2,emitted,,16.0,-1.0,60.0,4.0,0.4137608012285881,True,Gold_Close:Z12,<,0.7272727272727273,0.314656874508426,-0.4446625120054502,-0.26098798322520006,tier4,8.0,0.375,True,False,1.0,-1.0,0.625,0.375,0.0,1.0,
144,2009-01-01,-0.38117571380827253,-1,True,0,abstain,type-train<floor8,0.0,,,,,,,,,,,,,,,,,,,,,,,
145,2009-02-01,-0.22185651105054638,-1,True,18,abstain,type-train<floor8,1.0,,,,,,,,,,,,,,,,,,,,,,,
146,2009-03-01,0.023362264746838113,1,True,1,abstain,type-train<floor8,6.0,,,,,,,,,,,,,,,,,,,,,,,
147,2009-04-01,0.027063638662473855,1,True,2,abstain,degenerate-screen,15.0,-1.0,0.0,0.0,0.0,True,,,,,,,,,,,,,,,,,,
148,2009-05-01,0.13677386717220918,1,True,2,abstain,degenerate-screen,16.0,-1.0,0.0,0.0,0.0,True,,,,,,,,,,,,,,,,,,
149,2009-06-01,-0.33607906541265264,-1,True,2,abstain,degenerate-screen,15.0,-1.0,0.0,0.0,0.0,True,,,,,,,,,,,,,,,,,,
150,2009-07-01,0.1768115916535027,1,True,2,emitted,,16.0,-1.0,59.0,4.0,0.3886042070104275,True,Gold_Close:Z12,<,0.6363636363636362,0.2376685382090589,-0.45248880508171807,-0.14561148325583256,tier4,9.0,0.4444444444444444,True,False,1.0,-1.0,0.5555555555555556,0.4444444444444444,1.0,0.0,
151,2009-08-01,0.19672530821115686,1,True,1,abstain,type-train<floor8,3.0,,,,,,,,,,,,,,,,,,,,,,,
152,2009-09-01,0.6880538520023272,1,True,21,emitted,,19.0,1.0,56.0,5.0,0.27108790839174346,True,US_CPI:Z3,>,0.6794871794871795,0.22862495347360906,-0.34723810385549625,0.7618739530017035,tier2,12.0,0.9166666666666666,False,False,1.0,1.0,0.9166666666666666,0.9166666666666666,1.0,1.0,
153,2009-10-01,0.3175100132064459,1,True,24,abstain,leaf<floor8,15.0,1.0,44.0,4.0,0.45995401873261416,True,WTI_Crude_Close:Z6_acc,>,0.7083333333333335,0.45995401873261416,-0.4665251199836708,-0.9909415339296458,tier4,6.0,,,,,,,,,,
154,2009-11-01,0.1264511087205551,1,True,25,abstain,gate-fail-r2,12.0,1.0,11.0,0.0,0.16334861521070151,True,,,,,,,,,,,,,,,,,,
155,2009-12-01,-0.017429689551178296,-1,True,16,abstain,leaf<floor8,13.0,1.0,58.0,3.0,0.442889365913429,True,Dollar_Index:Z6_vel,>,0.8333333333333335,0.442889365913429,-0.2572039113094918,1.7597868983244283,tier2,7.0,,,,,,,,,,
156,2010-01-01,-0.3055744242823252,-1,True,17,abstain,type-train<floor8,2.0,,,,,,,,,,,,,,,,,,,,,,,
157,2010-02-01,-0.2638940028031075,-1,True,17,abstain,type-train<floor8,2.0,,,,,,,,,,,,,,,,,,,,,,,
158,2010-03-01,-0.09211364928305255,-1,True,16,abstain,leaf<floor8,12.0,-1.0,22.0,2.0,0.4609406396812196,True,Gold_Close:Z3,>,0.8571428571428572,0.4494696798896721,-0.19400081214397927,-1.1490139630313998,tier4,6.0,,,,,,,,,,
159,2010-04-01,0.18795891638229745,1,True,16,abstain,leaf<floor8,12.0,-1.0,22.0,2.0,0.4609406396812196,True,Gold_Close:Z3,>,0.8571428571428572,0.4494696798896721,-0.19400081214397927,-0.2901306415115938,tier4,6.0,,,,,,,,,,
160,2010-05-01,0.17525005340576172,1,True,25,abstain,leaf<floor8,12.0,1.0,33.0,5.0,0.6790021490198352,True,Dollar_Index:Z6_vel,>,0.8,0.6790021490198352,-0.5546528382513793,2.4654429673215503,tier2,6.0,,,,,,,,,,
161,2010-06-01,-0.11440679012498112,-1,True,24,abstain,leaf<floor8,14.0,1.0,44.0,5.0,0.39150330937377387,True,WTI_Crude_Close:Z6_acc,>,0.675,0.39150330937377387,-0.47784944990920963,-0.5633070556224093,tier4,5.0,,,,,,,,,,
162,2010-07-01,-0.2177585785498335,-1,True,24,emitted,,15.0,1.0,44.0,4.0,0.39150330937377387,True,WTI_Crude_Close:Z6_acc,>,0.675,0.39150330937377387,-0.47784944990920963,0.9690407208492515,tier2,8.0,0.875,False,False,1.0,1.0,0.875,0.875,0.0,0.0,
163,2010-08-01,-0.1848543197123519,-1,True,24,abstain,leaf<floor8,13.0,1.0,44.0,5.0,0.408923120739232,True,WTI_Crude_Close:Z6_acc,>,0.657142857142857,0.408923120739232,-0.43543237726848616,1.4722059936065146,tier2,7.0,,,,,,,,,,
164,2010-09-01,0.13476872891339187,1,True,24,abstain,leaf<floor8,14.0,1.0,44.0,6.0,0.4227917415641521,True,WTI_Crude_Close:Z6_acc,>,0.6904761904761905,0.4185043920954381,-0.4663631444030122,-2.306196733256239,tier4,6.0,,,,,,,,,,
165,2010-10-01,0.22465108755795327,1,True,21,emitted,,21.0,1.0,55.0,2.0,0.3420850005055704,True,Fed_Funds_Rate:Z6_vel,<,0.625,0.2604701742627345,-0.2997947538859122,-0.807139722000534,tier2,10.0,1.0,False,False,1.0,1.0,1.0,1.0,1.0,1.0,
166,2010-11-01,0.13439459879883575,1,True,13,emitted,,37.0,1.0,60.0,1.0,0.20248370298715937,True,Dollar_Index:Z3,>,0.4636363636363636,0.20248370298715937,-0.6388390158681749,-1.182228187354473,tier4,12.0,0.25,True,False,-1.0,1.0,0.75,0.25,0.0,1.0,
167,2010-12-01,-0.0927618041489412,-1,True,5,abstain,degenerate-screen,12.0,1.0,0.0,0.0,0.0,True,,,,,,,,,,,,,,,,,,
168,2011-01-01,-0.06193550557094485,-1,True,5,abstain,degenerate-screen,11.0,1.0,0.0,0.0,0.0,True,,,,,,,,,,,,,,,,,,
169,2011-02-01,0.07959505589974891,1,True,5,abstain,leaf<floor8,12.0,1.0,55.0,7.0,0.6257393350596259,True,Term_Spread_10Y_2Y:Z3,>,1.0,0.45654731790520486,-0.34767076661870133,0.3271888054605468,tier2,7.0,,,,,,,,,,
170,2011-03-01,0.1951975984052241,1,True,14,abstain,type-train<floor8,5.0,,,,,,,,,,,,,,,,,,,,,,,
171,2011-04-01,-0.01169191159775762,-1,True,13,abstain,gate-fail-r2,38.0,1.0,60.0,0.0,0.17057712022937407,True,,,,,,,,,,,,,,,,,,
172,2011-05-01,-0.10760700081914798,-1,True,12,abstain,type-train<floor8,5.0,,,,,,,,,,,,,,,,,,,,,,,
173,2011-06-01,-0.12508100514260978,-1,True,21,emitted,,22.0,1.0,55.0,3.0,0.2698860568253813,True,Fed_Funds_Rate:Z6_vel,<,0.6470588235294117,0.2698860568253813,-0.25111707549344864,-0.46053893000272283,tier2,11.0,1.0,False,False,1.0,1.0,1.0,1.0,0.0,0.0,
174,2011-07-01,-0.16098348136928253,-1,True,13,emitted,,36.0,1.0,60.0,1.0,0.29069588242614536,True,Dollar_Index:Z3,>,0.5844155844155843,0.29069588242614536,0.1343922286585223,-0.30648982319237245,tier4,18.0,0.3333333333333333,True,False,-1.0,1.0,0.6666666666666667,0.3333333333333333,1.0,0.0,
175,2011-08-01,-0.097182493701093,-1,True,21,emitted,,22.0,1.0,55.0,3.0,0.2698860568253813,True,Fed_Funds_Rate:Z6_vel,<,0.6470588235294117,0.2698860568253813,-0.25111707549344864,-0.27056662137659954,tier2,11.0,1.0,False,False,1.0,1.0,1.0,1.0,0.0,0.0,
176,2011-09-01,-0.0992593012087174,-1,True,21,abstain,leaf<floor8,23.0,1.0,56.0,2.0,0.3057259526285255,True,Gold_Close:Z3,<,0.715686274509804,0.3057259526285255,0.7221245613478829,3.0992994489386683,tier4,7.0,,,,,,,,,,
177,2011-10-01,-0.17251867700037926,-1,True,24,abstain,leaf<floor8,17.0,1.0,57.0,5.0,0.3893626049520829,True,M2_Money:Z12,>,0.875,0.3843908442576722,0.2594967142496725,2.5235252536515973,tier2,7.0,,,,,,,,,,
178,2011-11-01,-0.37000792563660634,-1,True,21,emitted,,24.0,1.0,57.0,1.0,0.29881410743540926,True,Gold_Close:Z3,<,0.6806722689075628,0.29881410743540926,0.3150044587346801,0.6967172027149239,tier4,9.0,0.3333333333333333,True,False,-1.0,1.0,0.6666666666666667,0.3333333333333333,1.0,0.0,
179,2011-12-01,-0.3248355104605172,-1,True,25,abstain,degenerate-screen,10.0,1.0,0.0,0.0,0.0,True,,,,,,,,,,,,,,,,,,
180,2012-01-01,-0.2809889981735847,-1,True,13,abstain,gate-fail-r2,41.0,1.0,60.0,0.0,0.13845279090173168,True,,,,,,,,,,,,,,,,,,
181,2012-02-01,-0.004617933721635992,-1,True,25,abstain,degenerate-screen,9.0,1.0,0.0,0.0,0.0,True,,,,,,,,,,,,,,,,,,
182,2012-03-01,-0.05562325644923194,-1,True,13,abstain,gate-fail-r2,40.0,1.0,60.0,0.0,0.1373286670387749,True,,,,,,,,,,,,,,,,,,
183,2012-04-01,0.3122676332811958,1,True,16,abstain,leaf<floor8,15.0,-1.0,58.0,6.0,0.29929027533724945,True,Fed_Funds_Rate:Z6,<,0.8571428571428572,0.280035691803909,-0.26941058857068595,-0.10271023951560182,tier4,6.0,,,,,,,,,,
184,2012-05-01,0.33741034792922253,1,True,13,abstain,gate-fail-r2,41.0,1.0,60.0,0.0,0.12818179881800154,True,,,,,,,,,,,,,,,,,,
185,2012-06-01,0.2269991925953705,1,True,21,emitted,,23.0,1.0,59.0,3.0,0.3598023001702698,True,Gold_Close:Z3,<,0.7416666666666667,0.3598023001702698,0.16035826933935773,-1.4062142203038936,tier2,14.0,0.9285714285714286,False,False,1.0,1.0,0.9285714285714286,0.9285714285714286,1.0,1.0,
186,2012-07-01,0.23229467592041475,1,True,21,emitted,,23.0,1.0,59.0,3.0,0.3598023001702698,True,Gold_Close:Z3,<,0.7416666666666667,0.3598023001702698,0.16035826933935773,-1.2323248313586328,tier2,14.0,0.9285714285714286,False,False,1.0,1.0,0.9285714285714286,0.9285714285714286,1.0,1.0,
187,2012-08-01,0.1665089490048901,1,True,21,emitted,,24.0,1.0,60.0,3.0,0.3779595622460733,True,Gold_Close:Z3,<,0.7555555555555555,0.3779595622460733,0.13826273210197235,-1.0614490717984222,tier2,14.0,0.9285714285714286,False,False,1.0,1.0,0.9285714285714286,0.9285714285714286,1.0,1.0,
188,2012-09-01,0.25823404516954285,1,True,13,abstain,gate-fail-r2,44.0,1.0,60.0,0.0,0.07957178112252895,True,,,,,,,,,,,,,,,,,,
189,2012-10-01,-0.07097700507626037,-1,True,13,abstain,gate-fail-r2,46.0,1.0,60.0,0.0,0.10153757091623021,True,,,,,,,,,,,,,,,,,,
190,2012-11-01,-0.10759658724321985,-1,True,13,abstain,gate-fail-r2,46.0,1.0,60.0,0.0,0.10153757091623021,True,,,,,,,,,,,,,,,,,,
191,2012-12-01,-0.0375939814680184,-1,True,13,abstain,gate-fail-r2,47.0,1.0,60.0,0.0,0.09266268454241204,True,,,,,,,,,,,,,,,,,,
192,2013-01-01,0.24188054956477356,1,True,14,abstain,type-train<floor8,6.0,,,,,,,,,,,,,,,,,,,,,,,
193,2013-02-01,0.31051198383751766,1,True,5,emitted,,17.0,1.0,60.0,4.0,0.4578278550535552,True,Term_Spread_10Y_3M:Z6,>,0.7571428571428571,0.4578278550535552,0.03859568915261871,0.1530416622493389,tier2,10.0,0.9,False,False,1.0,1.0,0.9,0.9,1.0,1.0,
194,2013-03-01,0.154803192573703,1,True,14,abstain,type-train<floor8,6.0,,,,,,,,,,,,,,,,,,,,,,,
195,2013-04-01,-0.1090909036925487,-1,True,13,abstain,gate-fail-r2,48.0,1.0,60.0,0.0,0.07635515156028133,True,,,,,,,,,,,,,,,,,,
196,2013-05-01,-0.21705965865251076,-1,True,21,emitted,,26.0,1.0,59.0,2.0,0.3958117165356595,True,Gold_Close:Z3,<,0.7638888888888888,0.3958117165356595,0.3070513181984555,-2.453399738672086,tier2,17.0,0.9411764705882353,False,False,1.0,1.0,0.9411764705882353,0.9411764705882353,0.0,0.0,
197,2013-06-01,-0.08143323798780455,-1,True,14,abstain,degenerate-screen,8.0,1.0,0.0,0.0,0.0,True,,,,,,,,,,,,,,,,,,
198,2013-07-01,0.008946062544053834,1,True,5,emitted,,18.0,1.0,60.0,5.0,0.4494199590283348,True,Term_Spread_10Y_3M:Z6,>,0.7662337662337662,0.4494199590283348,0.03788066515972671,0.3515066959470502,tier2,11.0,0.9090909090909091,False,False,1.0,1.0,0.9090909090909091,0.9090909090909091,1.0,1.0,
199,2013-08-01,0.037201040566494425,1,True,5,emitted,,18.0,1.0,60.0,5.0,0.4494199590283348,True,Term_Spread_10Y_3M:Z6,>,0.7662337662337662,0.4494199590283348,0.03788066515972671,0.40222509696546255,tier2,11.0,0.9090909090909091,False,False,1.0,1.0,0.9090909090909091,0.9090909090909091,1.0,1.0,
200,2013-09-01,0.08783416159837487,1,True,5,emitted,,18.0,1.0,60.0,5.0,0.4494199590283348,True,Term_Spread_10Y_3M:Z6,>,0.7662337662337662,0.4494199590283348,0.03788066515972671,0.8713703063857737,tier2,11.0,0.9090909090909091,False,False,1.0,1.0,0.9090909090909091,0.9090909090909091,1.0,1.0,
201,2013-10-01,0.19728460460071884,1,True,13,abstain,gate-fail-r2,47.0,1.0,60.0,0.0,0.08245552049169293,True,,,,,,,,,,,,,,,,,,
202,2013-11-01,0.3962425829290126,1,True,13,abstain,gate-fail-r2,49.0,1.0,60.0,0.0,0.07899243706047068,True,,,,,,,,,,,,,,,,,,
203,2013-12-01,0.12637918694240957,1,True,13,abstain,gate-fail-r2,50.0,1.0,60.0,0.0,0.08417374826607094,True,,,,,,,,,,,,,,,,,,
204,2014-01-01,-0.010414273376772809,-1,True,14,abstain,type-train<floor8,7.0,,,,,,,,,,,,,,,,,,,,,,,
205,2014-02-01,-0.03792055844676889,-1,True,13,abstain,gate-fail-r2,52.0,1.0,60.0,0.0,0.07403933577212632,True,,,,,,,,,,,,,,,,,,
206,2014-03-01,0.026714132414873415,1,True,12,abstain,type-train<floor8,5.0,,,,,,,,,,,,,,,,,,,,,,,
207,2014-04-01,0.04186152943398902,1,True,21,emitted,,28.0,1.0,60.0,2.0,0.230832466605001,True,Gold_Close:Z3,<,0.6888888888888889,0.20553058437922408,0.32166981716394616,0.43624917895242077,tier4,10.0,0.2,True,False,-1.0,1.0,0.8,0.2,0.0,1.0,
208,2014-05-01,-0.19516842386065325,-1,True,25,abstain,leaf<floor8,10.0,1.0,11.0,3.0,0.5938799529227142,True,Term_Spread_10Y_3M:Z3,>,0.8,0.5938799529227142,-0.3966615522784331,0.5757625812951167,tier2,6.0,,,,,,,,,,
209,2014-06-01,-0.15654811046038253,-1,True,25,abstain,leaf<floor8,10.0,1.0,11.0,3.0,0.5938799529227142,True,Term_Spread_10Y_3M:Z3,>,0.8,0.5938799529227142,-0.3966615522784331,0.17715771732157512,tier2,6.0,,,,,,,,,,
210,2014-07-01,-0.09696973459382463,-1,True,24,abstain,leaf<floor8,18.0,1.0,59.0,6.0,0.3487733777829225,True,VIX_Close:Z12,<,0.75,0.27459107488254486,-0.45540025010963375,-0.955011019935132,tier2,6.0,,,,,,,,,,
211,2014-08-01,0.06529749873304835,1,True,21,emitted,,29.0,1.0,60.0,1.0,0.2150126213117488,True,M2_Money:Z6,<,0.4263157894736842,0.2150126213117488,-0.16328408399564273,-0.0150696037956802,tier3,9.0,0.8888888888888888,False,False,1.0,1.0,0.8888888888888888,0.8888888888888888,1.0,1.0,Gold_Close:Z3
212,2014-09-01,0.030077085198723763,1,True,21,emitted,,29.0,1.0,60.0,1.0,0.2150126213117488,True,M2_Money:Z6,<,0.4263157894736842,0.2150126213117488,-0.16328408399564273,-0.10514191151319892,tier3,9.0,0.8888888888888888,False,False,1.0,1.0,0.8888888888888888,0.8888888888888888,1.0,1.0,Gold_Close:Z3
213,2014-10-01,-0.2535420836374558,-1,True,21,emitted,,29.0,1.0,60.0,1.0,0.2150126213117488,True,M2_Money:Z6,<,0.4263157894736842,0.2150126213117488,-0.16328408399564273,-0.38794408536462566,tier2,11.0,0.9090909090909091,False,False,1.0,1.0,0.9090909090909091,0.9090909090909091,0.0,0.0,Gold_Close:Z3
214,2014-11-01,-0.33761738402609665,-1,True,12,abstain,type-train<floor8,6.0,,,,,,,,,,,,,,,,,,,,,,,
215,2014-12-01,-0.32667831924837043,-1,True,12,abstain,type-train<floor8,6.0,,,,,,,,,,,,,,,,,,,,,,,
216,2015-01-01,-0.132534132243314,-1,True,21,abstain,gate-fail-r2,32.0,1.0,60.0,0.0,0.1813782750465444,True,,,,,,,,,,,,,,,,,,
217,2015-02-01,0.035820878261074496,1,True,21,abstain,gate-fail-r2,32.0,1.0,60.0,0.0,0.1813782750465444,True,,,,,,,,,,,,,,,,,,
218,2015-03-01,-0.018161610684545915,-1,True,21,abstain,gate-fail-r2,32.0,1.0,60.0,0.0,0.1813782750465444,True,,,,,,,,,,,,,,,,,,
219,2015-04-01,0.06833012360607493,1,True,10,abstain,type-train<floor8,6.0,,,,,,,,,,,,,,,,,,,,,,,
220,2015-05-01,-0.010086497160448515,-1,True,2,emitted,,22.0,-1.0,59.0,4.0,0.29671258496023656,True,Gold_Close:Z6,<,0.6607142857142856,0.29671258496023656,-0.25928420385711387,-0.27692591971219593,tier2,12.0,0.9166666666666666,False,False,-1.0,-1.0,0.9166666666666666,0.9166666666666666,1.0,1.0,
221,2015-06-01,0.020007540471532304,1,True,1,abstain,type-train<floor8,4.0,,,,,,,,,,,,,,,,,,,,,,,
222,2015-07-01,-0.12576353057566225,-1,True,2,emitted,,23.0,-1.0,60.0,2.0,0.2455433148526125,True,Gold_Close:Z6,<,0.5634920634920635,0.2455433148526125,-0.26319432315784663,-0.44222225729192527,tier2,13.0,0.8461538461538461,False,False,-1.0,-1.0,0.8461538461538461,0.8461538461538461,1.0,1.0,
223,2015-08-01,-0.17903925811909427,-1,True,10,abstain,type-train<floor8,6.0,,,,,,,,,,,,,,,,,,,,,,,
224,2015-09-01,-0.17431531202348816,-1,True,13,abstain,gate-fail-r2,52.0,1.0,60.0,0.0,0.10573050414782269,True,,,,,,,,,,,,,,,,,,
225,2015-10-01,-0.0406904946739467,-1,True,21,abstain,gate-fail-r2,34.0,1.0,60.0,0.0,0.15315441666687263,True,,,,,,,,,,,,,,,,,,
226,2015-11-01,-0.046099330504578706,-1,True,13,abstain,gate-fail-r2,51.0,1.0,60.0,0.0,0.09319789785307007,True,,,,,,,,,,,,,,,,,,
227,2015-12-01,-0.21918421089753537,-1,True,9,pulled,pulled-type,,-1.0,,,,,,,,,,,,,,,,-1.0,-1.0,1.0,1.0,1.0,1.0,
228,2016-01-01,-0.16195377989451165,-1,True,9,pulled,pulled-type,,-1.0,,,,,,,,,,,,,,,,-1.0,-1.0,1.0,1.0,1.0,1.0,
229,2016-02-01,-0.05111519406630205,-1,True,9,pulled,pulled-type,,-1.0,,,,,,,,,,,,,,,,-1.0,-1.0,1.0,1.0,1.0,1.0,
230,2016-03-01,0.36681978422570927,1,True,9,pulled,pulled-type,,-1.0,,,,,,,,,,,,,,,,-1.0,-1.0,1.0,1.0,0.0,0.0,
231,2016-04-01,0.5270961317499139,1,True,9,pulled,pulled-type,,-1.0,,,,,,,,,,,,,,,,-1.0,-1.0,1.0,1.0,0.0,0.0,
232,2016-05-01,0.3570028567028487,1,True,10,abstain,type-train<floor8,7.0,,,,,,,,,,,,,,,,,,,,,,,
233,2016-06-01,0.17261655023442324,1,True,10,abstain,type-train<floor8,7.0,,,,,,,,,,,,,,,,,,,,,,,
234,2016-07-01,-0.021426143798570663,-1,True,9,pulled,pulled-type,,-1.0,,,,,,,,,,,,,,,,-1.0,-1.0,0.75,0.75,1.0,1.0,
235,2016-08-01,0.04727536856364467,1,True,21,abstain,gate-fail-r2,33.0,1.0,60.0,0.0,0.13439280759373487,True,,,,,,,,,,,,,,,,,,
236,2016-09-01,0.25537250895499986,1,True,12,abstain,type-train<floor8,4.0,,,,,,,,,,,,,,,,,,,,,,,
237,2016-10-01,0.1382140923727999,1,True,13,abstain,gate-fail-r2,53.0,-1.0,60.0,0.0,0.05990113903951377,True,,,,,,,,,,,,,,,,,,
238,2016-11-01,0.0916609362406926,1,True,4,abstain,type-train<floor8,1.0,,,,,,,,,,,,,,,,,,,,,,,
239,2016-12-01,-0.20142655252323727,-1,True,5,emitted,,22.0,1.0,60.0,2.0,0.4278468534293594,True,Term_Spread_10Y_3M:Z6,>,0.8035714285714286,0.4278468534293594,0.01716246967875291,-0.06028617129784356,tier4,8.0,0.125,True,True,-1.0,-1.0,0.875,0.875,1.0,1.0,
240,2017-01-01,-0.05981361213187275,-1,True,2,emitted,,26.0,-1.0,60.0,4.0,0.2443769029274244,True,Gold_Close:Z6,<,0.6181818181818182,0.2443769029274244,-0.23179284839206596,-1.6967515704283074,tier2,14.0,0.8571428571428571,False,False,-1.0,-1.0,0.8571428571428571,0.8571428571428571,1.0,1.0,
241,2017-02-01,0.014835836991831775,1,True,5,emitted,,22.0,1.0,60.0,2.0,0.4278468534293594,True,Term_Spread_10Y_3M:Z6,>,0.8035714285714286,0.4278468534293594,0.01716246967875291,0.39092785305508787,tier2,14.0,0.9285714285714286,False,False,1.0,1.0,0.9285714285714286,0.9285714285714286,1.0,1.0,
242,2017-03-01,0.07466947851238759,1,True,13,abstain,gate-fail-r2,53.0,-1.0,60.0,0.0,0.06681629127889534,True,,,,,,,,,,,,,,,,,,
243,2017-04-01,-0.05658569200420449,-1,True,13,abstain,gate-fail-r2,51.0,1.0,60.0,0.0,0.07169630806824168,True,,,,,,,,,,,,,,,,,,
244,2017-05-01,-0.12317260311640899,-1,True,12,abstain,type-train<floor8,5.0,,,,,,,,,,,,,,,,,,,,,,,
245,2017-06-01,0.020611714881171972,1,True,24,emitted,,22.0,-1.0,60.0,2.0,0.3550217043898152,True,Gold_Close:Z12,>,0.6888888888888889,0.3550217043898152,-0.24239609755757877,-0.6094278006600593,tier4,10.0,0.2,True,False,1.0,-1.0,0.8,0.2,1.0,0.0,
246,2017-07-01,-0.011860415494670984,-1,True,24,emitted,,22.0,-1.0,60.0,2.0,0.3550217043898152,True,Gold_Close:Z12,>,0.6888888888888889,0.3550217043898152,-0.24239609755757877,-1.551380952951242,tier4,10.0,0.2,True,False,1.0,-1.0,0.8,0.2,0.0,1.0,
247,2017-08-01,0.026250401416877844,1,True,25,abstain,leaf<floor8,15.0,-1.0,33.0,7.0,0.597794617483355,True,Dollar_Index:Z6_vel,<,1.0,0.597794617483355,0.3040731663772788,0.35925805782645454,tier4,5.0,,,,,,,,,,
248,2017-09-01,-0.0029315389966212413,-1,True,13,abstain,gate-fail-r2,53.0,-1.0,60.0,0.0,0.07213484939872816,True,,,,,,,,,,,,,,,,,,
249,2017-10-01,0.04801101173369404,1,True,10,abstain,degenerate-screen,9.0,-1.0,0.0,0.0,0.0,True,,,,,,,,,,,,,,,,,,
250,2017-11-01,-0.012789471936203722,-1,True,9,pulled,pulled-type,,-1.0,,,,,,,,,,,,,,,,-1.0,-1.0,0.7777777777777778,0.7777777777777778,1.0,1.0,
251,2017-12-01,-0.1185887427645883,-1,True,21,abstain,gate-fail-r2,33.0,1.0,60.0,0.0,0.16459487215766308,True,,,,,,,,,,,,,,,,,,
252,2018-01-01,-0.12205494346803702,-1,True,24,emitted,,23.0,-1.0,60.0,1.0,0.24253576275297334,True,Gold_Close:Z3,>,0.6666666666666665,0.22224620290725497,-0.047486982680038196,0.08378023634400623,tier2,8.0,1.0,False,False,-1.0,-1.0,1.0,1.0,1.0,1.0,Term_Spread_10Y_3M:Z6_acc
253,2018-02-01,-0.018907528651135208,-1,True,25,abstain,leaf<floor8,16.0,1.0,55.0,9.0,0.5771522454210933,True,Dollar_Index:Z6_vel,>,1.0,0.5771522454210933,0.27989560038965744,0.4682155653709964,tier2,6.0,,,,,,,,,,
254,2018-03-01,0.09785023848927832,1,True,13,abstain,gate-fail-r2,54.0,1.0,60.0,0.0,0.06650131626596079,True,,,,,,,,,,,,,,,,,,
255,2018-04-01,0.06671632313243081,1,True,13,abstain,gate-fail-r2,55.0,1.0,60.0,0.0,0.05870102257320273,True,,,,,,,,,,,,,,,,,,
256,2018-05-01,-0.015703122075075515,-1,True,21,abstain,gate-fail-r2,34.0,1.0,60.0,0.0,0.14378665052070833,True,,,,,,,,,,,,,,,,,,
257,2018-06-01,-0.046927732605424266,-1,True,24,emitted,,24.0,-1.0,60.0,1.0,0.23690817667326014,True,Gold_Close:Z3,>,0.6923076923076923,0.2170525210694488,-0.023703685665437034,-0.4418557872340592,tier3,12.0,0.16666666666666666,True,True,1.0,1.0,0.8333333333333334,0.8333333333333334,0.0,0.0,Term_Spread_10Y_3M:Z6_acc
258,2018-07-01,0.0810622339137852,1,True,21,abstain,gate-fail-r2,34.0,1.0,60.0,0.0,0.14378665052070833,True,,,,,,,,,,,,,,,,,,
259,2018-08-01,0.17367661691112213,1,True,22,abstain,type-train<floor8,0.0,,,,,,,,,,,,,,,,,,,,,,,
260,2018-09-01,0.5370174620709225,1,True,12,abstain,type-train<floor8,5.0,,,,,,,,,,,,,,,,,,,,,,,
261,2018-10-01,-0.04395609307016468,-1,True,16,abstain,leaf<floor8,17.0,-1.0,60.0,7.0,0.38035472788822405,True,VIX_Close:Z3,<,0.7777777777777777,0.21782894399604447,-0.2552518442196003,-0.6587439067860833,tier2,7.0,,,,,,,,,,
262,2018-11-01,-0.15539080097594737,-1,True,13,abstain,gate-fail-r2,59.0,1.0,60.0,0.0,0.04592024139785971,True,,,,,,,,,,,,,,,,,,
263,2018-12-01,-0.34109245925866827,-1,True,13,abstain,gate-fail-r2,58.0,1.0,60.0,0.0,0.054317678283126294,True,,,,,,,,,,,,,,,,,,
264,2019-01-01,-0.08451656682720565,-1,True,13,abstain,gate-fail-r2,58.0,1.0,60.0,0.0,0.044431642456173426,True,,,,,,,,,,,,,,,,,,
265,2019-02-01,-0.0416971775303655,-1,True,13,abstain,gate-fail-r2,59.0,1.0,60.0,0.0,0.0507430797478103,True,,,,,,,,,,,,,,,,,,
266,2019-03-01,-0.15949627715930803,-1,True,10,abstain,degenerate-screen,10.0,-1.0,0.0,0.0,0.0,True,,,,,,,,,,,,,,,,,,
267,2019-04-01,-0.16285081009933378,-1,True,10,abstain,degenerate-screen,10.0,-1.0,0.0,0.0,0.0,True,,,,,,,,,,,,,,,,,,
268,2019-05-01,-0.15954198514961582,-1,True,1,abstain,type-train<floor8,3.0,,,,,,,,,,,,,,,,,,,,,,,
269,2019-06-01,-0.01872662260305258,-1,True,1,abstain,type-train<floor8,3.0,,,,,,,,,,,,,,,,,,,,,,,
270,2019-07-01,0.0070578000474734726,1,True,1,abstain,type-train<floor8,3.0,,,,,,,,,,,,,,,,,,,,,,,
271,2019-08-01,0.23251594302510314,1,True,10,abstain,degenerate-screen,12.0,-1.0,0.0,0.0,0.0,True,,,,,,,,,,,,,,,,,,
272,2019-09-01,-0.012298576495507807,-1,True,21,abstain,gate-fail-r2,35.0,1.0,60.0,0.0,0.13924707891790217,True,,,,,,,,,,,,,,,,,,
273,2019-10-01,-0.07052125006109278,-1,True,12,abstain,type-train<floor8,6.0,,,,,,,,,,,,,,,,,,,,,,,
274,2019-11-01,-0.3297715494950033,-1,True,13,abstain,gate-fail-r2,59.0,-1.0,60.0,0.0,0.0668822007075996,True,,,,,,,,,,,,,,,,,,
275,2019-12-01,-0.24602831909066392,-1,True,2,emitted,,27.0,-1.0,60.0,2.0,0.264347264640884,True,Gold_Close:Z6,<,0.6306818181818183,0.264347264640884,-0.16208922984320134,0.7886345964790835,tier4,12.0,0.25,True,False,1.0,-1.0,0.75,0.25,0.0,1.0,
276,2020-01-01,-0.2521206276678136,-1,True,2,emitted,,27.0,-1.0,60.0,2.0,0.264347264640884,True,Gold_Close:Z6,<,0.6306818181818183,0.264347264640884,-0.16208922984320134,0.7357359318562184,tier4,12.0,0.25,True,False,1.0,-1.0,0.75,0.25,0.0,1.0,
277,2020-02-01,0.039032424271299604,1,True,10,emitted,,13.0,-1.0,60.0,4.0,0.3086266984324675,True,US_CPI:Z6,>,0.8,0.3086266984324675,-0.4636667044804904,0.2712171477960391,tier2,9.0,0.8888888888888888,False,False,-1.0,-1.0,0.8888888888888888,0.8888888888888888,0.0,0.0,
278,2020-03-01,0.010250573032795529,1,True,10,emitted,,14.0,-1.0,60.0,4.0,0.27455506763334764,True,WTI_Crude_Close:Z12,>,0.7083333333333335,0.27042042086947343,-0.4565872781834793,-0.44215060222090274,tier2,8.0,0.875,False,False,-1.0,-1.0,0.875,0.875,0.0,0.0,
279,2020-04-01,0.052930050888920555,1,True,1,abstain,type-train<floor8,5.0,,,,,,,,,,,,,,,,,,,,,,,
280,2020-05-01,0.11164025739367234,1,True,2,emitted,,29.0,-1.0,60.0,2.0,0.24892410622525227,True,M2_Money:Z12,<,0.6515151515151516,0.24892410622525227,0.17737400581803373,1.4316536747631023,tier4,12.0,0.25,True,False,1.0,-1.0,0.75,0.25,1.0,0.0,
281,2020-06-01,0.424464420026327,1,True,2,emitted,,29.0,-1.0,60.0,2.0,0.24892410622525227,True,M2_Money:Z12,<,0.6515151515151516,0.24892410622525227,0.17737400581803373,5.875461153395698,tier4,12.0,0.25,True,False,1.0,-1.0,0.75,0.25,1.0,0.0,
282,2020-07-01,0.5122680698025677,1,True,1,abstain,type-train<floor8,6.0,,,,,,,,,,,,,,,,,,,,,,,
283,2020-08-01,0.5440265821387156,1,True,1,abstain,type-train<floor8,6.0,,,,,,,,,,,,,,,,,,,,,,,
284,2020-09-01,0.13969140125026813,1,True,25,abstain,leaf<floor8,17.0,-1.0,55.0,7.0,0.524191653185355,True,Dollar_Index:Z6_acc,<,0.8888888888888888,0.524191653185355,0.08514170117258058,0.3490454777969642,tier4,6.0,,,,,,,,,,
285,2020-10-01,0.021369268023812893,1,True,25,emitted,,16.0,-1.0,55.0,8.0,0.5248221932922215,True,Dollar_Index:Z6_vel,<,0.8888888888888888,0.5248221932922215,0.270192553957,-2.674685038924831,tier2,8.0,1.0,False,False,-1.0,-1.0,1.0,1.0,0.0,0.0,
286,2020-11-01,-0.12145501186874752,-1,True,26,abstain,type-train<floor8,0.0,,,,,,,,,,,,,,,,,,,,,,,
287,2020-12-01,-0.03576394442330688,-1,True,17,abstain,type-train<floor8,6.0,,,,,,,,,,,,,,,,,,,,,,,
288,2021-01-01,0.02247185095116655,1,True,14,abstain,leaf<floor8,14.0,1.0,60.0,1.0,0.22040521397703092,True,M2_Money:Z3,>,0.5833333333333335,0.21407138583511812,0.043725015701916226,3.4678275958662415,tier2,7.0,,,,,,,,,,
289,2021-02-01,0.04070181731849187,1,True,17,abstain,type-train<floor8,5.0,,,,,,,,,,,,,,,,,,,,,,,
290,2021-03-01,0.11775302376063967,1,True,8,abstain,type-train<floor8,3.0,,,,,,,,,,,,,,,,,,,,,,,
291,2021-04-01,0.3872679416534881,1,True,2,emitted,,23.0,-1.0,60.0,6.0,0.3528121021430293,True,M2_Money:Z12,<,0.75,0.3489879301613668,-0.273950020570135,7.827757256247531,tier4,14.0,0.21428571428571427,True,True,1.0,1.0,0.7857142857142857,0.7857142857142857,1.0,1.0,
292,2021-05-01,0.3267025746794332,1,True,5,emitted,,31.0,1.0,60.0,2.0,0.29614226827115053,True,Term_Spread_10Y_3M:Z12,>,0.6218487394957983,0.29614226827115053,-0.09477961436547318,0.7537128283192283,tier2,15.0,0.8666666666666667,False,False,1.0,1.0,0.8666666666666667,0.8666666666666667,1.0,1.0,US_CPI:Z6_vel
293,2021-06-01,0.4867911195226713,1,True,13,abstain,gate-fail-r2,81.0,1.0,60.0,0.0,0.049443288940528934,True,,,,,,,,,,,,,,,,,,
294,2021-07-01,0.5348265330636945,1,True,24,abstain,gate-fail-r2,21.0,-1.0,59.0,0.0,0.19718572360451,True,,,,,,,,,,,,,,,,,,
295,2021-08-01,0.31791612343381415,1,True,24,abstain,gate-fail-r2,21.0,-1.0,59.0,0.0,0.19718572360451,True,,,,,,,,,,,,,,,,,,
296,2021-09-01,-0.07735642292967937,-1,True,24,abstain,gate-fail-r2,21.0,-1.0,59.0,0.0,0.19718572360451,True,,,,,,,,,,,,,,,,,,
297,2021-10-01,-0.3210535529969415,-1,True,13,abstain,gate-fail-r2,83.0,1.0,60.0,0.0,0.05906573656447769,True,,,,,,,,,,,,,,,,,,
298,2021-11-01,-0.08387966711506156,-1,True,10,abstain,degenerate-screen,11.0,-1.0,0.0,0.0,0.0,True,,,,,,,,,,,,,,,,,,
299,2021-12-01,0.07397840883983098,1,True,12,emitted,,19.0,-1.0,60.0,2.0,0.3150445237143365,True,US_CPI:Z12,>,0.7564102564102564,0.2720768282005285,-0.23612334409328034,3.4841605928606434,tier2,13.0,0.9230769230769231,False,False,-1.0,-1.0,0.9230769230769231,0.9230769230769231,0.0,0.0,
300,2022-01-01,0.49934461452122236,1,True,21,abstain,gate-fail-r2,42.0,1.0,60.0,0.0,0.1244198627481679,True,,,,,,,,,,,,,,,,,,
301,2022-02-01,0.5733529822496337,1,True,24,abstain,gate-fail-r2,23.0,-1.0,60.0,0.0,0.19070294784580474,True,,,,,,,,,,,,,,,,,,
302,2022-03-01,0.9015963669867271,1,True,21,abstain,gate-fail-r2,42.0,1.0,60.0,0.0,0.1244198627481679,True,,,,,,,,,,,,,,,,,,
303,2022-04-01,0.0017482918266857883,1,True,21,abstain,gate-fail-r2,43.0,1.0,60.0,0.0,0.13204434574869636,True,,,,,,,,,,,,,,,,,,
304,2022-05-01,0.10809365860155884,1,True,21,abstain,gate-fail-r2,42.0,1.0,60.0,0.0,0.10997120285340019,True,,,,,,,,,,,,,,,,,,
305,2022-06-01,0.06508739400709573,1,True,22,abstain,type-train<floor8,4.0,,,,,,,,,,,,,,,,,,,,,,,
306,2022-07-01,0.12914481128358157,1,True,13,abstain,gate-fail-r2,87.0,1.0,60.0,0.0,0.05230293653325069,True,,,,,,,,,,,,,,,,,,
307,2022-08-01,-0.3101532982819931,-1,True,21,abstain,gate-fail-r2,42.0,1.0,60.0,0.0,0.11770388298092582,True,,,,,,,,,,,,,,,,,,
308,2022-09-01,-0.2725113522971947,-1,True,21,abstain,gate-fail-r2,42.0,1.0,60.0,0.0,0.11770388298092582,True,,,,,,,,,,,,,,,,,,
309,2022-10-01,-0.38361668540973326,-1,True,21,abstain,gate-fail-r2,42.0,1.0,60.0,0.0,0.11770388298092582,True,,,,,,,,,,,,,,,,,,
310,2022-11-01,-0.5680784322823249,-1,True,12,emitted,,17.0,-1.0,60.0,3.0,0.4156332609149595,True,GS10_Rate:Z6_acc,<,0.6142857142857143,0.32292464742582216,0.44249303529096734,-0.45342096526030795,tier2,11.0,0.8181818181818182,False,False,-1.0,-1.0,0.8181818181818182,0.8181818181818182,1.0,1.0,
311,2022-12-01,-0.5828138700310885,-1,True,21,abstain,gate-fail-r2,44.0,1.0,60.0,0.0,0.13947290626477762,True,,,,,,,,,,,,,,,,,,
312,2023-01-01,-0.47417253566175266,-1,True,12,emitted,,14.0,-1.0,60.0,4.0,0.3921811866583473,True,GS10_Rate:Z6_acc,<,0.625,0.2755454166813328,-0.6081925975680067,2.6341451968246394,tier4,9.0,0.3333333333333333,True,False,1.0,-1.0,0.6666666666666667,0.3333333333333333,0.0,1.0,
313,2023-02-01,-0.060777901495255526,-1,True,9,pulled,pulled-type,,-1.0,,,,,,,,,,,,,,,,-1.0,-1.0,1.0,1.0,1.0,1.0,
314,2023-03-01,-0.23230170440864006,-1,True,12,abstain,leaf<floor8,14.0,-1.0,60.0,5.0,0.39234156553909527,True,GS10_Rate:Z6_acc,<,0.5833333333333335,0.24966039864359754,-0.44336411948033294,-4.303452709474689,tier2,7.0,,,,,,,,,,
315,2023-04-01,0.29184561799247444,1,True,13,abstain,gate-fail-r2,93.0,1.0,60.0,0.0,0.06437328413599422,True,,,,,,,,,,,,,,,,,,
316,2023-05-01,0.10440028318119499,1,True,14,abstain,leaf<floor8,13.0,1.0,56.0,3.0,0.41362537879226796,True,M2_Money:Z3,>,0.75,0.41362537879226796,-0.1839916375586874,-5.146093388260171,tier4,7.0,,,,,,,,,,
317,2023-06-01,0.2812790151434468,1,True,14,abstain,leaf<floor8,13.0,1.0,56.0,3.0,0.41362537879226796,True,M2_Money:Z3,>,0.75,0.41362537879226796,-0.1839916375586874,-6.355155196858914,tier4,7.0,,,,,,,,,,
318,2023-07-01,0.04835725293226667,1,True,21,abstain,gate-fail-r2,46.0,1.0,60.0,0.0,0.12595162275991803,True,,,,,,,,,,,,,,,,,,
319,2023-08-01,0.3648437641153581,1,True,18,abstain,type-train<floor8,1.0,,,,,,,,,,,,,,,,,,,,,,,
320,2023-09-01,0.01772144105529838,1,True,13,abstain,gate-fail-r2,94.0,1.0,60.0,0.0,0.055104191262955175,True,,,,,,,,,,,,,,,,,,
321,2023-10-01,-0.09577459302409042,-1,True,5,emitted,,35.0,1.0,60.0,1.0,0.21235602280595728,True,Term_Spread_10Y_3M:Z12,>,0.5,0.21235602280595728,-0.1075514140750535,-1.2675045771091766,tier3,11.0,0.09090909090909091,True,True,-1.0,-1.0,0.9090909090909091,0.9090909090909091,1.0,1.0,US_CPI:Z6_acc
322,2023-11-01,-0.41327991501544403,-1,True,5,emitted,,35.0,1.0,60.0,1.0,0.21235602280595728,True,Term_Spread_10Y_3M:Z12,>,0.5,0.21235602280595728,-0.1075514140750535,-0.8078831494380081,tier3,11.0,0.09090909090909091,True,True,-1.0,-1.0,0.9090909090909091,0.9090909090909091,1.0,1.0,US_CPI:Z6_acc
323,2023-12-01,-0.3479033016907639,-1,True,5,abstain,leaf<floor8,35.0,1.0,60.0,1.0,0.21235602280595728,True,Term_Spread_10Y_3M:Z12,>,0.5,0.21235602280595728,-0.1075514140750535,-0.5964572927092705,tier4,7.0,,,,,,,,,,US_CPI:Z6_acc
324,2024-01-01,-0.28465733782825386,-1,True,13,abstain,gate-fail-r2,95.0,1.0,60.0,0.0,0.055444197284886594,True,,,,,,,,,,,,,,,,,,
325,2024-02-01,-0.05756093368439408,-1,True,12,emitted,,16.0,-1.0,60.0,3.0,0.41981573734006344,True,Term_Spread_10Y_3M:Z12,<,0.6000000000000001,0.41981573734006344,-0.3489363343755705,0.329444973825065,tier4,10.0,0.4,True,False,1.0,-1.0,0.6,0.4,0.0,1.0,
326,2024-03-01,0.5019073485931613,1,True,10,abstain,degenerate-screen,11.0,-1.0,0.0,0.0,0.0,True,,,,,,,,,,,,,,,,,,
327,2024-04-01,0.3489384370656399,1,True,13,abstain,gate-fail-r2,96.0,1.0,60.0,0.0,0.05336575054470962,True,,,,,,,,,,,,,,,,,,
328,2024-05-01,0.018633546887844687,1,True,13,abstain,gate-fail-r2,96.0,1.0,60.0,0.0,0.05336575054470962,True,,,,,,,,,,,,,,,,,,
329,2024-06-01,-0.20065310772038447,-1,True,13,abstain,gate-fail-r2,96.0,1.0,60.0,0.0,0.05336575054470962,True,,,,,,,,,,,,,,,,,,
330,2024-07-01,0.1686844210579994,1,True,13,abstain,gate-fail-r2,96.0,1.0,60.0,0.0,0.05102299911355182,True,,,,,,,,,,,,,,,,,,
331,2024-08-01,0.3531504234019456,1,True,14,emitted,,14.0,1.0,56.0,2.0,0.23283070811607182,True,WTI_Crude_Close:Z12,<,0.577777777777778,0.23283070811607182,-0.13798190857967635,-0.39764347124836286,tier2,8.0,0.875,False,False,1.0,1.0,0.875,0.875,1.0,1.0,
332,2024-09-01,0.4584657099332341,1,True,5,emitted,,38.0,1.0,60.0,1.0,0.24855945219631403,True,Term_Spread_10Y_3M:Z12,>,0.5333333333333332,0.24855945219631403,-0.044867462984034115,-0.1503939252060875,tier3,13.0,0.07692307692307693,True,True,-1.0,-1.0,0.9230769230769231,0.9230769230769231,0.0,0.0,US_CPI:Z6_acc
333,2024-10-01,0.26381222428734596,1,True,5,emitted,,38.0,1.0,60.0,1.0,0.24855945219631403,True,Term_Spread_10Y_3M:Z12,>,0.5333333333333332,0.24855945219631403,-0.044867462984034115,-0.1874439683686892,tier3,13.0,0.07692307692307693,True,True,-1.0,-1.0,0.9230769230769231,0.9230769230769231,0.0,0.0,US_CPI:Z6_acc
334,2024-11-01,0.2587307035845692,1,True,2,emitted,,24.0,1.0,60.0,5.0,0.2728293666364484,True,M2_Money:Z12,>,0.75,0.23354666133031315,-0.3300653578484266,-1.6701482498864593,tier4,9.0,0.0,True,True,-1.0,-1.0,1.0,1.0,0.0,0.0,
335,2024-12-01,0.2829132093314344,1,True,13,abstain,gate-fail-r2,96.0,1.0,60.0,0.0,0.043067644100650004,True,,,,,,,,,,,,,,,,,,
336,2025-01-01,0.07950816463102162,1,True,2,emitted,,24.0,1.0,60.0,5.0,0.2728293666364484,True,M2_Money:Z12,>,0.75,0.23354666133031315,-0.3300653578484266,-1.46132820992507,tier4,9.0,0.0,True,True,-1.0,-1.0,1.0,1.0,0.0,0.0,
337,2025-02-01,0.0378878560657363,1,True,13,abstain,gate-fail-r2,94.0,1.0,60.0,0.0,0.04428857021592205,True,,,,,,,,,,,,,,,,,,
338,2025-03-01,-0.10383313661777183,-1,True,14,emitted,,16.0,1.0,60.0,2.0,0.23690248163608094,True,WTI_Crude_Close:Z12,<,0.6333333333333333,0.2036047167891892,-0.13695467620991902,-0.630156346217704,tier2,9.0,0.8888888888888888,False,False,1.0,1.0,0.8888888888888888,0.8888888888888888,0.0,0.0,
339,2025-04-01,-0.13566186198816732,-1,True,16,abstain,degenerate-screen,11.0,-1.0,0.0,0.0,0.0,True,,,,,,,,,,,,,,,,,,
340,2025-05-01,-0.11382585123448596,-1,True,5,emitted,,39.0,1.0,60.0,1.0,0.2709112090179217,True,Term_Spread_10Y_3M:Z12,>,0.5695187165775402,0.2709112090179217,-0.41939514291850644,0.6093201525652016,tier2,24.0,0.7916666666666666,False,False,1.0,1.0,0.7916666666666666,0.7916666666666666,0.0,0.0,US_CPI:Z6_acc
341,2025-06-01,-0.18543582612844312,-1,True,5,emitted,,39.0,1.0,60.0,1.0,0.2709112090179217,True,Term_Spread_10Y_3M:Z12,>,0.5695187165775402,0.2709112090179217,-0.41939514291850644,0.9508313278951589,tier2,24.0,0.7916666666666666,False,False,1.0,1.0,0.7916666666666666,0.7916666666666666,0.0,0.0,US_CPI:Z6_acc
342,2025-07-01,0.017862403923943893,1,True,5,emitted,,39.0,1.0,60.0,1.0,0.2709112090179217,True,Term_Spread_10Y_3M:Z12,>,0.5695187165775402,0.2709112090179217,-0.41939514291850644,0.6852115248607477,tier2,24.0,0.7916666666666666,False,False,1.0,1.0,0.7916666666666666,0.7916666666666666,1.0,1.0,US_CPI:Z6_acc
343,2025-08-01,0.3837171166214872,1,True,13,abstain,gate-fail-r2,94.0,1.0,60.0,0.0,0.04625355401433017,True,,,,,,,,,,,,,,,,,,
344,2025-09-01,0.635427019234571,1,True,13,abstain,gate-fail-r2,95.0,1.0,60.0,0.0,0.04803628788931811,True,,,,,,,,,,,,,,,,,,
345,2025-10-01,0.040851541157280735,1,True,13,abstain,gate-fail-r2,94.0,1.0,60.0,0.0,0.046468881108442314,True,,,,,,,,,,,,,,,,,,
346,2025-11-01,-0.2412095300370538,-1,True,13,abstain,gate-fail-r2,95.0,1.0,60.0,0.0,0.052876497200975654,True,,,,,,,,,,,,,,,,,,
347,2025-12-01,-0.3984962333159078,-1,True,13,abstain,gate-fail-r2,96.0,1.0,60.0,0.0,0.05357317323022889,True,,,,,,,,,,,,,,,,,,
348,2026-01-01,-0.2208402482189118,-1,True,4,abstain,type-train<floor8,0.0,,,,,,,,,,,,,,,,,,,,,,,
349,2026-02-01,-0.14118011083775595,-1,True,5,emitted,,41.0,1.0,60.0,1.0,0.20491575816621235,True,Term_Spread_10Y_3M:Z12,>,0.4806763285024154,0.20491575816621235,-0.5477387526574165,0.1889029417601233,tier2,27.0,0.7407407407407407,False,False,1.0,1.0,0.7407407407407407,0.7407407407407407,0.0,0.0,
350,2026-03-01,0.07398643913802028,1,True,13,abstain,gate-fail-r2,98.0,1.0,60.0,0.0,0.047105590333437836,True,,,,,,,,,,,,,,,,,,
351,2026-04-01,0.14224903230728203,1,True,21,abstain,gate-fail-r2,50.0,1.0,60.0,0.0,0.12915273203580366,True,,,,,,,,,,,,,,,,,,
352,2026-05-01,-0.04100722416878322,-1,True,12,emitted,,20.0,-1.0,60.0,2.0,0.35536519618804063,True,M2_Money:Z12,<,0.6263736263736264,0.25770852111123554,0.2223631176280557,-0.09031214845313035,tier2,11.0,0.9090909090909091,False,False,-1.0,-1.0,0.9090909090909091,0.9090909090909091,1.0,1.0,
353,2026-06-01,,0,False,24,abstain,gate-fail-r2,23.0,-1.0,60.0,0.0,0.1986217753532153,True,,,,,,,,,,,,,,,,,,
354,2026-07-01,,0,False,21,abstain,gate-fail-r2,50.0,1.0,60.0,0.0,0.1385888464248669,True,,,,,,,,,,,,,,,,,,
355,2026-08-01,,0,False,13,abstain,gate-fail-r2,99.0,1.0,60.0,0.0,0.04615831096241277,True,,,,,,,,,,,,,,,,,,
