t,date,ret3,lab,scored,typ,n_type_train,base_dir,n_screened,n_survivors,max_r2,split_attempted,primary,primary_dir,primary_J,chosen_r2,primary_thresh_z,primary_z_t,status,tier,leaf_n,leaf_raw,flipA,flipB,predA,predB,is_accA,is_accB,hitA,hitB,model3,reason,secondary
204,1990-01-01,0.01987110749136667,1,True,12,39,-1.0,40.0,2.0,0.259256218662072,True,GS10_Rate:Z6_vel,<,0.6275862068965519,0.259256218662072,0.4915896393680461,1.0294473863390141,emitted,tier4,13.0,0.38461538461538464,True,False,1.0,-1.0,0.6153846153846154,0.38461538461538464,1.0,0.0,,,
205,1990-02-01,0.02123234972203858,1,True,12,40,-1.0,40.0,2.0,0.25321403318500635,True,GS10_Rate:Z6_vel,<,0.6333333333333333,0.25321403318500635,0.233074736760542,0.21432159702118705,emitted,tier2,23.0,0.9565217391304348,False,False,-1.0,-1.0,0.9565217391304348,0.9565217391304348,0.0,0.0,M2_Money:Z3,,
206,1990-03-01,-0.008097373205308012,-1,True,12,41,-1.0,40.0,1.0,0.23421962973632274,True,GS10_Rate:Z6_vel,<,0.6096774193548389,0.23421962973632274,0.28260772286804375,-0.03974853598298725,emitted,tier2,23.0,0.9565217391304348,False,False,-1.0,-1.0,0.9565217391304348,0.9565217391304348,1.0,1.0,M2_Money:Z3,,
207,1990-04-01,-0.03565769623005677,-1,True,13,20,-1.0,22.0,2.0,0.3933143249604709,True,M2_Money:Z6_vel,<,0.7857142857142856,0.3933143249604709,-0.14176251016311467,-0.658993639932639,emitted,tier2,11.0,1.0,False,False,-1.0,-1.0,1.0,1.0,1.0,1.0,,,
208,1990-05-01,-0.055442426274667556,-1,True,13,20,-1.0,22.0,2.0,0.3933143249604709,True,M2_Money:Z6_vel,<,0.7857142857142856,0.3933143249604709,-0.14176251016311467,-0.3551642287766192,emitted,tier2,11.0,1.0,False,False,-1.0,-1.0,1.0,1.0,1.0,1.0,,,
209,1990-06-01,-0.05131465931946666,-1,True,1,22,1.0,20.0,0.0,0.10276415948377128,True,,,,,,,abstain,,,,,,,,,,,,,gate-fail-r2,
210,1990-07-01,-0.05752141813041178,-1,True,1,22,1.0,20.0,0.0,0.10276415948377128,True,,,,,,,abstain,,,,,,,,,,,,,gate-fail-r2,
211,1990-08-01,-0.05141916675560443,-1,True,1,22,1.0,20.0,0.0,0.10276415948377128,True,,,,,,,abstain,,,,,,,,,,,,,gate-fail-r2,
212,1990-09-01,-0.031147663585290086,-1,True,12,43,-1.0,40.0,3.0,0.24262120679886348,True,WTI_Crude_Close:Z6_vel,<,0.625,0.20908942784536214,0.372873564152111,2.076891581366005,emitted,tier4,8.0,0.25,True,False,1.0,-1.0,0.75,0.25,0.0,1.0,,,
213,1990-10-01,-0.01612854615889303,-1,True,13,21,-1.0,22.0,2.0,0.4455996491183506,True,M2_Money:Z6_vel,<,0.8125,0.4455996491183506,-0.07432242169247613,0.9648705903693608,emitted,tier4,8.0,0.375,True,False,1.0,-1.0,0.625,0.375,0.0,1.0,,,
214,1990-11-01,-0.008142213379285002,-1,True,13,21,-1.0,22.0,2.0,0.4455996491183506,True,M2_Money:Z6_vel,<,0.8125,0.4455996491183506,-0.07432242169247613,0.5980535505147697,emitted,tier4,8.0,0.375,True,False,1.0,-1.0,0.625,0.375,0.0,1.0,,,
215,1990-12-01,0.0038022591337256717,1,True,13,21,-1.0,22.0,2.0,0.4455996491183506,True,M2_Money:Z6_vel,<,0.8125,0.4455996491183506,-0.07432242169247613,-0.2531458808578823,emitted,tier2,13.0,1.0,False,False,-1.0,-1.0,1.0,1.0,0.0,0.0,,,
216,1991-01-01,0.06338155941468937,1,True,13,22,-1.0,22.0,2.0,0.39112645004109103,True,M2_Money:Z6_vel,<,0.7647058823529411,0.39112645004109103,0.01064257350405528,0.7531891821992766,emitted,tier4,9.0,0.4444444444444444,True,False,1.0,-1.0,0.5555555555555556,0.4444444444444444,1.0,0.0,,,
217,1991-02-01,0.0759435933563386,1,True,1,25,1.0,31.0,1.0,0.2198710206441793,True,US_2Y_Treasury:Z6,<,0.5238095238095237,0.2198710206441793,0.19640656256281985,-0.3683225596103434,emitted,tier2,8.0,0.75,False,False,1.0,1.0,0.75,0.75,1.0,1.0,,,
218,1991-03-01,0.06296277740428713,1,True,1,25,1.0,31.0,1.0,0.2198710206441793,True,US_2Y_Treasury:Z6,<,0.5238095238095237,0.2198710206441793,0.19640656256281985,-0.16681542779947436,emitted,tier2,8.0,0.75,False,False,1.0,1.0,0.75,0.75,1.0,1.0,,,
219,1991-04-01,0.029071203897285347,1,True,1,25,1.0,31.0,1.0,0.2198710206441793,True,US_2Y_Treasury:Z6,<,0.5238095238095237,0.2198710206441793,0.19640656256281985,-0.11883753927307628,emitted,tier2,8.0,0.75,False,False,1.0,1.0,0.75,0.75,1.0,1.0,,,
220,1991-05-01,0.015444593892743441,1,True,0,32,1.0,35.0,2.0,0.2676702684411621,True,Term_Spread_10Y_3M:Z6,<,0.6527777777777777,0.2676702684411621,-0.07504635959036782,1.4681006772782974,emitted,tier4,11.0,0.36363636363636365,True,False,-1.0,1.0,0.6363636363636364,0.36363636363636365,0.0,1.0,,,
221,1991-06-01,-0.007107248867706861,-1,True,12,44,-1.0,40.0,2.0,0.23443599991381922,True,GS10_Rate:Z6_vel,<,0.5729166666666665,0.23443599991381922,0.06403447612431454,0.7999942545864551,emitted,tier4,8.0,0.25,True,False,1.0,-1.0,0.75,0.25,0.0,1.0,WTI_Crude_Close:Z6_vel,,
222,1991-07-01,-0.050073426814353006,-1,True,12,43,-1.0,40.0,2.0,0.23522914875080855,True,GS10_Rate:Z6_vel,<,0.5618279569892473,0.23522914875080855,0.10805530901312868,-0.20661865265531154,emitted,tier2,21.0,0.9523809523809523,False,False,-1.0,-1.0,0.9523809523809523,0.9523809523809523,1.0,1.0,WTI_Crude_Close:Z6_vel,,
223,1991-08-01,-0.044215958531555466,-1,True,12,43,-1.0,40.0,2.0,0.23522914875080855,True,GS10_Rate:Z6_vel,<,0.5618279569892473,0.23522914875080855,0.10805530901312868,-0.40937928067598,emitted,tier2,21.0,0.9523809523809523,False,False,-1.0,-1.0,0.9523809523809523,0.9523809523809523,1.0,1.0,WTI_Crude_Close:Z6_vel,,
224,1991-09-01,-0.043194925283498775,-1,True,12,44,-1.0,40.0,1.0,0.21947353826146837,True,GS10_Rate:Z6_vel,<,0.5416666666666665,0.21947353826146837,0.06285462461211254,-1.1328088295306276,emitted,tier2,21.0,0.9523809523809523,False,False,-1.0,-1.0,0.9523809523809523,0.9523809523809523,1.0,1.0,WTI_Crude_Close:Z6_vel,,
225,1991-10-01,-0.04638521512353411,-1,True,12,45,-1.0,40.0,1.0,0.22006908006279077,True,GS10_Rate:Z6_vel,<,0.553030303030303,0.22006908006279077,0.09444308314299171,-0.27948430320234124,emitted,tier2,22.0,0.9545454545454546,False,False,-1.0,-1.0,0.9545454545454546,0.9545454545454546,1.0,1.0,WTI_Crude_Close:Z6_vel,,
226,1991-11-01,-0.012474972871793777,-1,True,12,46,-1.0,40.0,1.0,0.22272012892246038,True,GS10_Rate:Z6_vel,<,0.5637254901960784,0.22272012892246038,0.056632546878799386,-0.44255409294060677,emitted,tier2,23.0,0.9565217391304348,False,False,-1.0,-1.0,0.9565217391304348,0.9565217391304348,1.0,1.0,WTI_Crude_Close:Z6_vel,,
227,1991-12-01,0.018978951121326082,1,True,12,47,-1.0,40.0,2.0,0.22845026712748456,True,GS10_Rate:Z6_vel,<,0.5738095238095238,0.22845026712748456,0.11228629928645568,-1.1702352445167823,emitted,tier2,24.0,0.9583333333333334,False,False,-1.0,-1.0,0.9583333333333334,0.9583333333333334,0.0,0.0,WTI_Crude_Close:Z6_vel,,
228,1992-01-01,0.0661353180069435,1,True,12,47,-1.0,40.0,2.0,0.23107968072968543,True,GS10_Rate:Z6_vel,<,0.5738095238095238,0.23107968072968543,0.11741952087758592,-0.2422255103452254,emitted,tier2,24.0,0.9583333333333334,False,False,-1.0,-1.0,0.9583333333333334,0.9583333333333334,0.0,0.0,WTI_Crude_Close:Z6_vel,,
229,1992-02-01,0.028335847881237886,1,True,12,46,-1.0,40.0,2.0,0.23026879124500652,True,GS10_Rate:Z6_vel,<,0.5637254901960784,0.23026879124500652,0.0790492963313572,1.1154950113761601,abstain,tier3,3.0,,,,,,,,,,WTI_Crude_Close:Z6_vel,leaf<floor8,
230,1992-03-01,-0.011545089939828723,-1,True,12,47,-1.0,40.0,0.0,0.17615332454420005,True,,,,,,,abstain,,,,,,,,,,,,,gate-fail-r2,
231,1992-04-01,-0.05602178755130849,-1,True,9,1,,,,,,,,,,,,abstain,,,,,,,,,,,,,type-train<floor8,
232,1992-05-01,-0.053916562419421776,-1,True,9,1,,,,,,,,,,,,abstain,,,,,,,,,,,,,type-train<floor8,
233,1992-06-01,-0.06447677415659547,-1,True,9,1,,,,,,,,,,,,abstain,,,,,,,,,,,,,type-train<floor8,
234,1992-07-01,-0.004644692261089989,-1,True,12,50,-1.0,40.0,0.0,0.16709649077947594,True,,,,,,,abstain,,,,,,,,,,,,,gate-fail-r2,
235,1992-08-01,0.05833528716576075,1,True,12,50,-1.0,40.0,0.0,0.16709649077947594,True,,,,,,,abstain,,,,,,,,,,,,,gate-fail-r2,
236,1992-09-01,0.1088292016922483,1,True,12,49,-1.0,40.0,0.0,0.15066092540533357,True,,,,,,,abstain,,,,,,,,,,,,,gate-fail-r2,
237,1992-10-01,0.09322765886763795,1,True,12,50,-1.0,40.0,0.0,0.15546537505719735,True,,,,,,,abstain,,,,,,,,,,,,,gate-fail-r2,
238,1992-11-01,0.03693811822177051,1,True,12,51,-1.0,40.0,0.0,0.1181192928209907,True,,,,,,,abstain,,,,,,,,,,,,,gate-fail-r2,
239,1992-12-01,0.004773936493282616,1,True,12,51,-1.0,45.0,1.0,0.3212314698488634,True,VIX_Close:Z6,<,0.5,0.2967275879315807,-0.7082256192760129,0.07651539548149766,emitted,tier4,9.0,0.4444444444444444,True,False,1.0,-1.0,0.5555555555555556,0.4444444444444444,1.0,0.0,,,
240,1993-01-01,-0.03479318787605168,-1,True,0,28,1.0,35.0,2.0,0.33213790952063765,True,Term_Spread_10Y_3M:Z6,<,0.6607142857142856,0.33213790952063765,-0.24247390396044013,0.04550622886384609,emitted,tier4,10.0,0.3,True,False,-1.0,1.0,0.7,0.3,1.0,0.0,,,
241,1993-02-01,-0.050412594852352055,-1,True,12,52,-1.0,45.0,1.0,0.4263513983602751,True,VIX_Close:Z3,<,0.7142857142857144,0.4263513983602751,0.5016891797316956,-1.5145707150520715,emitted,tier2,10.0,0.8,False,False,-1.0,-1.0,0.8,0.8,1.0,1.0,,,
242,1993-03-01,-0.042853610150956456,-1,True,12,53,-1.0,45.0,1.0,0.3748332875010373,True,VIX_Close:Z3,<,0.625,0.3748332875010373,0.494767352951673,0.3821851028337963,emitted,tier2,11.0,0.7272727272727273,False,False,-1.0,-1.0,0.7272727272727273,0.7272727272727273,1.0,1.0,,,
243,1993-04-01,0.0075526475869645004,1,True,12,54,-1.0,45.0,1.0,0.3944980272829066,True,VIX_Close:Z3,<,0.5416666666666665,0.3944980272829066,-0.6955616201550556,-0.09854258534565834,emitted,tier4,10.0,0.3,True,False,1.0,-1.0,0.7,0.3,1.0,0.0,,,
244,1993-05-01,0.02319764825732129,1,True,12,55,-1.0,45.0,1.0,0.42298667703390197,True,VIX_Close:Z3,<,0.575,0.42298667703390197,-0.5904108275511714,0.4060041931763035,emitted,tier4,10.0,0.3,True,False,1.0,-1.0,0.7,0.3,1.0,0.0,,,
245,1993-06-01,0.030493504226788204,1,True,12,56,-1.0,45.0,1.0,0.37205472273721557,True,VIX_Close:Z3,<,0.5340909090909092,0.37205472273721557,0.4910664314434397,0.1419188457794191,emitted,tier2,13.0,0.7692307692307693,False,False,-1.0,-1.0,0.7692307692307693,0.7692307692307693,0.0,0.0,,,
246,1993-07-01,0.0013358271749877026,1,True,24,6,,,,,,,,,,,,abstain,,,,,,,,,,,,,type-train<floor8,
247,1993-08-01,0.01561415218803508,1,True,21,2,,,,,,,,,,,,abstain,,,,,,,,,,,,,type-train<floor8,
248,1993-09-01,0.02338009649777706,1,True,12,56,-1.0,45.0,1.0,0.32134127942578483,True,VIX_Close:Z3,<,0.509090909090909,0.32134127942578483,-0.7085746191451047,-0.9562741591543202,abstain,tier2,7.0,,,,,,,,,,,leaf<floor8,
249,1993-10-01,0.03088030260645902,1,True,12,56,-1.0,45.0,1.0,0.32134127942578483,True,VIX_Close:Z3,<,0.509090909090909,0.32134127942578483,-0.7085746191451047,0.23577647922900888,emitted,tier4,14.0,0.2857142857142857,True,False,1.0,-1.0,0.7142857142857143,0.2857142857142857,1.0,0.0,,,
250,1993-11-01,0.00059236823103892,1,True,12,56,-1.0,45.0,1.0,0.32134127942578483,True,VIX_Close:Z3,<,0.509090909090909,0.32134127942578483,-0.7085746191451047,0.23086322279079574,emitted,tier4,14.0,0.2857142857142857,True,False,1.0,-1.0,0.7142857142857143,0.2857142857142857,1.0,0.0,,,
251,1993-12-01,-0.01372804362312341,-1,True,12,57,-1.0,45.0,1.0,0.2545366105058405,True,VIX_Close:Z3,<,0.43333333333333335,0.2545366105058405,-0.6380328378385015,1.4049492149729326,emitted,tier4,14.0,0.2857142857142857,True,False,1.0,-1.0,0.7142857142857143,0.2857142857142857,0.0,1.0,,,
252,1994-01-01,-0.019009080206145335,-1,True,12,58,-1.0,45.0,1.0,0.25570757767061536,True,VIX_Close:Z3,<,0.4461538461538461,0.25570757767061536,-0.6863767714681679,0.4989906181915567,abstain,tier4,6.0,,,,,,,,,,M2_Money:Z6,leaf<floor8,
253,1994-02-01,-0.02175087814104293,-1,True,12,59,-1.0,45.0,1.0,0.2567008229496446,True,VIX_Close:Z3,<,0.4571428571428571,0.2567008229496446,-0.7487527021477642,-0.5516346463764769,abstain,tier4,7.0,,,,,,,,,,M2_Money:Z6,leaf<floor8,
254,1994-03-01,-0.008285456897960342,-1,True,12,60,-1.0,45.0,0.0,0.16821505998166855,True,,,,,,,abstain,,,,,,,,,,,,,gate-fail-r2,
255,1994-04-01,-0.0374511238753531,-1,True,12,61,-1.0,45.0,0.0,0.14501669601371361,True,,,,,,,abstain,,,,,,,,,,,,,gate-fail-r2,
256,1994-05-01,-0.018362014858927855,-1,True,12,62,-1.0,45.0,0.0,0.15558909138309068,True,,,,,,,abstain,,,,,,,,,,,,,gate-fail-r2,
257,1994-06-01,-0.0314694773121198,-1,True,12,62,-1.0,45.0,0.0,0.11882204409391384,True,,,,,,,abstain,,,,,,,,,,,,,gate-fail-r2,
258,1994-07-01,-0.01583672329127228,-1,True,12,62,-1.0,45.0,0.0,0.04095805190682743,True,,,,,,,abstain,,,,,,,,,,,,,gate-fail-r2,
259,1994-08-01,-0.03648679098101426,-1,True,12,63,-1.0,45.0,0.0,0.03750974865409315,True,,,,,,,abstain,,,,,,,,,,,,,gate-fail-r2,
260,1994-09-01,-0.0006160707102054186,-1,True,12,64,-1.0,45.0,0.0,0.039718806281567265,True,,,,,,,abstain,,,,,,,,,,,,,gate-fail-r2,
261,1994-10-01,0.017542267686233126,1,True,12,65,-1.0,45.0,0.0,0.04533009368570425,True,,,,,,,abstain,,,,,,,,,,,,,gate-fail-r2,
262,1994-11-01,0.030952445960239272,1,True,12,64,-1.0,45.0,0.0,0.05270899379552101,True,,,,,,,abstain,,,,,,,,,,,,,gate-fail-r2,
263,1994-12-01,-0.019783920303072744,-1,True,12,65,-1.0,45.0,0.0,0.056093823724445914,True,,,,,,,abstain,,,,,,,,,,,,,gate-fail-r2,
264,1995-01-01,-0.07044337228180098,-1,True,12,66,-1.0,45.0,0.0,0.048430463526642716,True,,,,,,,abstain,,,,,,,,,,,,,gate-fail-r2,
265,1995-02-01,-0.07903503085335817,-1,True,12,67,-1.0,45.0,0.0,0.04600800175651837,True,,,,,,,abstain,,,,,,,,,,,,,gate-fail-r2,
266,1995-03-01,-0.04883772228297345,-1,True,12,68,-1.0,45.0,0.0,0.047089150910233586,True,,,,,,,abstain,,,,,,,,,,,,,gate-fail-r2,
267,1995-04-01,-0.010848094695748989,-1,True,12,69,-1.0,45.0,0.0,0.049647232213630696,True,,,,,,,abstain,,,,,,,,,,,,,gate-fail-r2,
268,1995-05-01,0.012388975574626482,1,True,12,70,-1.0,45.0,0.0,0.055575347835676775,True,,,,,,,abstain,,,,,,,,,,,,,gate-fail-r2,
269,1995-06-01,0.04064919301119563,1,True,12,71,-1.0,45.0,0.0,0.056826747728818745,True,,,,,,,abstain,,,,,,,,,,,,,gate-fail-r2,
270,1995-07-01,0.046128824484659825,1,True,12,72,-1.0,45.0,0.0,0.06075512728278584,True,,,,,,,abstain,,,,,,,,,,,,,gate-fail-r2,
271,1995-08-01,0.04445786450595457,1,True,12,72,-1.0,45.0,0.0,0.05241940990315997,True,,,,,,,abstain,,,,,,,,,,,,,gate-fail-r2,
272,1995-09-01,0.009385731270321607,1,True,12,73,-1.0,45.0,0.0,0.050686627570744755,True,,,,,,,abstain,,,,,,,,,,,,,gate-fail-r2,
273,1995-10-01,0.012989050591686313,1,True,12,74,-1.0,45.0,0.0,0.051324719778724805,True,,,,,,,abstain,,,,,,,,,,,,,gate-fail-r2,
274,1995-11-01,0.03425553248546809,1,True,12,75,-1.0,45.0,0.0,0.05345158411852237,True,,,,,,,abstain,,,,,,,,,,,,,gate-fail-r2,
275,1995-12-01,0.01804614938364546,1,True,12,76,-1.0,45.0,0.0,0.05235532385232936,True,,,,,,,abstain,,,,,,,,,,,,,gate-fail-r2,
276,1996-01-01,0.017615681746713463,1,True,12,77,-1.0,45.0,0.0,0.06034104224019322,True,,,,,,,abstain,,,,,,,,,,,,,gate-fail-r2,
277,1996-02-01,-0.0020509818761339504,-1,True,12,77,-1.0,45.0,0.0,0.06076653089672304,True,,,,,,,abstain,,,,,,,,,,,,,gate-fail-r2,
278,1996-03-01,0.010660902104726366,1,True,12,77,-1.0,45.0,0.0,0.05958328389681245,True,,,,,,,abstain,,,,,,,,,,,,,gate-fail-r2,
279,1996-04-01,0.010626509774982251,1,True,12,78,-1.0,45.0,0.0,0.050499601509297797,True,,,,,,,abstain,,,,,,,,,,,,,gate-fail-r2,
280,1996-05-01,-0.010015935223488204,-1,True,12,79,-1.0,45.0,0.0,0.051313325774974265,True,,,,,,,abstain,,,,,,,,,,,,,gate-fail-r2,
281,1996-06-01,-0.00712893255477387,-1,True,12,80,-1.0,45.0,0.0,0.057197705906887025,True,,,,,,,abstain,,,,,,,,,,,,,gate-fail-r2,
282,1996-07-01,0.0032493573734058145,1,True,12,81,-1.0,45.0,0.0,0.05958909127980529,True,,,,,,,abstain,,,,,,,,,,,,,gate-fail-r2,
283,1996-08-01,0.009670595695734363,1,True,12,81,-1.0,45.0,0.0,0.05319052305039774,True,,,,,,,abstain,,,,,,,,,,,,,gate-fail-r2,
284,1996-09-01,0.009996528344572209,1,True,12,82,-1.0,45.0,0.0,0.05593995051806267,True,,,,,,,abstain,,,,,,,,,,,,,gate-fail-r2,
285,1996-10-01,0.00877146096625947,1,True,12,82,-1.0,45.0,0.0,0.055369542105219556,True,,,,,,,abstain,,,,,,,,,,,,,gate-fail-r2,
286,1996-11-01,0.05102673511185363,1,True,12,83,-1.0,45.0,0.0,0.05554675143657595,True,,,,,,,abstain,,,,,,,,,,,,,gate-fail-r2,
287,1996-12-01,0.05952210225837051,1,True,12,84,-1.0,45.0,0.0,0.05133034063432673,True,,,,,,,abstain,,,,,,,,,,,,,gate-fail-r2,
288,1997-01-01,0.049423815332306775,1,True,0,19,1.0,35.0,1.0,0.4533144579852713,True,Term_Spread_10Y_3M:Z6,<,0.8,0.4533144579852713,-0.34652308614786054,-0.15072482945638097,emitted,tier4,8.0,0.25,True,False,-1.0,1.0,0.75,0.25,0.0,1.0,,,
289,1997-02-01,0.0353690385967973,1,True,0,19,1.0,35.0,1.0,0.4533144579852713,True,Term_Spread_10Y_3M:Z6,<,0.8,0.4533144579852713,-0.34652308614786054,-0.05314574911467739,emitted,tier4,8.0,0.25,True,False,-1.0,1.0,0.75,0.25,0.0,1.0,,,
290,1997-03-01,-0.0021366557309424605,-1,True,0,19,1.0,35.0,1.0,0.4533144579852713,True,Term_Spread_10Y_3M:Z6,<,0.8,0.4533144579852713,-0.34652308614786054,-0.34588299013978807,emitted,tier4,8.0,0.25,True,False,-1.0,1.0,0.75,0.25,1.0,0.0,,,
291,1997-04-01,-0.004706284248396475,-1,True,0,19,1.0,35.0,1.0,0.44624236967368924,True,Term_Spread_10Y_3M:Z6,<,0.7424242424242424,0.44624236967368924,-0.12854414513728254,0.06926248828773006,abstain,tier4,6.0,,,,,,,,,,,leaf<floor8,
292,1997-05-01,0.008661583182373533,1,True,0,20,1.0,35.0,1.0,0.4354974653763127,True,Term_Spread_10Y_3M:Z6,<,0.6666666666666667,0.4354974653763127,-0.12847993501940028,0.3841432462208782,abstain,tier4,7.0,,,,,,,,,,,leaf<floor8,
293,1997-06-01,0.03382261910529061,1,True,0,21,1.0,35.0,2.0,0.36074710727880865,True,Term_Spread_10Y_3M:Z6,<,0.6666666666666665,0.36074710727880865,-0.3563814463679278,0.942018126011048,emitted,tier4,11.0,0.36363636363636365,True,False,-1.0,1.0,0.6363636363636364,0.36363636363636365,0.0,1.0,,,
294,1997-07-01,0.021377179973707472,1,True,0,22,1.0,35.0,1.0,0.33901386404338246,True,Term_Spread_10Y_3M:Z6,<,0.6666666666666665,0.33901386404338246,-0.3696415923182771,-0.0783718721781833,emitted,tier4,12.0,0.3333333333333333,True,False,-1.0,1.0,0.6666666666666667,0.3333333333333333,0.0,1.0,,,
295,1997-08-01,-0.016599074453066853,-1,True,9,2,,,,,,,,,,,,abstain,,,,,,,,,,,,,type-train<floor8,
296,1997-09-01,0.008712693541652161,1,True,0,23,1.0,35.0,1.0,0.23290146184787475,True,Term_Spread_10Y_3M:Z6,<,0.5384615384615383,0.23290146184787475,-0.5129188227645707,-0.4667791985278776,emitted,tier4,14.0,0.42857142857142855,True,False,-1.0,1.0,0.5714285714285714,0.42857142857142855,0.0,1.0,,,
297,1997-10-01,0.03933708686812332,1,True,12,88,-1.0,45.0,0.0,0.04549003959103504,True,,,,,,,abstain,,,,,,,,,,,,,gate-fail-r2,
298,1997-11-01,0.042345193866683895,1,True,0,24,1.0,35.0,1.0,0.2331346417495375,True,Term_Spread_10Y_3M:Z6,<,0.5,0.2331346417495375,-0.5160831913879435,-1.3923126966346941,abstain,tier2,7.0,,,,,,,,,,VIX_Close:Z12,leaf<floor8,
299,1997-12-01,0.0038361085589817545,1,True,0,24,1.0,35.0,0.0,0.17731775787849322,True,,,,,,,abstain,,,,,,,,,,,,,gate-fail-r2,
300,1998-01-01,0.009076462101424099,1,True,0,24,1.0,35.0,0.0,0.17731775787849322,True,,,,,,,abstain,,,,,,,,,,,,,gate-fail-r2,
301,1998-02-01,-0.0011887687330395247,-1,True,0,24,1.0,35.0,0.0,0.15114133259321524,True,,,,,,,abstain,,,,,,,,,,,,,gate-fail-r2,
302,1998-03-01,0.027534795137010626,1,True,0,24,1.0,35.0,0.0,0.18373983060931784,True,,,,,,,abstain,,,,,,,,,,,,,gate-fail-r2,
303,1998-04-01,0.013709368639542197,1,True,12,88,-1.0,45.0,0.0,0.04773857247128619,True,,,,,,,abstain,,,,,,,,,,,,,gate-fail-r2,
304,1998-05-01,0.04430195783670121,1,True,12,88,-1.0,45.0,0.0,0.04773857247128619,True,,,,,,,abstain,,,,,,,,,,,,,gate-fail-r2,
305,1998-06-01,0.007240930321933625,1,True,12,86,-1.0,45.0,0.0,0.045058107657939835,True,,,,,,,abstain,,,,,,,,,,,,,gate-fail-r2,
306,1998-07-01,-0.025934680229726448,-1,True,12,87,-1.0,45.0,0.0,0.0436237517759697,True,,,,,,,abstain,,,,,,,,,,,,,gate-fail-r2,
307,1998-08-01,-0.0785645923668894,-1,True,12,88,-1.0,45.0,0.0,0.042894694177218314,True,,,,,,,abstain,,,,,,,,,,,,,gate-fail-r2,
308,1998-09-01,-0.041568297801306775,-1,True,12,88,-1.0,45.0,0.0,0.04731300291685812,True,,,,,,,abstain,,,,,,,,,,,,,gate-fail-r2,
309,1998-10-01,-0.04056128019722982,-1,True,12,88,-1.0,45.0,0.0,0.049615722355682734,True,,,,,,,abstain,,,,,,,,,,,,,gate-fail-r2,
310,1998-11-01,0.013537704302961417,1,True,12,89,-1.0,45.0,0.0,0.047459287410508616,True,,,,,,,abstain,,,,,,,,,,,,,gate-fail-r2,
311,1998-12-01,0.019582595966538774,1,True,12,89,-1.0,45.0,0.0,0.045761949487935494,True,,,,,,,abstain,,,,,,,,,,,,,gate-fail-r2,
312,1999-01-01,0.04525725225345001,1,True,12,90,-1.0,45.0,0.0,0.048052496174862326,True,,,,,,,abstain,,,,,,,,,,,,,gate-fail-r2,
313,1999-02-01,0.02360695440485361,1,True,12,91,-1.0,45.0,0.0,0.05022299041844578,True,,,,,,,abstain,,,,,,,,,,,,,gate-fail-r2,
314,1999-03-01,0.007135957375415725,1,True,12,92,-1.0,45.0,0.0,0.05218244619549473,True,,,,,,,abstain,,,,,,,,,,,,,gate-fail-r2,
315,1999-04-01,0.014245347622095395,1,True,12,93,-1.0,45.0,0.0,0.05361260352231679,True,,,,,,,abstain,,,,,,,,,,,,,gate-fail-r2,
316,1999-05-01,-0.0029238063422691862,-1,True,9,2,,,,,,,,,,,,abstain,,,,,,,,,,,,,type-train<floor8,
317,1999-06-01,-0.025424841088433126,-1,True,0,26,1.0,35.0,0.0,0.1690878609572542,True,,,,,,,abstain,,,,,,,,,,,,,gate-fail-r2,
318,1999-07-01,-0.05062616813991494,-1,True,0,26,1.0,35.0,0.0,0.1690878609572542,True,,,,,,,abstain,,,,,,,,,,,,,gate-fail-r2,
319,1999-08-01,-0.024360680697418702,-1,True,0,26,1.0,35.0,0.0,0.1690878609572542,True,,,,,,,abstain,,,,,,,,,,,,,gate-fail-r2,
320,1999-09-01,0.0015870631562044935,1,True,12,92,1.0,45.0,0.0,0.06492843300328975,True,,,,,,,abstain,,,,,,,,,,,,,gate-fail-r2,
321,1999-10-01,0.00812838022051876,1,True,12,92,1.0,45.0,0.0,0.06492843300328975,True,,,,,,,abstain,,,,,,,,,,,,,gate-fail-r2,
322,1999-11-01,0.03204921536236793,1,True,13,40,-1.0,40.0,3.0,0.2678787012837836,True,Industrial_Production:Z3,<,0.6112852664576804,0.2678787012837836,0.28954253704486294,-0.5697054220720815,emitted,tier2,25.0,0.92,False,False,-1.0,-1.0,0.92,0.92,0.0,0.0,US_2Y_Treasury:Z6_vel,,
323,1999-12-01,0.018810823334233007,1,True,12,94,1.0,54.0,0.0,0.12991859297351266,True,,,,,,,abstain,,,,,,,,,,,,,gate-fail-r2,
324,2000-01-01,0.032892874887579415,1,True,12,93,1.0,45.0,0.0,0.0553166311121254,True,,,,,,,abstain,,,,,,,,,,,,,gate-fail-r2,
325,2000-02-01,0.03624556215727237,1,True,24,9,1.0,0.0,0.0,0.0,True,,,,,,,abstain,,,,,,,,,,,,,degenerate-screen,
326,2000-03-01,0.03405805340783585,1,True,12,94,1.0,45.0,0.0,0.050969049772787246,True,,,,,,,abstain,,,,,,,,,,,,,gate-fail-r2,
327,2000-04-01,0.013475937348409683,1,True,0,29,1.0,46.0,4.0,0.250438227131933,True,US_2Y_Treasury:Z3,<,0.6421052631578947,0.209594997272034,0.48431408131213993,0.07946306241357162,emitted,tier2,18.0,0.8888888888888888,False,False,1.0,1.0,0.8888888888888888,0.8888888888888888,1.0,1.0,,,
328,2000-05-01,0.0036293612972215783,1,True,10,0,,,,,,,,,,,,abstain,,,,,,,,,,,,,type-train<floor8,
329,2000-06-01,0.004188216444198201,1,True,12,96,1.0,45.0,0.0,0.04006166343873447,True,,,,,,,abstain,,,,,,,,,,,,,gate-fail-r2,
330,2000-07-01,0.04687658023461316,1,True,12,96,1.0,45.0,0.0,0.04006166343873447,True,,,,,,,abstain,,,,,,,,,,,,,gate-fail-r2,
331,2000-08-01,0.03697151920098385,1,True,1,43,1.0,40.0,0.0,0.057047110939318,True,,,,,,,abstain,,,,,,,,,,,,,gate-fail-r2,
332,2000-09-01,0.03713100217238696,1,True,13,41,-1.0,40.0,1.0,0.23110171489247827,True,US_2Y_Treasury:Z12,<,0.542087542087542,0.23110171489247827,0.6223963150693496,0.22239014537236712,emitted,tier2,25.0,0.88,False,False,-1.0,-1.0,0.88,0.88,0.0,0.0,,,
333,2000-10-01,-0.014973997564752595,-1,True,12,98,1.0,45.0,0.0,0.042852643970288644,True,,,,,,,abstain,,,,,,,,,,,,,gate-fail-r2,
334,2000-11-01,-0.02585003075924386,-1,True,12,97,1.0,45.0,0.0,0.04228670038165686,True,,,,,,,abstain,,,,,,,,,,,,,gate-fail-r2,
335,2000-12-01,-0.006679757206002557,-1,True,12,97,1.0,45.0,0.0,0.04228670038165686,True,,,,,,,abstain,,,,,,,,,,,,,gate-fail-r2,
336,2001-01-01,0.07039649493505684,1,True,12,98,1.0,54.0,0.0,0.15178845236882957,True,,,,,,,abstain,,,,,,,,,,,,,gate-fail-r2,
337,2001-02-01,0.0434269265153564,1,True,12,99,1.0,54.0,0.0,0.16797038706105927,True,,,,,,,abstain,,,,,,,,,,,,,gate-fail-r2,
338,2001-03-01,0.0402208912900921,1,True,12,99,1.0,54.0,0.0,0.16797038706105927,True,,,,,,,abstain,,,,,,,,,,,,,gate-fail-r2,
339,2001-04-01,-0.0004272806444589605,-1,True,1,44,1.0,40.0,0.0,0.0652375324741358,True,,,,,,,abstain,,,,,,,,,,,,,gate-fail-r2,
340,2001-05-01,0.011412043075032186,1,True,12,100,1.0,54.0,0.0,0.16612028825764877,True,,,,,,,abstain,,,,,,,,,,,,,gate-fail-r2,
341,2001-06-01,-0.027249927699060317,-1,True,12,101,1.0,54.0,0.0,0.1487230267082593,True,,,,,,,abstain,,,,,,,,,,,,,gate-fail-r2,
342,2001-07-01,-0.027155263561522425,-1,True,13,44,-1.0,41.0,1.0,0.3200939655010992,True,VIX_Close:Z3,>,0.6333333333333333,0.3200939655010992,-0.08538331578580698,-1.7097314924212037,abstain,tier4,5.0,,,,,,,,,,,leaf<floor8,
343,2001-08-01,-0.006676903055038874,-1,True,13,44,-1.0,41.0,1.0,0.3200939655010992,True,VIX_Close:Z3,>,0.6333333333333333,0.3200939655010992,-0.08538331578580698,-1.0297496558686048,abstain,tier4,5.0,,,,,,,,,,,leaf<floor8,
344,2001-09-01,0.02427211782668892,1,True,12,103,1.0,54.0,0.0,0.15105267972659406,True,,,,,,,abstain,,,,,,,,,,,,,gate-fail-r2,
345,2001-10-01,0.031157876275272223,1,True,24,9,1.0,0.0,0.0,0.0,True,,,,,,,abstain,,,,,,,,,,,,,degenerate-screen,
346,2001-11-01,0.04079730056860287,1,True,12,102,1.0,54.0,0.0,0.15105267972659406,True,,,,,,,abstain,,,,,,,,,,,,,gate-fail-r2,
347,2001-12-01,0.02890880522724526,1,True,12,103,1.0,54.0,0.0,0.11013861949110357,True,,,,,,,abstain,,,,,,,,,,,,,gate-fail-r2,
348,2002-01-01,0.007871878638629148,1,True,12,103,1.0,54.0,0.0,0.11013861949110357,True,,,,,,,abstain,,,,,,,,,,,,,gate-fail-r2,
349,2002-02-01,-0.03941295584296611,-1,True,12,104,1.0,54.0,0.0,0.09564124486827737,True,,,,,,,abstain,,,,,,,,,,,,,gate-fail-r2,
350,2002-03-01,-0.06249911007959452,-1,True,21,1,,,,,,,,,,,,abstain,,,,,,,,,,,,,type-train<floor8,
351,2002-04-01,-0.08389286445223998,-1,True,12,106,1.0,54.0,0.0,0.1143118965834395,True,,,,,,,abstain,,,,,,,,,,,,,gate-fail-r2,
352,2002-05-01,-0.04457793468014715,-1,True,21,1,,,,,,,,,,,,abstain,,,,,,,,,,,,,type-train<floor8,
353,2002-06-01,-0.02283225087473162,-1,True,24,10,1.0,0.0,0.0,0.0,True,,,,,,,abstain,,,,,,,,,,,,,degenerate-screen,
354,2002-07-01,0.016977783961691806,1,True,21,2,,,,,,,,,,,,abstain,,,,,,,,,,,,,type-train<floor8,
355,2002-08-01,-0.006854164732101431,-1,True,12,105,1.0,55.0,0.0,0.06858287822949526,True,,,,,,,abstain,,,,,,,,,,,,,gate-fail-r2,
356,2002-09-01,0.0038837667680513555,1,True,12,106,1.0,55.0,0.0,0.06858287822949526,True,,,,,,,abstain,,,,,,,,,,,,,gate-fail-r2,
357,2002-10-01,-0.03402942105952811,-1,True,12,103,1.0,55.0,0.0,0.06549211187823592,True,,,,,,,abstain,,,,,,,,,,,,,gate-fail-r2,
358,2002-11-01,-0.04381448821413059,-1,True,12,103,1.0,55.0,0.0,0.07350941700472045,True,,,,,,,abstain,,,,,,,,,,,,,gate-fail-r2,
359,2002-12-01,-0.06072511324148855,-1,True,12,103,1.0,55.0,0.0,0.07058347016507374,True,,,,,,,abstain,,,,,,,,,,,,,gate-fail-r2,
360,2003-01-01,-0.03551747147600637,-1,True,12,104,1.0,55.0,0.0,0.09512524825539043,True,,,,,,,abstain,,,,,,,,,,,,,gate-fail-r2,
361,2003-02-01,-0.03955988885176709,-1,True,24,10,1.0,35.0,5.0,0.4639444187864836,True,Industrial_Production:Z3,<,0.8,0.4639444187864836,0.3528254518184328,-0.2838154029430383,abstain,tier2,6.0,,,,,,,,,,,leaf<floor8,
362,2003-03-01,-0.0573869039217767,-1,True,21,3,,,,,,,,,,,,abstain,,,,,,,,,,,,,type-train<floor8,
363,2003-04-01,-0.05269667662218391,-1,True,13,53,-1.0,44.0,0.0,0.17027750393238367,True,,,,,,,abstain,,,,,,,,,,,,,gate-fail-r2,
364,2003-05-01,-0.0026905953247061687,-1,True,13,53,-1.0,44.0,0.0,0.17027750393238367,True,,,,,,,abstain,,,,,,,,,,,,,gate-fail-r2,
365,2003-06-01,0.03114364219403365,1,True,24,11,-1.0,35.0,5.0,0.3908113553435466,True,Industrial_Production:Z3,>,0.6666666666666665,0.3908113553435466,0.3882201133691752,-0.8487740912690616,abstain,tier4,7.0,,,,,,,,,,,leaf<floor8,
366,2003-07-01,-0.02026174329593944,-1,True,12,106,1.0,55.0,0.0,0.17353045418366955,True,,,,,,,abstain,,,,,,,,,,,,,gate-fail-r2,
367,2003-08-01,-0.04059754757932188,-1,True,9,4,,,,,,,,,,,,abstain,,,,,,,,,,,,,type-train<floor8,
368,2003-09-01,-0.07179826360513386,-1,True,12,104,1.0,55.0,0.0,0.17353045418366955,True,,,,,,,abstain,,,,,,,,,,,,,gate-fail-r2,
369,2003-10-01,-0.0541187718117514,-1,True,24,12,1.0,39.0,6.0,0.4555169079590016,True,WTI_Crude_Close:Z3,<,0.8,0.4555169079590016,-1.0030359606259243,-0.5856426269188638,abstain,tier4,7.0,,,,,,,,,,,leaf<floor8,
370,2003-11-01,-0.0476923076923077,-1,True,12,103,1.0,55.0,0.0,0.19264866098172156,True,,,,,,,abstain,,,,,,,,,,,,,gate-fail-r2,
371,2003-12-01,-0.015562211734236553,-1,True,12,103,1.0,55.0,1.0,0.2133668701686012,True,Platinum_Futures_Close:Z12,<,0.5042735042735043,0.2133668701686012,0.6512407243494989,1.5332157192368845,emitted,tier4,10.0,0.2,True,False,-1.0,1.0,0.8,0.2,1.0,0.0,,,Industrial_Production:Z6_vel
372,2004-01-01,0.0019378406682664107,1,True,24,13,-1.0,39.0,6.0,0.43229991100489046,True,WTI_Crude_Close:Z3,>,0.8,0.3612369841519648,-0.9604546618797619,0.6244232877906882,emitted,tier2,8.0,0.875,False,False,-1.0,-1.0,0.875,0.875,0.0,0.0,,,
373,2004-02-01,0.03574371604288795,1,True,24,13,-1.0,39.0,6.0,0.43229991100489046,True,WTI_Crude_Close:Z3,>,0.8,0.3612369841519648,-0.9604546618797619,1.0177899844064366,emitted,tier2,8.0,0.875,False,False,-1.0,-1.0,0.875,0.875,0.0,0.0,,,
374,2004-03-01,0.018753414694408832,1,True,12,104,1.0,55.0,1.0,0.23986802809689967,True,Platinum_Futures_Close:Z12,<,0.5873015873015874,0.23986802809689967,0.6734854114509219,1.1222421402889553,emitted,tier4,10.0,0.1,True,True,-1.0,-1.0,0.9,0.9,0.0,0.0,,,Industrial_Production:Z6_vel
375,2004-04-01,0.02307507806915221,1,True,21,4,,,,,,,,,,,,abstain,,,,,,,,,,,,,type-train<floor8,
376,2004-05-01,-0.013836665984928387,-1,True,12,103,1.0,55.0,1.0,0.23986802809689967,True,Platinum_Futures_Close:Z12,<,0.5873015873015874,0.23986802809689967,0.6734854114509219,,abstain,,,,,,,,,,,,,candidate-missing,Industrial_Production:Z6_vel
377,2004-06-01,-0.012149160261884506,-1,True,12,104,1.0,55.0,0.0,0.1989303094487218,True,,,,,,,abstain,,,,,,,,,,,,,gate-fail-r2,
378,2004-07-01,-0.019771212911737446,-1,True,1,58,1.0,43.0,0.0,0.1836259243633716,True,,,,,,,abstain,,,,,,,,,,,,,gate-fail-r2,
379,2004-08-01,-0.056977855872301864,-1,True,13,61,-1.0,45.0,0.0,0.11923494881352474,True,,,,,,,abstain,,,,,,,,,,,,,gate-fail-r2,
380,2004-09-01,-0.08267479656054766,-1,True,12,106,1.0,55.0,0.0,0.1989303094487218,True,,,,,,,abstain,,,,,,,,,,,,,gate-fail-r2,
381,2004-10-01,-0.06386775309220949,-1,True,12,105,-1.0,55.0,0.0,0.1989303094487217,True,,,,,,,abstain,,,,,,,,,,,,,gate-fail-r2,
382,2004-11-01,-0.010858335337199265,-1,True,12,105,-1.0,55.0,0.0,0.1989303094487217,True,,,,,,,abstain,,,,,,,,,,,,,gate-fail-r2,
383,2004-12-01,0.02196134210714784,1,True,25,15,-1.0,0.0,0.0,0.0,True,,,,,,,abstain,,,,,,,,,,,,,degenerate-screen,
384,2005-01-01,0.028777392876912833,1,True,13,64,-1.0,55.0,2.0,0.413259250765286,True,Platinum_Futures_Close:Z6_vel,<,0.8333333333333335,0.413259250765286,-0.22257236485242607,,abstain,,,,,,,,,,,,,candidate-missing,
385,2005-02-01,0.009648403762120283,1,True,12,105,-1.0,55.0,0.0,0.17708052680525552,True,,,,,,,abstain,,,,,,,,,,,,,gate-fail-r2,
386,2005-03-01,0.04457102950705183,1,True,12,104,-1.0,55.0,0.0,0.17708052680525552,True,,,,,,,abstain,,,,,,,,,,,,,gate-fail-r2,
387,2005-04-01,0.0508319414889733,1,True,13,65,-1.0,55.0,2.0,0.413259250765286,True,Platinum_Futures_Close:Z6_vel,<,0.8333333333333335,0.413259250765286,-0.22257236485242607,0.9507817645812501,abstain,tier4,7.0,,,,,,,,,,,leaf<floor8,
388,2005-05-01,0.02939336631662748,1,True,13,65,-1.0,55.0,2.0,0.413259250765286,True,Platinum_Futures_Close:Z6_vel,<,0.8333333333333335,0.413259250765286,-0.22257236485242607,1.2036507921277846,abstain,tier4,7.0,,,,,,,,,,,leaf<floor8,
389,2005-06-01,-0.02024407296764774,-1,True,0,20,1.0,49.0,5.0,0.4235022980436825,True,Term_Spread_10Y_2Y:Z3,<,0.75,0.3400031108345923,-0.002020215303752458,-3.233691296206941,emitted,tier2,9.0,1.0,False,False,1.0,1.0,1.0,1.0,0.0,0.0,,,
390,2005-07-01,-0.014556167227365857,-1,True,12,105,-1.0,55.0,0.0,0.18321300995797343,True,,,,,,,abstain,,,,,,,,,,,,,gate-fail-r2,
391,2005-08-01,0.004799170635610972,1,True,12,105,-1.0,55.0,0.0,0.18321300995797343,True,,,,,,,abstain,,,,,,,,,,,,,gate-fail-r2,
392,2005-09-01,0.042703899527020805,1,True,13,66,-1.0,55.0,2.0,0.4753760087600215,True,Platinum_Futures_Close:Z6_vel,<,0.8333333333333335,0.4753760087600215,-0.3616973738012113,0.6312644966521396,emitted,tier4,9.0,0.1111111111111111,True,True,1.0,1.0,0.8888888888888888,0.8888888888888888,1.0,1.0,,,
393,2005-10-01,0.011322023457549069,1,True,13,65,-1.0,55.0,2.0,0.4753760087600215,True,Platinum_Futures_Close:Z6_vel,<,0.8333333333333335,0.4753760087600215,-0.3616973738012113,0.684447702007226,emitted,tier4,9.0,0.1111111111111111,True,True,1.0,1.0,0.8888888888888888,0.8888888888888888,1.0,1.0,,,
394,2005-11-01,-0.012770586824666252,-1,True,13,67,-1.0,55.0,2.0,0.4753760087600215,True,Platinum_Futures_Close:Z6_vel,<,0.8333333333333335,0.4753760087600215,-0.3616973738012113,0.9834098201571332,emitted,tier4,9.0,0.1111111111111111,True,True,1.0,1.0,0.8888888888888888,0.8888888888888888,0.0,0.0,,,
395,2005-12-01,-0.02246612338105991,-1,True,25,16,-1.0,34.0,3.0,0.44501818069606064,True,Term_Spread_10Y_3M:Z6,>,1.0,0.44501818069606064,-0.04441803240871482,-1.0728071618272805,abstain,tier4,5.0,,,,,,,,,,,leaf<floor8,
396,2006-01-01,-0.007683598481414089,-1,True,25,16,-1.0,34.0,3.0,0.44501818069606064,True,Term_Spread_10Y_3M:Z6,>,1.0,0.44501818069606064,-0.04441803240871482,-1.3053288934639855,abstain,tier4,5.0,,,,,,,,,,,leaf<floor8,
397,2006-02-01,-0.03338278404337758,-1,True,25,16,-1.0,34.0,3.0,0.44501818069606064,True,Term_Spread_10Y_3M:Z6,>,1.0,0.44501818069606064,-0.04441803240871482,-1.3534368379405453,abstain,tier4,5.0,,,,,,,,,,,leaf<floor8,
398,2006-03-01,-0.05075492380043145,-1,True,25,17,-1.0,34.0,2.0,0.26920782475428584,True,Fed_Funds_Rate:Z6_vel,<,0.8333333333333335,0.248345730646417,0.11997985137760468,-0.16486294777068558,emitted,tier2,10.0,1.0,False,False,-1.0,-1.0,1.0,1.0,1.0,1.0,,,
399,2006-04-01,-0.04759015256588073,-1,True,25,18,-1.0,35.0,2.0,0.2521952256494381,True,Fed_Funds_Rate:Z6_vel,<,0.8461538461538463,0.2521952256494381,0.17156038166446383,-0.028536711775108012,emitted,tier2,11.0,1.0,False,False,-1.0,-1.0,1.0,1.0,1.0,1.0,,,
400,2006-05-01,0.0007710553897262162,1,True,24,15,1.0,39.0,1.0,0.3005687481078884,True,M2_Money:Z6,<,0.5,0.3005687481078884,-0.9938487431159081,-0.6773634124168645,emitted,tier4,11.0,0.36363636363636365,True,False,-1.0,1.0,0.6363636363636364,0.36363636363636365,0.0,1.0,,,
401,2006-06-01,0.007077509908513857,1,True,24,15,1.0,39.0,1.0,0.3005687481078884,True,M2_Money:Z6,<,0.5,0.3005687481078884,-0.9938487431159081,-0.6347301809552202,emitted,tier4,11.0,0.36363636363636365,True,False,-1.0,1.0,0.6363636363636364,0.36363636363636365,0.0,1.0,,,
402,2006-07-01,0.0053011052373936884,1,True,25,21,-1.0,35.0,2.0,0.24891718683193195,True,Fed_Funds_Rate:Z6_vel,<,0.875,0.24891718683193195,0.1873733575640232,0.16566638774164233,emitted,tier2,14.0,1.0,False,False,-1.0,-1.0,1.0,1.0,0.0,0.0,,,
403,2006-08-01,0.0015727700105585551,1,True,25,20,-1.0,35.0,2.0,0.2919076990808724,True,Fed_Funds_Rate:Z6_vel,<,0.8666666666666667,0.2919076990808724,0.1915208976096451,-0.47397701773632517,emitted,tier2,13.0,1.0,False,False,-1.0,-1.0,1.0,1.0,0.0,0.0,,,
404,2006-09-01,-0.011365261605685406,-1,True,13,72,-1.0,55.0,1.0,0.3571843166031332,True,Platinum_Futures_Close:Z6_vel,<,0.7142857142857144,0.3571843166031332,-0.5520463910618306,,abstain,,,,,,,,,,,,,candidate-missing,
405,2006-10-01,-0.0028641411002414685,-1,True,13,72,-1.0,55.0,1.0,0.3571843166031332,True,Platinum_Futures_Close:Z6_vel,<,0.7142857142857144,0.3571843166031332,-0.5520463910618306,-0.09723209716197181,emitted,tier4,11.0,0.18181818181818182,True,True,1.0,1.0,0.8181818181818181,0.8181818181818181,0.0,0.0,,,
406,2006-11-01,0.007567771176429039,1,True,0,24,1.0,49.0,3.0,0.4544315963320861,True,Industrial_Production:Z3,>,0.8333333333333335,0.4544315963320861,-0.21012932112402505,-1.445938295206643,emitted,tier4,10.0,0.0,True,True,-1.0,-1.0,1.0,1.0,0.0,0.0,,,
407,2006-12-01,0.017192741784622934,1,True,12,104,-1.0,55.0,0.0,0.12878403516649548,True,,,,,,,abstain,,,,,,,,,,,,,gate-fail-r2,
408,2007-01-01,-0.010586412141245338,-1,True,12,104,-1.0,55.0,0.0,0.12878403516649548,True,,,,,,,abstain,,,,,,,,,,,,,gate-fail-r2,
409,2007-02-01,-0.038373958871952496,-1,True,12,104,-1.0,55.0,0.0,0.12878403516649548,True,,,,,,,abstain,,,,,,,,,,,,,gate-fail-r2,
410,2007-03-01,-0.03294974719114896,-1,True,12,102,-1.0,55.0,0.0,0.1400654752285366,True,,,,,,,abstain,,,,,,,,,,,,,gate-fail-r2,
411,2007-04-01,-0.030829175858994362,-1,True,21,3,,,,,,,,,,,,abstain,,,,,,,,,,,,,type-train<floor8,
412,2007-05-01,-0.020600794445194692,-1,True,12,103,-1.0,55.0,0.0,0.14099232657889535,True,,,,,,,abstain,,,,,,,,,,,,,gate-fail-r2,
413,2007-06-01,-0.017445081589987255,-1,True,13,78,-1.0,55.0,2.0,0.3610181336890333,True,Platinum_Futures_Close:Z6_vel,<,0.6499999999999999,0.3610181336890333,-0.13055011999263383,,abstain,,,,,,,,,,,,,candidate-missing,
414,2007-07-01,-0.04673206921392814,-1,True,13,78,-1.0,55.0,2.0,0.3610181336890333,True,Platinum_Futures_Close:Z6_vel,<,0.6499999999999999,0.3610181336890333,-0.13055011999263383,0.13113183353185348,emitted,tier4,11.0,0.18181818181818182,True,True,1.0,1.0,0.8181818181818181,0.8181818181818181,0.0,0.0,,,
415,2007-08-01,-0.06170401969249806,-1,True,13,79,-1.0,55.0,2.0,0.3610181336890333,True,Platinum_Futures_Close:Z6_vel,<,0.6499999999999999,0.3610181336890333,-0.13055011999263383,-0.6752099763489379,abstain,tier2,7.0,,,,,,,,,,,leaf<floor8,
416,2007-09-01,-0.056521217391977685,-1,True,13,80,-1.0,55.0,2.0,0.3610181336890333,True,Platinum_Futures_Close:Z6_vel,<,0.6499999999999999,0.3610181336890333,-0.13055011999263386,-0.6962137393811497,abstain,tier2,7.0,,,,,,,,,,,leaf<floor8,
417,2007-10-01,-0.015057778756156215,-1,True,22,1,,,,,,,,,,,,abstain,,,,,,,,,,,,,type-train<floor8,
418,2007-11-01,-0.0068992324724058696,-1,True,25,19,-1.0,40.0,4.0,0.33348591314348497,True,Term_Spread_10Y_2Y:Z12,<,0.657142857142857,0.33348591314348497,-0.32595089584410514,1.913203365841722,emitted,tier4,8.0,0.25,True,False,1.0,-1.0,0.75,0.25,0.0,1.0,,,
419,2007-12-01,-0.0293532385937032,-1,True,25,19,-1.0,40.0,4.0,0.33348591314348497,True,Term_Spread_10Y_2Y:Z12,<,0.657142857142857,0.33348591314348497,-0.32595089584410514,2.5939873997362124,emitted,tier4,8.0,0.25,True,False,1.0,-1.0,0.75,0.25,0.0,1.0,,,
420,2008-01-01,-0.03390394110488293,-1,True,25,19,-1.0,40.0,4.0,0.33348591314348497,True,Term_Spread_10Y_2Y:Z12,<,0.657142857142857,0.33348591314348497,-0.32595089584410514,2.713124605667748,emitted,tier4,8.0,0.25,True,False,1.0,-1.0,0.75,0.25,0.0,1.0,,,
421,2008-02-01,-0.013939966446712249,-1,True,25,20,-1.0,40.0,2.0,0.3628123491178822,True,Term_Spread_10Y_3M:Z6_acc,<,0.4821428571428572,0.3628123491178822,-0.39343510306488116,1.8008375638870406,emitted,tier4,9.0,0.3333333333333333,True,False,1.0,-1.0,0.6666666666666667,0.3333333333333333,0.0,1.0,,,
422,2008-03-01,-0.002892633014622281,-1,True,25,21,-1.0,40.0,3.0,0.3486338233347089,True,Fed_Funds_Rate:Z6_vel,<,0.7142857142857142,0.2086120574321062,0.15317741953534406,-0.8338354601212037,emitted,tier2,13.0,0.9230769230769231,False,False,-1.0,-1.0,0.9230769230769231,0.9230769230769231,1.0,1.0,,,
423,2008-04-01,-0.0005162921197742198,-1,True,25,22,-1.0,40.0,3.0,0.33835273504694946,True,Fed_Funds_Rate:Z6_vel,<,0.7238095238095239,0.22223872322895305,0.19412438841036178,-0.4510399863488587,emitted,tier2,14.0,0.9285714285714286,False,False,-1.0,-1.0,0.9285714285714286,0.9285714285714286,1.0,1.0,,,
424,2008-05-01,0.0052331860579282186,1,True,13,82,-1.0,55.0,2.0,0.3596713445687171,True,Natural_Gas_Close:Z12,<,0.6503496503496504,0.2892420498808569,0.20852652899360236,0.032363761489712775,emitted,tier2,15.0,0.8,False,False,-1.0,-1.0,0.8,0.8,0.0,0.0,,,
425,2008-06-01,0.06073640524473589,1,True,22,2,,,,,,,,,,,,abstain,,,,,,,,,,,,,type-train<floor8,
426,2008-07-01,0.0770477111222454,1,True,13,81,-1.0,55.0,2.0,0.28666899717056876,True,Natural_Gas_Close:Z12,<,0.6558441558441559,0.28666899717056876,0.2235885360580729,1.2361163535514657,emitted,tier4,9.0,0.1111111111111111,True,True,1.0,1.0,0.8888888888888888,0.8888888888888888,1.0,1.0,,,
427,2008-08-01,0.14873144397577165,1,True,13,82,-1.0,55.0,2.0,0.2928159581087408,True,Natural_Gas_Close:Z3,<,0.6190476190476191,0.2928159581087408,-0.18816968560673936,-0.6663256493197761,emitted,tier2,13.0,0.8461538461538461,False,False,-1.0,-1.0,0.8461538461538461,0.8461538461538461,0.0,0.0,,,
428,2008-09-01,0.11347701964796442,1,True,2,31,1.0,20.0,0.0,0.17033804754657622,True,,,,,,,abstain,,,,,,,,,,,,,gate-fail-r2,
429,2008-10-01,0.038583405623710876,1,True,13,81,-1.0,55.0,2.0,0.3883453677650615,True,Natural_Gas_Close:Z3,<,0.7023809523809523,0.3883453677650615,-0.2570271767387634,-1.709569520060546,emitted,tier2,12.0,0.9166666666666666,False,False,-1.0,-1.0,0.9166666666666666,0.9166666666666666,0.0,0.0,,,
430,2008-11-01,0.008921695571583621,1,True,1,62,1.0,45.0,0.0,0.13244753231957396,True,,,,,,,abstain,,,,,,,,,,,,,gate-fail-r2,
431,2008-12-01,0.02799558770395505,1,True,0,25,1.0,49.0,3.0,0.4152002278198734,True,Industrial_Production:Z3,>,0.7564102564102564,0.4152002278198734,-0.2058237076887166,-7.625014609970005,emitted,tier4,11.0,0.09090909090909091,True,True,-1.0,-1.0,0.9090909090909091,0.9090909090909091,0.0,0.0,,,
432,2009-01-01,0.052173309613031016,1,True,9,3,,,,,,,,,,,,abstain,,,,,,,,,,,,,type-train<floor8,
433,2009-02-01,-0.019645589614492254,-1,True,12,106,-1.0,55.0,0.0,0.11231952801345349,True,,,,,,,abstain,,,,,,,,,,,,,gate-fail-r2,
434,2009-03-01,-0.1172027568356443,-1,True,24,17,1.0,39.0,1.0,0.332176122200818,True,M2_Money:Z6,<,0.6000000000000001,0.332176122200818,-0.5151654141046279,1.771576588196719,emitted,tier4,11.0,0.36363636363636365,True,False,-1.0,1.0,0.6363636363636364,0.36363636363636365,1.0,0.0,,,
435,2009-04-01,-0.07683941284606088,-1,True,12,104,-1.0,55.0,0.0,0.11231952801345349,True,,,,,,,abstain,,,,,,,,,,,,,gate-fail-r2,
436,2009-05-01,-0.08598294733765521,-1,True,24,17,1.0,39.0,1.0,0.332176122200818,True,M2_Money:Z6,<,0.6000000000000001,0.332176122200818,-0.5151654141046279,1.8701469021210906,emitted,tier4,11.0,0.36363636363636365,True,False,-1.0,1.0,0.6363636363636364,0.36363636363636365,1.0,0.0,,,
437,2009-06-01,-0.0025390882484773725,-1,True,24,18,1.0,40.0,1.0,0.37995103506348654,True,M2_Money:Z3,<,0.675,0.24486799904896786,0.34624911023588717,-0.39063634595882385,emitted,tier2,9.0,0.8888888888888888,False,False,1.0,1.0,0.8888888888888888,0.8888888888888888,0.0,0.0,,,
438,2009-07-01,-0.03856370714548296,-1,True,12,96,-1.0,55.0,0.0,0.07750404657903347,True,,,,,,,abstain,,,,,,,,,,,,,gate-fail-r2,
439,2009-08-01,-0.01710903753266546,-1,True,13,97,-1.0,55.0,1.0,0.25797097095346805,True,Platinum_Futures_Close:Z6_vel,<,0.5714285714285716,0.25797097095346805,-0.29456495976141184,,abstain,,,,,,,,,,,,WTI_Crude_Close:Z6_vel,candidate-missing,
440,2009-09-01,-0.057111023586663756,-1,True,12,87,-1.0,55.0,0.0,0.11434764489586285,True,,,,,,,abstain,,,,,,,,,,,,,gate-fail-r2,
441,2009-10-01,-0.005442103343218596,-1,True,12,88,-1.0,55.0,0.0,0.13250473276825095,True,,,,,,,abstain,,,,,,,,,,,,,gate-fail-r2,
442,2009-11-01,0.027701417946253803,1,True,25,25,-1.0,45.0,2.0,0.25450293682578357,True,VIX_Close:Z6_acc,>,0.709090909090909,0.25450293682578357,-0.7310477208727489,0.42752612186632966,emitted,tier2,11.0,0.9090909090909091,False,False,-1.0,-1.0,0.9090909090909091,0.9090909090909091,0.0,0.0,,,
443,2009-12-01,0.06045531067292953,1,True,25,26,-1.0,45.0,2.0,0.25450293682578357,True,VIX_Close:Z6_acc,>,0.709090909090909,0.25450293682578357,-0.731047720872749,-0.4620954878551119,emitted,tier2,11.0,0.9090909090909091,False,False,-1.0,-1.0,0.9090909090909091,0.9090909090909091,0.0,0.0,,,
444,2010-01-01,0.021266710771375097,1,True,25,26,-1.0,45.0,2.0,0.25450293682578357,True,VIX_Close:Z6_acc,>,0.709090909090909,0.25450293682578357,-0.731047720872749,0.6532508579804275,emitted,tier2,11.0,0.9090909090909091,False,False,-1.0,-1.0,0.9090909090909091,0.9090909090909091,0.0,0.0,,,
445,2010-02-01,0.015457239537333578,1,True,24,19,-1.0,51.0,2.0,0.4107970450388861,True,M2_Money:Z6,>,0.6000000000000001,0.4107970450388861,0.6418489573878468,-2.08131189061403,emitted,tier4,13.0,0.3076923076923077,True,False,1.0,-1.0,0.6923076923076923,0.3076923076923077,1.0,0.0,,,
446,2010-03-01,0.04947047844638419,1,True,24,19,-1.0,51.0,2.0,0.4107970450388861,True,M2_Money:Z6,>,0.6000000000000001,0.4107970450388861,0.6418489573878468,-2.3850164083195855,emitted,tier4,13.0,0.3076923076923077,True,False,1.0,-1.0,0.6923076923076923,0.3076923076923077,1.0,0.0,,,
447,2010-04-01,0.04083098557826603,1,True,21,3,,,,,,,,,,,,abstain,,,,,,,,,,,,,type-train<floor8,
448,2010-05-01,-0.0178495409575381,-1,True,21,3,,,,,,,,,,,,abstain,,,,,,,,,,,,,type-train<floor8,
449,2010-06-01,-0.04047947120628537,-1,True,12,86,-1.0,55.0,0.0,0.16378087766792732,True,,,,,,,abstain,,,,,,,,,,,,,gate-fail-r2,
450,2010-07-01,-0.06753161111238903,-1,True,12,86,-1.0,55.0,0.0,0.16378087766792732,True,,,,,,,abstain,,,,,,,,,,,,,gate-fail-r2,
451,2010-08-01,-0.03896453768287966,-1,True,12,83,-1.0,55.0,1.0,0.21959045071164404,True,Platinum_Futures_Close:Z6,>,0.6031746031746033,0.21959045071164404,0.20254649954831871,-0.02301768050218376,emitted,tier4,12.0,0.5,False,False,-1.0,-1.0,0.5,0.5,1.0,1.0,M2_Money:Z12,,
452,2010-09-01,-0.023670976964344503,-1,True,21,5,,,,,,,,,,,,abstain,,,,,,,,,,,,,type-train<floor8,
453,2010-10-01,-0.0038978339884545576,-1,True,24,20,1.0,52.0,3.0,0.43387370276819315,True,WTI_Crude_Close:Z12,>,0.7321428571428572,0.32092162631632154,-0.24671882951030408,0.15364117762078602,emitted,tier2,8.0,0.875,False,False,1.0,1.0,0.875,0.875,0.0,0.0,,,
454,2010-11-01,-0.006380846912408367,-1,True,24,20,1.0,52.0,3.0,0.43387370276819315,True,WTI_Crude_Close:Z12,>,0.7321428571428572,0.32092162631632154,-0.24671882951030408,-0.03862701557346642,emitted,tier2,8.0,0.875,False,False,1.0,1.0,0.875,0.875,0.0,0.0,,,
455,2010-12-01,-0.04384191151756023,-1,True,21,6,,,,,,,,,,,,abstain,,,,,,,,,,,,,type-train<floor8,
456,2011-01-01,-0.031204251009917527,-1,True,24,21,-1.0,53.0,4.0,0.3398210594706124,True,WTI_Crude_Close:Z12,<,0.625,0.28834429770470166,-0.2267334537376818,0.08541584063305693,emitted,tier4,9.0,0.2222222222222222,True,False,1.0,-1.0,0.7777777777777778,0.2222222222222222,0.0,1.0,,,
457,2011-02-01,-0.05008268202615651,-1,True,22,3,,,,,,,,,,,,abstain,,,,,,,,,,,,,type-train<floor8,
458,2011-03-01,-0.025391709799388984,-1,True,25,29,-1.0,52.0,3.0,0.39139740668566,True,VIX_Close:Z12,>,0.6931818181818183,0.39139740668566,-0.5003497429491127,-0.10154407511837871,emitted,tier2,10.0,0.9,False,False,-1.0,-1.0,0.9,0.9,1.0,1.0,,,
459,2011-04-01,-0.018658936846784546,-1,True,13,107,-1.0,55.0,1.0,0.2430591912509563,True,Platinum_Futures_Close:Z6_vel,<,0.5735294117647058,0.2430591912509563,0.08082095147533366,-1.9846291304422565,emitted,tier2,15.0,0.8,False,False,-1.0,-1.0,0.8,0.8,1.0,1.0,GS10_Rate:Z3,,
460,2011-05-01,0.010933091421287289,1,True,25,29,-1.0,52.0,3.0,0.39139740668566,True,VIX_Close:Z12,>,0.6931818181818183,0.39139740668566,-0.5003497429491127,-0.6257539883278703,emitted,tier4,9.0,0.2222222222222222,True,False,1.0,-1.0,0.7777777777777778,0.2222222222222222,1.0,0.0,,,
461,2011-06-01,-0.003807427007483488,-1,True,13,106,-1.0,55.0,1.0,0.2430591912509563,True,Platinum_Futures_Close:Z6_vel,<,0.5735294117647058,0.2430591912509563,0.08082095147533366,0.0070639193040636615,emitted,tier2,15.0,0.8,False,False,-1.0,-1.0,0.8,0.8,1.0,1.0,GS10_Rate:Z3,,
462,2011-07-01,0.06177068634899974,1,True,13,107,-1.0,55.0,1.0,0.2659267885558456,True,Platinum_Futures_Close:Z6_vel,<,0.5882352941176472,0.2659267885558456,-0.517234219358515,-1.6747697371017858,emitted,tier2,12.0,0.9166666666666666,False,False,-1.0,-1.0,0.9166666666666666,0.9166666666666666,0.0,0.0,WTI_Crude_Close:Z12,,
463,2011-08-01,0.04525483112338602,1,True,25,31,-1.0,53.0,3.0,0.38361530715166015,True,VIX_Close:Z12,>,0.7222222222222223,0.38361530715166015,-0.48546884517638556,-0.09868124765030468,emitted,tier2,11.0,0.9090909090909091,False,False,-1.0,-1.0,0.9090909090909091,0.9090909090909091,0.0,0.0,,,
464,2011-09-01,0.0469847062912756,1,True,25,31,-1.0,53.0,3.0,0.38361530715166015,True,VIX_Close:Z12,>,0.7222222222222223,0.38361530715166015,-0.48546884517638556,0.3705166169892885,emitted,tier2,11.0,0.9090909090909091,False,False,-1.0,-1.0,0.9090909090909091,0.9090909090909091,0.0,0.0,,,
465,2011-10-01,-0.0062890424271832,-1,True,25,31,-1.0,53.0,3.0,0.38361530715166015,True,VIX_Close:Z12,>,0.7222222222222223,0.38361530715166015,-0.48546884517638556,1.6268285795427764,emitted,tier2,11.0,0.9090909090909091,False,False,-1.0,-1.0,0.9090909090909091,0.9090909090909091,1.0,1.0,,,
466,2011-11-01,0.0037944089863626296,1,True,13,106,-1.0,55.0,0.0,0.18865359287250058,True,,,,,,,abstain,,,,,,,,,,,,,gate-fail-r2,
467,2011-12-01,-0.0005851253662220168,-1,True,21,7,,,,,,,,,,,,abstain,,,,,,,,,,,,,type-train<floor8,
468,2012-01-01,-0.004398917484976894,-1,True,12,78,-1.0,55.0,1.0,0.23847342808750205,True,Platinum_Futures_Close:Z6,>,0.5695187165775402,0.23847342808750205,-0.3167430496712335,-1.4420259802890822,emitted,tier3,13.0,0.07692307692307693,True,True,1.0,1.0,0.9230769230769231,0.9230769230769231,0.0,0.0,GS10_Rate:Z6_vel,,US_2Y_Treasury:Z12
469,2012-02-01,0.0022885547312510024,1,True,12,78,-1.0,55.0,1.0,0.23847342808750205,True,Platinum_Futures_Close:Z6,>,0.5695187165775402,0.23847342808750205,-0.3167430496712335,-0.9296842565308887,emitted,tier3,13.0,0.07692307692307693,True,True,1.0,1.0,0.9230769230769231,0.9230769230769231,1.0,1.0,GS10_Rate:Z6_vel,,US_2Y_Treasury:Z12
470,2012-03-01,0.0465523135672159,1,True,0,23,1.0,51.0,4.0,0.25551671399514725,True,M2_Money:Z6_vel,>,0.5892857142857144,0.25551671399514725,-0.31413033699391635,-4.102873780000697,abstain,tier4,7.0,,,,,,,,,,,leaf<floor8,
471,2012-04-01,0.02927520817374729,1,True,12,77,-1.0,55.0,0.0,0.1944651262526291,True,,,,,,,abstain,,,,,,,,,,,,,gate-fail-r2,
472,2012-05-01,0.03428866204653236,1,True,12,77,-1.0,55.0,1.0,0.20631447110223172,True,Platinum_Futures_Close:Z6,>,0.5483091787439613,0.20631447110223172,-0.25034036199767706,-0.2249726957566666,emitted,tier2,11.0,0.6363636363636364,False,False,-1.0,-1.0,0.6363636363636364,0.6363636363636364,0.0,0.0,WTI_Crude_Close:Z3,,US_2Y_Treasury:Z12
473,2012-06-01,-0.02445998256920401,-1,True,0,24,1.0,52.0,3.0,0.22842297799409195,True,Term_Spread_10Y_2Y:Z3,<,0.5630252100840336,0.21205690736788968,0.09993527287436302,-3.4099698261039917,emitted,tier2,13.0,0.9230769230769231,False,False,1.0,1.0,0.9230769230769231,0.9230769230769231,0.0,0.0,,,
474,2012-07-01,-0.026782762336280408,-1,True,12,77,-1.0,55.0,0.0,0.18841550121309575,True,,,,,,,abstain,,,,,,,,,,,,,gate-fail-r2,
475,2012-08-01,-0.020295242425052873,-1,True,0,24,1.0,52.0,3.0,0.22842297799409195,True,Term_Spread_10Y_2Y:Z3,<,0.5630252100840336,0.21205690736788968,0.09993527287436302,-2.516365358480743,emitted,tier2,13.0,0.9230769230769231,False,False,1.0,1.0,0.9230769230769231,0.9230769230769231,0.0,0.0,,,
476,2012-09-01,-0.00762026902084767,-1,True,12,78,-1.0,55.0,0.0,0.18819172477965457,True,,,,,,,abstain,,,,,,,,,,,,,gate-fail-r2,
477,2012-10-01,0.009162728518064212,1,True,12,79,-1.0,55.0,0.0,0.1837614143396848,True,,,,,,,abstain,,,,,,,,,,,,,gate-fail-r2,
478,2012-11-01,0.0021632850267920833,1,True,12,79,-1.0,55.0,0.0,0.1837614143396848,True,,,,,,,abstain,,,,,,,,,,,,,gate-fail-r2,
479,2012-12-01,0.0407189996953623,1,True,12,80,-1.0,55.0,0.0,0.1655516442300111,True,,,,,,,abstain,,,,,,,,,,,,,gate-fail-r2,
480,2013-01-01,0.037165854841919144,1,True,12,81,-1.0,55.0,0.0,0.16169201690727378,True,,,,,,,abstain,,,,,,,,,,,,,gate-fail-r2,
481,2013-02-01,0.028097408708276594,1,True,12,81,-1.0,55.0,0.0,0.16054435858090174,True,,,,,,,abstain,,,,,,,,,,,,,gate-fail-r2,
482,2013-03-01,0.006208783131011808,1,True,1,75,1.0,52.0,0.0,0.19409616462386833,True,,,,,,,abstain,,,,,,,,,,,,,gate-fail-r2,
483,2013-04-01,0.017549092782204623,1,True,0,26,1.0,52.0,0.0,0.1311651557942466,True,,,,,,,abstain,,,,,,,,,,,,,gate-fail-r2,
484,2013-05-01,0.016950634390341612,1,True,0,25,1.0,52.0,0.0,0.12499687843980961,True,,,,,,,abstain,,,,,,,,,,,,,gate-fail-r2,
485,2013-06-01,0.0062930987249429915,1,True,0,25,1.0,52.0,0.0,0.12499687843980961,True,,,,,,,abstain,,,,,,,,,,,,,gate-fail-r2,
486,2013-07-01,-0.028239985639809784,-1,True,0,26,1.0,54.0,0.0,0.11732292490310908,True,,,,,,,abstain,,,,,,,,,,,,,gate-fail-r2,
487,2013-08-01,-0.01242031330191462,-1,True,0,27,1.0,55.0,0.0,0.1094153413267188,True,,,,,,,abstain,,,,,,,,,,,,,gate-fail-r2,
488,2013-09-01,-0.008457591479145155,-1,True,0,28,1.0,55.0,0.0,0.11191681374110994,True,,,,,,,abstain,,,,,,,,,,,,,gate-fail-r2,
489,2013-10-01,0.015634655379769935,1,True,0,27,1.0,55.0,0.0,0.15025655818880826,True,,,,,,,abstain,,,,,,,,,,,,,gate-fail-r2,
490,2013-11-01,0.020297853088864004,1,True,0,28,1.0,55.0,0.0,0.1733508757795081,True,,,,,,,abstain,,,,,,,,,,,,,gate-fail-r2,
491,2013-12-01,0.004763000520360716,1,True,0,29,1.0,55.0,1.0,0.20619510493040288,True,Term_Spread_10Y_3M:Z6,<,0.5490196078431371,0.20619510493040288,0.623001362786866,1.0695867402866213,emitted,tier4,10.0,0.2,True,False,-1.0,1.0,0.8,0.2,0.0,1.0,,,
492,2014-01-01,0.002026797163269034,1,True,12,81,-1.0,55.0,0.0,0.11327205729882182,True,,,,,,,abstain,,,,,,,,,,,,,gate-fail-r2,
493,2014-02-01,-0.016410099955012414,-1,True,12,80,-1.0,55.0,0.0,0.10553519887613128,True,,,,,,,abstain,,,,,,,,,,,,,gate-fail-r2,
494,2014-03-01,-0.0023708615648466713,-1,True,9,2,,,,,,,,,,,,abstain,,,,,,,,,,,,,type-train<floor8,
495,2014-04-01,-0.011749666039443274,-1,True,12,80,-1.0,55.0,0.0,0.10398452837376981,True,,,,,,,abstain,,,,,,,,,,,,,gate-fail-r2,
496,2014-05-01,0.013730623746474269,1,True,12,81,-1.0,55.0,0.0,0.0954678682196747,True,,,,,,,abstain,,,,,,,,,,,,,gate-fail-r2,
497,2014-06-01,0.022058890664231834,1,True,12,81,-1.0,55.0,0.0,0.0954678682196747,True,,,,,,,abstain,,,,,,,,,,,,,gate-fail-r2,
498,2014-07-01,0.07018529064720247,1,True,12,82,-1.0,55.0,0.0,0.0946814771575812,True,,,,,,,abstain,,,,,,,,,,,,,gate-fail-r2,
499,2014-08-01,0.06714239965979574,1,True,12,83,-1.0,55.0,0.0,0.09615535826063124,True,,,,,,,abstain,,,,,,,,,,,,,gate-fail-r2,
500,2014-09-01,0.05843639570334891,1,True,0,31,1.0,55.0,0.0,0.1819561299517831,True,,,,,,,abstain,,,,,,,,,,,,,gate-fail-r2,
501,2014-10-01,0.05883115536195804,1,True,0,31,1.0,55.0,0.0,0.1819561299517831,True,,,,,,,abstain,,,,,,,,,,,,,gate-fail-r2,
502,2014-11-01,0.08372251812685882,1,True,0,31,1.0,55.0,0.0,0.1819561299517831,True,,,,,,,abstain,,,,,,,,,,,,,gate-fail-r2,
503,2014-12-01,0.0834276812595478,1,True,12,86,-1.0,55.0,0.0,0.07877142434246176,True,,,,,,,abstain,,,,,,,,,,,,,gate-fail-r2,
504,2015-01-01,0.07031905006780725,1,True,0,33,1.0,55.0,0.0,0.18660901831395793,True,,,,,,,abstain,,,,,,,,,,,,,gate-fail-r2,
505,2015-02-01,-0.00016928270098959253,-1,True,12,85,-1.0,55.0,0.0,0.0636314265200007,True,,,,,,,abstain,,,,,,,,,,,,,gate-fail-r2,
506,2015-03-01,0.0175434301167412,1,True,9,2,,,,,,,,,,,,abstain,,,,,,,,,,,,,type-train<floor8,
507,2015-04-01,-0.014675104942797557,-1,True,12,84,-1.0,55.0,0.0,0.05876833737661875,True,,,,,,,abstain,,,,,,,,,,,,,gate-fail-r2,
508,2015-05-01,0.035979225159444406,1,True,12,84,-1.0,55.0,0.0,0.060259528945135095,True,,,,,,,abstain,,,,,,,,,,,,,gate-fail-r2,
509,2015-06-01,-0.0026095496831574083,-1,True,12,81,-1.0,55.0,0.0,0.06678311041430943,True,,,,,,,abstain,,,,,,,,,,,,,gate-fail-r2,
510,2015-07-01,0.012828238488916899,1,True,12,82,-1.0,55.0,0.0,0.06371532897491357,True,,,,,,,abstain,,,,,,,,,,,,,gate-fail-r2,
511,2015-08-01,-0.005214646901949949,-1,True,0,35,1.0,55.0,0.0,0.196264609395325,True,,,,,,,abstain,,,,,,,,,,,,,gate-fail-r2,
512,2015-09-01,0.03562703136582335,1,True,1,75,1.0,46.0,0.0,0.10979862992244317,True,,,,,,,abstain,,,,,,,,,,,,,gate-fail-r2,
513,2015-10-01,0.03346022381778435,1,True,0,35,1.0,55.0,0.0,0.196264609395325,True,,,,,,,abstain,,,,,,,,,,,,,gate-fail-r2,
514,2015-11-01,0.03282385939563803,1,True,12,81,-1.0,55.0,0.0,0.06396439772164039,True,,,,,,,abstain,,,,,,,,,,,,,gate-fail-r2,
515,2015-12-01,-0.013238560921945086,-1,True,0,36,1.0,55.0,0.0,0.18540357673064087,True,,,,,,,abstain,,,,,,,,,,,,,gate-fail-r2,
516,2016-01-01,-0.04995124981117893,-1,True,0,37,1.0,55.0,0.0,0.19369625038321453,True,,,,,,,abstain,,,,,,,,,,,,,gate-fail-r2,
517,2016-02-01,-0.07697145331180144,-1,True,12,80,-1.0,55.0,0.0,0.06607783211552719,True,,,,,,,abstain,,,,,,,,,,,,,gate-fail-r2,
518,2016-03-01,-0.02760171041971815,-1,True,12,80,-1.0,55.0,0.0,0.06607783211552719,True,,,,,,,abstain,,,,,,,,,,,,,gate-fail-r2,
519,2016-04-01,-0.0005070181992848921,-1,True,21,9,-1.0,0.0,0.0,0.0,True,,,,,,,abstain,,,,,,,,,,,,,degenerate-screen,
520,2016-05-01,0.028783899915432176,1,True,24,21,-1.0,55.0,0.0,0.19071006721790573,True,,,,,,,abstain,,,,,,,,,,,,,gate-fail-r2,
521,2016-06-01,-0.00399465025843837,-1,True,24,20,-1.0,55.0,2.0,0.27194708706937265,True,Natural_Gas_Close:Z12,<,0.746031746031746,0.25151057325430487,0.03213401557460747,0.012982097908751971,emitted,tier2,9.0,0.8888888888888888,False,False,-1.0,-1.0,0.8888888888888888,0.8888888888888888,1.0,1.0,,,
522,2016-07-01,0.0037834290036933282,1,True,24,20,-1.0,55.0,2.0,0.27194708706937265,True,Natural_Gas_Close:Z12,<,0.746031746031746,0.25151057325430487,0.03213401557460747,0.44671871464949015,abstain,tier4,7.0,,,,,,,,,,,leaf<floor8,
523,2016-08-01,0.021750754348597745,1,True,24,20,-1.0,55.0,2.0,0.21156692483987705,True,Natural_Gas_Close:Z12,<,0.6031746031746033,0.20290243011668344,0.05394123939478564,0.3299430244818771,abstain,tier4,6.0,,,,,,,,,,,leaf<floor8,
524,2016-09-01,0.049454238459901934,1,True,12,80,-1.0,55.0,0.0,0.05190703788930835,True,,,,,,,abstain,,,,,,,,,,,,,gate-fail-r2,
525,2016-10-01,0.06910622716306047,1,True,13,134,-1.0,55.0,1.0,0.20062091422709324,True,Platinum_Futures_Close:Z6_vel,<,0.5642857142857143,0.20062091422709324,0.31152541142471496,-0.7408277767456832,emitted,tier1,16.0,0.9375,False,False,-1.0,-1.0,0.9375,0.9375,0.0,0.0,GS10_Rate:Z3,,GS10_Rate:Z6
526,2016-11-01,0.014397745174784982,1,True,13,134,-1.0,55.0,1.0,0.20062091422709324,True,Platinum_Futures_Close:Z6_vel,<,0.5642857142857143,0.20062091422709324,0.31152541142471496,-1.7787455567639996,emitted,tier1,16.0,0.9375,False,False,-1.0,-1.0,0.9375,0.9375,0.0,0.0,GS10_Rate:Z3,,GS10_Rate:Z6
527,2016-12-01,0.0023647924630685324,1,True,12,83,-1.0,55.0,0.0,0.04708069539693287,True,,,,,,,abstain,,,,,,,,,,,,,gate-fail-r2,
528,2017-01-01,-0.02297556591480876,-1,True,0,36,1.0,55.0,1.0,0.20862839120577537,True,GS10_Rate:Z3,<,0.39610389610389607,0.20862839120577537,-0.03508829449472842,1.5518595701532,abstain,tier3,7.0,,,,,,,,,,Industrial_Production:Z3,leaf<floor8,
529,2017-02-01,0.002510949280108976,1,True,0,36,1.0,55.0,1.0,0.20862839120577537,True,GS10_Rate:Z3,<,0.39610389610389607,0.20862839120577537,-0.03508829449472842,0.6810318976931304,abstain,tier3,7.0,,,,,,,,,,Industrial_Production:Z3,leaf<floor8,
530,2017-03-01,-0.02901305887817296,-1,True,1,77,1.0,52.0,0.0,0.09952136234007974,True,,,,,,,abstain,,,,,,,,,,,,,gate-fail-r2,
531,2017-04-01,-0.03618623828000256,-1,True,1,77,1.0,52.0,0.0,0.09952136234007974,True,,,,,,,abstain,,,,,,,,,,,,,gate-fail-r2,
532,2017-05-01,-0.06076950506804013,-1,True,12,81,-1.0,55.0,0.0,0.051334097404018814,True,,,,,,,abstain,,,,,,,,,,,,,gate-fail-r2,
533,2017-06-01,-0.051108445182998063,-1,True,12,81,-1.0,55.0,0.0,0.051334097404018814,True,,,,,,,abstain,,,,,,,,,,,,,gate-fail-r2,
534,2017-07-01,-0.02690424005979697,-1,True,12,81,-1.0,55.0,0.0,0.051334097404018814,True,,,,,,,abstain,,,,,,,,,,,,,gate-fail-r2,
535,2017-08-01,0.02203961652044817,1,True,12,82,-1.0,55.0,0.0,0.04684296870186092,True,,,,,,,abstain,,,,,,,,,,,,,gate-fail-r2,
536,2017-09-01,0.007982359477094247,1,True,12,82,-1.0,55.0,0.0,0.05399315905870919,True,,,,,,,abstain,,,,,,,,,,,,,gate-fail-r2,
537,2017-10-01,-0.012787807689653485,-1,True,12,83,-1.0,55.0,0.0,0.051535488184011304,True,,,,,,,abstain,,,,,,,,,,,,,gate-fail-r2,
538,2017-11-01,-0.05828568505087739,-1,True,12,84,-1.0,55.0,0.0,0.05297187052298212,True,,,,,,,abstain,,,,,,,,,,,,,gate-fail-r2,
539,2017-12-01,-0.01766412977283638,-1,True,12,84,-1.0,55.0,0.0,0.05237761045744251,True,,,,,,,abstain,,,,,,,,,,,,,gate-fail-r2,
540,2018-01-01,-0.009890415887920057,-1,True,13,138,-1.0,55.0,0.0,0.14199086561749477,True,,,,,,,abstain,,,,,,,,,,,,,gate-fail-r2,
541,2018-02-01,0.04071135928533365,1,True,13,138,-1.0,55.0,0.0,0.14199086561749477,True,,,,,,,abstain,,,,,,,,,,,,,gate-fail-r2,
542,2018-03-01,0.030526049657646936,1,True,13,138,-1.0,55.0,0.0,0.14199086561749477,True,,,,,,,abstain,,,,,,,,,,,,,gate-fail-r2,
543,2018-04-01,0.04647050109255213,1,True,13,139,-1.0,55.0,0.0,0.12467532612292383,True,,,,,,,abstain,,,,,,,,,,,,,gate-fail-r2,
544,2018-05-01,0.020172766764867456,1,True,13,139,-1.0,55.0,0.0,0.12866791378008338,True,,,,,,,abstain,,,,,,,,,,,,,gate-fail-r2,
545,2018-06-01,0.016258277292520162,1,True,13,141,-1.0,55.0,0.0,0.10330724040302285,True,,,,,,,abstain,,,,,,,,,,,,,gate-fail-r2,
546,2018-07-01,-0.002772665740601532,-1,True,1,77,1.0,55.0,0.0,0.12020482059124288,True,,,,,,,abstain,,,,,,,,,,,,,gate-fail-r2,
547,2018-08-01,0.01589496353580344,1,True,1,77,1.0,55.0,0.0,0.12020482059124288,True,,,,,,,abstain,,,,,,,,,,,,,gate-fail-r2,
548,2018-09-01,0.011242705304211231,1,True,0,38,1.0,55.0,1.0,0.21453015799535957,True,GS10_Rate:Z3,<,0.38550724637681144,0.21453015799535957,-0.10639605298244147,0.1961196221310779,abstain,tier3,7.0,,,,,,,,,,Industrial_Production:Z3,leaf<floor8,
549,2018-10-01,0.021575353480237425,1,True,0,38,1.0,55.0,1.0,0.21453015799535957,True,GS10_Rate:Z3,<,0.38550724637681144,0.21453015799535957,-0.10639605298244147,0.5720640609936194,emitted,tier4,12.0,0.6666666666666666,False,False,1.0,1.0,0.6666666666666666,0.6666666666666666,1.0,1.0,Industrial_Production:Z3,,
550,2018-11-01,-0.009030356319661648,-1,True,0,38,1.0,55.0,1.0,0.21453015799535957,True,GS10_Rate:Z3,<,0.38550724637681144,0.21453015799535957,-0.10639605298244147,0.5057209247237596,emitted,tier4,12.0,0.6666666666666666,False,False,1.0,1.0,0.6666666666666666,0.6666666666666666,0.0,0.0,Industrial_Production:Z3,,
551,2018-12-01,-0.0026826835556186257,-1,True,9,3,,,,,,,,,,,,abstain,,,,,,,,,,,,,type-train<floor8,
552,2019-01-01,3.691114510306903e-05,1,True,12,84,-1.0,55.0,0.0,0.07219187769302542,True,,,,,,,abstain,,,,,,,,,,,,,gate-fail-r2,
553,2019-02-01,0.019705946700905752,1,True,12,84,-1.0,55.0,0.0,0.07219187769302542,True,,,,,,,abstain,,,,,,,,,,,,,gate-fail-r2,
554,2019-03-01,0.00996935197572646,1,True,12,84,-1.0,55.0,0.0,0.07219187769302542,True,,,,,,,abstain,,,,,,,,,,,,,gate-fail-r2,
555,2019-04-01,-0.008646659393268363,-1,True,12,85,-1.0,55.0,0.0,0.06806859329336767,True,,,,,,,abstain,,,,,,,,,,,,,gate-fail-r2,
556,2019-05-01,0.00431277361189375,1,True,12,86,-1.0,55.0,0.0,0.06493179812586033,True,,,,,,,abstain,,,,,,,,,,,,,gate-fail-r2,
557,2019-06-01,0.006511728578772136,1,True,12,87,-1.0,55.0,0.0,0.05956366421821024,True,,,,,,,abstain,,,,,,,,,,,,,gate-fail-r2,
558,2019-07-01,0.01988282961016208,1,True,12,88,-1.0,55.0,0.0,0.058463364363344955,True,,,,,,,abstain,,,,,,,,,,,,,gate-fail-r2,
559,2019-08-01,-0.011244901922703554,-1,True,12,89,-1.0,55.0,0.0,0.05894008170198604,True,,,,,,,abstain,,,,,,,,,,,,,gate-fail-r2,
560,2019-09-01,-0.006176065166949463,-1,True,25,41,-1.0,55.0,2.0,0.3451136979888448,True,VIX_Close:Z12,>,0.5,0.3451136979888448,-0.43032611421745254,0.673208645612011,emitted,tier2,8.0,0.5,False,False,-1.0,-1.0,0.5,0.5,1.0,1.0,,,Term_Spread_10Y_3M:Z6_vel
561,2019-10-01,0.0038490541348161766,1,True,24,25,-1.0,55.0,0.0,0.16395963175582473,True,,,,,,,abstain,,,,,,,,,,,,,gate-fail-r2,
562,2019-11-01,0.03037541973425162,1,True,24,25,-1.0,55.0,0.0,0.16395963175582473,True,,,,,,,abstain,,,,,,,,,,,,,gate-fail-r2,
563,2019-12-01,0.02770255651483189,1,True,12,92,-1.0,55.0,0.0,0.0609221471165746,True,,,,,,,abstain,,,,,,,,,,,,,gate-fail-r2,
564,2020-01-01,0.07670222527603943,1,True,12,91,-1.0,55.0,0.0,0.06054687737795935,True,,,,,,,abstain,,,,,,,,,,,,,gate-fail-r2,
565,2020-02-01,0.060559503673874415,1,True,13,141,-1.0,55.0,0.0,0.1113317404727936,True,,,,,,,abstain,,,,,,,,,,,,,gate-fail-r2,
566,2020-03-01,0.029569984522456405,1,True,13,141,-1.0,55.0,0.0,0.1113317404727936,True,,,,,,,abstain,,,,,,,,,,,,,gate-fail-r2,
567,2020-04-01,-0.029989506701897706,-1,True,13,141,-1.0,55.0,0.0,0.1113317404727936,True,,,,,,,abstain,,,,,,,,,,,,,gate-fail-r2,
568,2020-05-01,-0.043376652061077214,-1,True,24,26,1.0,55.0,0.0,0.1614508600261401,True,,,,,,,abstain,,,,,,,,,,,,,gate-fail-r2,
569,2020-06-01,-0.03907836293097322,-1,True,24,26,1.0,55.0,0.0,0.1614508600261401,True,,,,,,,abstain,,,,,,,,,,,,,gate-fail-r2,
570,2020-07-01,-0.027965336673306473,-1,True,24,26,1.0,55.0,0.0,0.1614508600261401,True,,,,,,,abstain,,,,,,,,,,,,,gate-fail-r2,
571,2020-08-01,-0.013337871814503854,-1,True,24,27,1.0,55.0,0.0,0.17031299388765553,True,,,,,,,abstain,,,,,,,,,,,,,gate-fail-r2,
572,2020-09-01,-0.023902665687162594,-1,True,24,27,-1.0,55.0,1.0,0.21989641732995305,True,Term_Spread_10Y_3M:Z3,>,0.5,0.21989641732995305,0.8166224093439393,-0.31690156741795406,emitted,tier4,20.0,0.35,True,False,1.0,-1.0,0.65,0.35,0.0,1.0,,,
573,2020-10-01,-0.04725044914142673,-1,True,24,28,-1.0,55.0,1.0,0.20060012495366691,True,Term_Spread_10Y_3M:Z3,>,0.4666666666666668,0.20060012495366691,0.8115152425900013,-0.3086706113766226,emitted,tier4,21.0,0.38095238095238093,True,False,1.0,-1.0,0.6190476190476191,0.38095238095238093,0.0,1.0,,,
574,2020-11-01,-0.0328400557141888,-1,True,21,7,,,,,,,,,,,,abstain,,,,,,,,,,,,,type-train<floor8,
575,2020-12-01,-0.002482130873896149,-1,True,13,143,-1.0,55.0,0.0,0.07750257338899022,True,,,,,,,abstain,,,,,,,,,,,,,gate-fail-r2,
576,2021-01-01,0.022762853224827406,1,True,13,142,1.0,55.0,0.0,0.07750257338899022,True,,,,,,,abstain,,,,,,,,,,,,,gate-fail-r2,
577,2021-02-01,-0.003681765254774594,-1,True,1,85,1.0,55.0,0.0,0.09365539950016996,True,,,,,,,abstain,,,,,,,,,,,,,gate-fail-r2,
578,2021-03-01,-0.01796646650605238,-1,True,1,86,1.0,55.0,0.0,0.10629984832836653,True,,,,,,,abstain,,,,,,,,,,,,,gate-fail-r2,
579,2021-04-01,-0.008782395468920456,-1,True,1,86,1.0,55.0,0.0,0.10629984832836653,True,,,,,,,abstain,,,,,,,,,,,,,gate-fail-r2,
580,2021-05-01,0.005929199589303824,1,True,1,86,1.0,55.0,0.0,0.08716974298138301,True,,,,,,,abstain,,,,,,,,,,,,,gate-fail-r2,
581,2021-06-01,0.02143440182580636,1,True,13,144,1.0,55.0,0.0,0.08130929433243149,True,,,,,,,abstain,,,,,,,,,,,,,gate-fail-r2,
582,2021-07-01,0.014544970729111428,1,True,2,42,1.0,30.0,0.0,0.14091566889168333,True,,,,,,,abstain,,,,,,,,,,,,,gate-fail-r2,
583,2021-08-01,0.013647042534288722,1,True,5,2,,,,,,,,,,,,abstain,,,,,,,,,,,,,type-train<floor8,
584,2021-09-01,0.026718477016687947,1,True,14,30,-1.0,30.0,1.0,0.2347841368437402,True,Industrial_Production:Z12,>,0.5087719298245612,0.23319983712081824,-0.487070927028944,0.322805815014948,emitted,tier2,19.0,0.8421052631578947,False,False,-1.0,-1.0,0.8421052631578947,0.8421052631578947,0.0,0.0,,,
585,2021-10-01,0.009007709403233921,1,True,14,30,-1.0,30.0,1.0,0.2347841368437402,True,Industrial_Production:Z12,>,0.5087719298245612,0.23319983712081824,-0.487070927028944,0.051095838964042656,emitted,tier2,19.0,0.8421052631578947,False,False,-1.0,-1.0,0.8421052631578947,0.8421052631578947,0.0,0.0,,,
586,2021-11-01,0.01017278320799031,1,True,14,30,-1.0,30.0,1.0,0.2347841368437402,True,Industrial_Production:Z12,>,0.5087719298245612,0.23319983712081824,-0.487070927028944,-0.2227974572511118,emitted,tier2,19.0,0.8421052631578947,False,False,-1.0,-1.0,0.8421052631578947,0.8421052631578947,0.0,0.0,,,
587,2021-12-01,-0.0008007662504636581,-1,True,2,42,1.0,30.0,0.0,0.15610475855003184,True,,,,,,,abstain,,,,,,,,,,,,,gate-fail-r2,
588,2022-01-01,0.0006177968825948899,1,True,14,32,-1.0,30.0,0.0,0.18869546963000478,True,,,,,,,abstain,,,,,,,,,,,,,gate-fail-r2,
589,2022-02-01,0.0391267980427934,1,True,14,33,-1.0,30.0,0.0,0.18967704179570807,True,,,,,,,abstain,,,,,,,,,,,,,gate-fail-r2,
590,2022-03-01,0.02503709102716667,1,True,14,33,-1.0,30.0,0.0,0.18967704179570807,True,,,,,,,abstain,,,,,,,,,,,,,gate-fail-r2,
591,2022-04-01,0.05216770839286666,1,True,14,33,-1.0,30.0,0.0,0.18007313177612158,True,,,,,,,abstain,,,,,,,,,,,,,gate-fail-r2,
592,2022-05-01,0.012749150209580229,1,True,14,34,-1.0,30.0,0.0,0.18389767015314296,True,,,,,,,abstain,,,,,,,,,,,,,gate-fail-r2,
593,2022-06-01,0.04806588966379488,1,True,14,35,-1.0,30.0,0.0,0.19274283497805575,True,,,,,,,abstain,,,,,,,,,,,,,gate-fail-r2,
594,2022-07-01,0.045886698412750615,1,True,14,36,1.0,30.0,0.0,0.17737020044136406,True,,,,,,,abstain,,,,,,,,,,,,,gate-fail-r2,
595,2022-08-01,0.04931847140578016,1,True,5,3,,,,,,,,,,,,abstain,,,,,,,,,,,,,type-train<floor8,
596,2022-09-01,-0.019261161119801806,-1,True,2,42,1.0,30.0,0.0,0.12760292522564354,True,,,,,,,abstain,,,,,,,,,,,,,gate-fail-r2,
597,2022-10-01,-0.039272497212414326,-1,True,2,42,1.0,30.0,0.0,0.12760292522564354,True,,,,,,,abstain,,,,,,,,,,,,,gate-fail-r2,
598,2022-11-01,-0.06886098523768303,-1,True,2,42,1.0,30.0,0.0,0.12760292522564354,True,,,,,,,abstain,,,,,,,,,,,,,gate-fail-r2,
599,2022-12-01,-0.011227454725030728,-1,True,14,39,1.0,30.0,0.0,0.1430377872605373,True,,,,,,,abstain,,,,,,,,,,,,,gate-fail-r2,
600,2023-01-01,-0.02268890699931614,-1,True,13,145,1.0,55.0,0.0,0.07819148997575938,True,,,,,,,abstain,,,,,,,,,,,,,gate-fail-r2,
601,2023-02-01,0.006892255401223624,1,True,13,145,1.0,55.0,0.0,0.07819148997575938,True,,,,,,,abstain,,,,,,,,,,,,,gate-fail-r2,
602,2023-03-01,-0.0048543246677780205,-1,True,13,144,1.0,55.0,0.0,0.07621431797671459,True,,,,,,,abstain,,,,,,,,,,,,,gate-fail-r2,
603,2023-04-01,-0.0009093164287079514,-1,True,25,42,-1.0,55.0,1.0,0.35377250840281094,True,VIX_Close:Z12,>,0.5257352941176472,0.35377250840281094,0.4463234636798385,-0.3903091379613506,emitted,tier4,9.0,0.6666666666666666,False,False,-1.0,-1.0,0.6666666666666666,0.6666666666666666,1.0,1.0,Natural_Gas_Close:Z3,,
604,2023-05-01,-0.007281266875133308,-1,True,25,42,-1.0,55.0,1.0,0.35377250840281094,True,VIX_Close:Z12,>,0.5257352941176472,0.35377250840281094,0.4463234636798385,-1.2457527403915056,emitted,tier3,11.0,0.09090909090909091,True,True,1.0,1.0,0.9090909090909091,0.9090909090909091,0.0,0.0,Natural_Gas_Close:Z3,,
605,2023-06-01,0.0059134137615362015,1,True,13,147,1.0,55.0,0.0,0.07168824800820313,True,,,,,,,abstain,,,,,,,,,,,,,gate-fail-r2,
606,2023-07-01,0.03223335925356441,1,True,13,147,1.0,55.0,0.0,0.07168824800820313,True,,,,,,,abstain,,,,,,,,,,,,,gate-fail-r2,
607,2023-08-01,0.044009722215193836,1,True,13,145,-1.0,55.0,0.0,0.07168824800820318,True,,,,,,,abstain,,,,,,,,,,,,,gate-fail-r2,
608,2023-09-01,-0.006762228902194023,-1,True,13,145,1.0,55.0,0.0,0.061259600556433785,True,,,,,,,abstain,,,,,,,,,,,,,gate-fail-r2,
609,2023-10-01,-0.030766042688402218,-1,True,1,86,1.0,55.0,0.0,0.09443768587874167,True,,,,,,,abstain,,,,,,,,,,,,,gate-fail-r2,
610,2023-11-01,-0.027939563235809595,-1,True,13,147,1.0,55.0,0.0,0.05478994075096405,True,,,,,,,abstain,,,,,,,,,,,,,gate-fail-r2,
611,2023-12-01,0.008910110186222786,1,True,13,147,1.0,55.0,0.0,0.05630928373935238,True,,,,,,,abstain,,,,,,,,,,,,,gate-fail-r2,
612,2024-01-01,0.018835636538032663,1,True,13,148,1.0,55.0,0.0,0.05650453029705734,True,,,,,,,abstain,,,,,,,,,,,,,gate-fail-r2,
613,2024-02-01,0.022298861081909704,1,True,13,149,1.0,55.0,0.0,0.058172520251245204,True,,,,,,,abstain,,,,,,,,,,,,,gate-fail-r2,
614,2024-03-01,0.01107171160331566,1,True,13,150,1.0,55.0,0.0,0.054972492453671036,True,,,,,,,abstain,,,,,,,,,,,,,gate-fail-r2,
615,2024-04-01,0.02428998535984417,1,True,25,44,-1.0,55.0,1.0,0.2730094146637458,True,VIX_Close:Z12,>,0.4769736842105263,0.2730094146637458,-0.47326675693540027,-0.7470912705772287,abstain,tier4,6.0,,,,,,,,,,Fed_Funds_Rate:Z12,leaf<floor8,Fed_Funds_Rate:Z6_vel
616,2024-05-01,0.0069299477794901865,1,True,25,44,-1.0,55.0,1.0,0.2730094146637458,True,VIX_Close:Z12,>,0.4769736842105263,0.2730094146637458,-0.47326675693540027,-0.322151296750868,abstain,tier2,7.0,,,,,,,,,,Fed_Funds_Rate:Z12,leaf<floor8,Fed_Funds_Rate:Z6_vel
617,2024-06-01,0.003516116350595011,1,True,25,44,-1.0,55.0,1.0,0.2730094146637458,True,VIX_Close:Z12,>,0.4769736842105263,0.2730094146637458,-0.47326675693540027,-0.5514652691151151,abstain,tier4,6.0,,,,,,,,,,Fed_Funds_Rate:Z12,leaf<floor8,Fed_Funds_Rate:Z6_vel
618,2024-07-01,-0.022324043298328045,-1,True,25,45,-1.0,55.0,1.0,0.2832723846588989,True,VIX_Close:Z12,>,0.49535603715170273,0.2832723846588989,-0.44585445753330916,-0.41269058011832144,abstain,tier2,7.0,,,,,,,,,,Fed_Funds_Rate:Z12,leaf<floor8,Fed_Funds_Rate:Z6_vel
619,2024-08-01,0.007574919693580373,1,True,25,46,-1.0,55.0,1.0,0.2832902173369065,True,VIX_Close:Z12,>,0.4707602339181287,0.2832902173369065,0.5380802735679339,0.4399172121997816,emitted,tier3,20.0,0.15,True,True,1.0,1.0,0.85,0.85,1.0,1.0,Term_Spread_10Y_3M:Z12,,
620,2024-09-01,0.035397141742499416,1,True,25,47,-1.0,55.0,1.0,0.28859370009271307,True,VIX_Close:Z12,>,0.47368421052631593,0.28859370009271307,-0.4541520205767737,0.9491165218995478,emitted,tier1,14.0,0.9285714285714286,False,False,-1.0,-1.0,0.9285714285714286,0.9285714285714286,0.0,0.0,Fed_Funds_Rate:Z12,,Fed_Funds_Rate:Z6_vel
621,2024-10-01,0.06386573543345664,1,True,24,33,-1.0,55.0,0.0,0.1644823789661799,True,,,,,,,abstain,,,,,,,,,,,,,gate-fail-r2,
622,2024-11-01,0.03446424736955134,1,True,24,33,-1.0,55.0,0.0,0.1644823789661799,True,,,,,,,abstain,,,,,,,,,,,,,gate-fail-r2,
623,2024-12-01,0.004899030262603077,1,True,24,33,-1.0,55.0,0.0,0.1644823789661799,True,,,,,,,abstain,,,,,,,,,,,,,gate-fail-r2,
624,2025-01-01,-0.023374051249886008,-1,True,24,34,-1.0,55.0,0.0,0.17798362203607038,True,,,,,,,abstain,,,,,,,,,,,,,gate-fail-r2,
625,2025-02-01,-0.046228380670596425,-1,True,25,50,-1.0,55.0,1.0,0.21586890662102148,True,VIX_Close:Z12,>,0.4190476190476191,0.21586890662102148,-0.4566404948012217,0.45739494149117194,emitted,tier2,24.0,0.6666666666666666,False,False,-1.0,-1.0,0.6666666666666666,0.6666666666666666,1.0,1.0,Fed_Funds_Rate:Z12,,
626,2025-03-01,-0.051365166340508694,-1,True,25,49,-1.0,55.0,1.0,0.20889341049815935,True,VIX_Close:Z12,>,0.4085213032581454,0.20889341049815935,-0.46947381112320635,1.2631953901987862,emitted,tier2,23.0,0.6521739130434783,False,False,-1.0,-1.0,0.6521739130434783,0.6521739130434783,1.0,1.0,Fed_Funds_Rate:Z12,,
627,2025-04-01,-0.05607835879329748,-1,True,25,49,-1.0,55.0,1.0,0.20889341049815935,True,VIX_Close:Z12,>,0.4085213032581454,0.20889341049815935,-0.46947381112320635,0.9770776773742698,emitted,tier2,23.0,0.6521739130434783,False,False,-1.0,-1.0,0.6521739130434783,0.6521739130434783,1.0,1.0,Fed_Funds_Rate:Z12,,
628,2025-05-01,-0.015659348467807033,-1,True,25,50,-1.0,55.0,1.0,0.21311506849116826,True,VIX_Close:Z12,>,0.4190476190476191,0.21311506849116826,-0.45374573174677146,0.9822395503451705,emitted,tier2,24.0,0.6666666666666666,False,False,-1.0,-1.0,0.6666666666666666,0.6666666666666666,1.0,1.0,Fed_Funds_Rate:Z12,,
629,2025-06-01,-0.004162124829087843,-1,True,25,51,-1.0,55.0,1.0,0.22795107134051829,True,VIX_Close:Z12,>,0.4285714285714286,0.22795107134051829,-0.5060947431434317,0.5477849452742716,emitted,tier2,25.0,0.68,False,False,-1.0,-1.0,0.68,0.68,1.0,1.0,Fed_Funds_Rate:Z12,,
630,2025-07-01,0.0067586364078173755,1,True,25,52,-1.0,55.0,1.0,0.23871581503220923,True,VIX_Close:Z12,>,0.45021645021645007,0.23871581503220923,0.39864439805864793,0.4800704750363691,emitted,tier2,14.0,0.8571428571428571,False,False,-1.0,-1.0,0.8571428571428571,0.8571428571428571,0.0,0.0,Term_Spread_10Y_3M:Z12,,
631,2025-08-01,0.001971748718363475,1,True,25,53,-1.0,55.0,1.0,0.24887098573779637,True,VIX_Close:Z12,>,0.46997929606625255,0.24887098573779637,0.3766888378275111,-0.10700901844323064,emitted,tier3,23.0,0.17391304347826086,True,True,1.0,1.0,0.8260869565217391,0.8260869565217391,1.0,1.0,Term_Spread_10Y_3M:Z12,,
632,2025-09-01,-0.00893078352751886,-1,True,24,34,-1.0,55.0,1.0,0.2102212415275079,True,VIX_Close:Z3,<,0.4464285714285714,0.2102212415275079,0.13092193471143154,-0.06886711403746348,emitted,tier1,9.0,1.0,False,False,-1.0,-1.0,1.0,1.0,1.0,1.0,,,Fed_Funds_Rate:Z12
633,2025-10-01,-0.014892193271421772,-1,True,24,34,-1.0,55.0,1.0,0.2102212415275079,True,VIX_Close:Z3,<,0.4464285714285714,0.2102212415275079,0.13092193471143154,0.045324117510595154,emitted,tier2,11.0,0.45454545454545453,True,False,1.0,-1.0,0.5454545454545454,0.45454545454545453,0.0,1.0,,,Fed_Funds_Rate:Z12
634,2025-11-01,-0.02292443384668086,-1,True,25,56,-1.0,55.0,1.0,0.23303677475680837,True,VIX_Close:Z12,>,0.45471014492753614,0.23303677475680837,0.45529412510208994,-0.7751202104506897,emitted,tier3,26.0,0.19230769230769232,True,True,1.0,1.0,0.8076923076923077,0.8076923076923077,0.0,0.0,Term_Spread_10Y_3M:Z12,,
635,2026-01-01,0.004296610785922583,1,True,25,56,-1.0,55.0,1.0,0.23303677475680837,True,VIX_Close:Z12,>,0.45471014492753614,0.23303677475680837,0.45529412510208994,-0.1466249403315118,emitted,tier3,26.0,0.19230769230769232,True,True,1.0,1.0,0.8076923076923077,0.8076923076923077,1.0,1.0,Term_Spread_10Y_3M:Z12,,
636,2026-02-01,0.00026782493205113056,1,True,25,56,-1.0,55.0,1.0,0.23303677475680837,True,VIX_Close:Z12,>,0.45471014492753614,0.23303677475680837,0.45529412510208994,-0.5125235161549432,emitted,tier3,26.0,0.19230769230769232,True,True,1.0,1.0,0.8076923076923077,0.8076923076923077,1.0,1.0,Term_Spread_10Y_3M:Z12,,
637,2026-03-01,0.004199145508018365,1,True,25,56,-1.0,55.0,1.0,0.21041742538620178,True,VIX_Close:Z12,>,0.45471014492753614,0.21041742538620178,0.4747230364304086,0.007569314106782252,emitted,tier3,19.0,0.15789473684210525,True,True,1.0,1.0,0.8421052631578947,0.8421052631578947,1.0,1.0,Fed_Funds_Rate:Z6_vel,,
638,2026-04-01,0.008538975256369152,1,True,25,57,-1.0,55.0,1.0,0.20824914635635217,True,VIX_Close:Z12,>,0.4583333333333335,0.20824914635635217,0.40410478091870644,-0.1444089669468925,emitted,tier3,25.0,0.16,True,True,1.0,1.0,0.84,0.84,1.0,1.0,Term_Spread_10Y_3M:Z12,,
639,2026-05-01,0.020113588180342257,1,True,25,58,-1.0,55.0,1.0,0.21209229482848563,True,VIX_Close:Z12,>,0.4633333333333334,0.21209229482848563,0.412345185409775,-0.7591624761892877,emitted,tier3,26.0,0.15384615384615385,True,True,1.0,1.0,0.8461538461538461,0.8461538461538461,1.0,1.0,Term_Spread_10Y_3M:Z12,,
640,2026-06-01,,0,False,13,151,1.0,55.0,0.0,0.03397087210089438,True,,,,,,,abstain,,,,,,,,,,,,,gate-fail-r2,
641,2026-07-01,,0,False,2,45,1.0,40.0,4.0,0.36679446090973433,True,Term_Spread_10Y_3M:Z6,>,0.6666666666666665,0.36679446090973433,0.30991465595071316,0.04074726611870533,emitted,tier4,9.0,0.2222222222222222,True,False,-1.0,1.0,0.7777777777777778,0.2222222222222222,,,,,
642,2026-08-01,,0,False,1,97,1.0,55.0,0.0,0.10347814273988833,True,,,,,,,abstain,,,,,,,,,,,,,gate-fail-r2,
