Date,nxt,y,rd,rd_c,od,od_c,sc,sc_c
1990-01-01,-1.0,-1.0,1.0,0.5,,,-1.0,0.38461538461538464
1990-02-01,1.0,1.0,-1.0,0.5,,,-1.0,0.4852941176470588
1990-03-01,-1.0,-1.0,-1.0,0.5,,,1.0,0.5915492957746479
1990-04-01,1.0,1.0,-1.0,1.0,,,-1.0,0.2
1990-05-01,1.0,1.0,1.0,0.0,,,1.0,0.7
1990-06-01,-1.0,-1.0,1.0,0.5,1.0,0.6666666666666666,1.0,0.7083333333333334
1990-07-01,-1.0,-1.0,1.0,0.3333333333333333,,,-1.0,0.47368421052631576
1990-08-01,-1.0,-1.0,1.0,0.25,-1.0,0.0,,
1990-09-01,-1.0,-1.0,1.0,0.5,1.0,0.5,1.0,0.5
1990-10-01,1.0,1.0,1.0,0.0,1.0,0.6666666666666666,1.0,0.7272727272727273
1990-11-01,1.0,1.0,1.0,0.5,,,1.0,0.5555555555555556
1990-12-01,-1.0,-1.0,1.0,0.6666666666666666,,,1.0,0.611764705882353
1991-01-01,1.0,1.0,1.0,0.5,,,-1.0,0.4883720930232558
1991-02-01,1.0,1.0,-1.0,0.5,,,1.0,1.0
1991-03-01,1.0,1.0,1.0,0.5,,,1.0,0.5294117647058824
1991-04-01,-1.0,-1.0,1.0,1.0,,,1.0,0.53125
1991-05-01,1.0,1.0,1.0,0.5,,,-1.0,0.4090909090909091
1991-06-01,1.0,1.0,1.0,0.6666666666666666,,,1.0,0.5
1991-07-01,1.0,1.0,1.0,0.75,,,1.0,1.0
1991-08-01,-1.0,-1.0,1.0,0.2,,,1.0,0.6
1991-09-01,-1.0,-1.0,1.0,0.16666666666666666,,,1.0,0.7142857142857143
1991-10-01,-1.0,-1.0,1.0,0.14285714285714285,,,1.0,1.0
1991-11-01,1.0,1.0,1.0,0.125,,,,
1991-12-01,1.0,1.0,1.0,0.2222222222222222,-1.0,0.2,1.0,0.5
1992-01-01,-1.0,-1.0,1.0,0.8,,,1.0,0.6666666666666666
1992-02-01,-1.0,-1.0,1.0,0.3,,,1.0,0.5555555555555556
1992-03-01,1.0,1.0,1.0,0.2727272727272727,,,-1.0,0.2222222222222222
1992-04-01,1.0,1.0,1.0,0.3333333333333333,,,1.0,0.8333333333333334
1992-05-01,-1.0,-1.0,1.0,0.5,,,1.0,0.5384615384615384
1992-06-01,1.0,1.0,1.0,0.5,,,1.0,0.6363636363636364
1992-07-01,1.0,1.0,1.0,1.0,,,1.0,0.609375
1992-08-01,1.0,1.0,1.0,0.5,,,1.0,0.6590909090909091
1992-09-01,-1.0,-1.0,1.0,1.0,,,1.0,0.5925925925925926
1992-10-01,1.0,1.0,1.0,0.5,,,1.0,0.5833333333333334
1992-11-01,1.0,1.0,1.0,0.6666666666666666,,,1.0,0.8888888888888888
1992-12-01,-1.0,-1.0,1.0,0.75,,,1.0,0.6710526315789473
1993-01-01,1.0,1.0,1.0,0.6,,,1.0,0.5
1993-02-01,1.0,1.0,1.0,0.6666666666666666,,,1.0,0.6666666666666666
1993-03-01,-1.0,-1.0,1.0,0.7142857142857143,1.0,1.0,1.0,0.7142857142857143
1993-04-01,1.0,1.0,1.0,1.0,,,-1.0,0.43243243243243246
1993-05-01,1.0,1.0,1.0,1.0,,,1.0,0.6438356164383562
1993-06-01,-1.0,-1.0,1.0,1.0,,,1.0,0.6530612244897959
1993-07-01,1.0,1.0,1.0,0.8,,,1.0,0.5185185185185185
1993-08-01,1.0,1.0,1.0,0.8333333333333334,,,1.0,0.6842105263157895
1993-09-01,1.0,1.0,1.0,0.8571428571428571,-1.0,0.3333333333333333,1.0,0.6129032258064516
1993-10-01,-1.0,-1.0,1.0,0.875,,,1.0,0.6511627906976745
1993-11-01,1.0,1.0,1.0,0.625,,,1.0,0.5806451612903226
1993-12-01,1.0,1.0,1.0,0.6666666666666666,,,1.0,0.7777777777777778
1994-01-01,-1.0,-1.0,1.0,0.7,,,1.0,0.696969696969697
1994-02-01,-1.0,-1.0,1.0,0.6363636363636364,,,1.0,0.5
1994-03-01,-1.0,-1.0,1.0,0.5833333333333334,,,1.0,0.5416666666666666
1994-04-01,1.0,1.0,1.0,0.5384615384615384,-1.0,0.3333333333333333,-1.0,0.2222222222222222
1994-05-01,1.0,1.0,1.0,0.5714285714285714,1.0,1.0,1.0,0.5531914893617021
1994-06-01,-1.0,-1.0,1.0,0.6,,,1.0,0.5955056179775281
1994-07-01,1.0,1.0,1.0,0.5,,,1.0,0.5111111111111111
1994-08-01,1.0,1.0,1.0,0.5625,,,1.0,0.6582278481012658
1994-09-01,-1.0,-1.0,1.0,0.5882352941176471,,,1.0,0.6145833333333334
1994-10-01,-1.0,-1.0,1.0,0.5555555555555556,,,1.0,0.5056179775280899
1994-11-01,-1.0,-1.0,1.0,0.5263157894736842,,,1.0,0.5232558139534884
1994-12-01,1.0,1.0,1.0,0.5,,,1.0,0.5205479452054794
1995-01-01,1.0,1.0,1.0,0.5238095238095238,,,1.0,0.5342465753424658
1995-02-01,1.0,1.0,1.0,0.5454545454545454,1.0,0.6666666666666666,1.0,0.5729166666666666
1995-03-01,1.0,1.0,1.0,0.5652173913043478,1.0,0.75,1.0,0.593939393939394
1995-04-01,1.0,1.0,1.0,0.5,1.0,0.8,1.0,0.6666666666666666
1995-05-01,1.0,1.0,1.0,0.5,1.0,0.8333333333333334,1.0,0.6981981981981982
1995-06-01,1.0,1.0,1.0,1.0,1.0,0.8571428571428571,1.0,0.7094017094017094
1995-07-01,1.0,1.0,1.0,1.0,1.0,0.875,1.0,0.7092511013215859
1995-08-01,1.0,1.0,1.0,1.0,-1.0,0.25,1.0,0.525
1995-09-01,1.0,1.0,1.0,0.5,,,,
1995-10-01,1.0,1.0,1.0,1.0,,,1.0,1.0
1995-11-01,1.0,1.0,1.0,1.0,,,1.0,0.5517241379310345
1995-12-01,-1.0,-1.0,1.0,1.0,1.0,1.0,1.0,0.8666666666666667
1996-01-01,1.0,1.0,-1.0,0.5,,,,
1996-02-01,-1.0,-1.0,1.0,0.75,,,,
1996-03-01,1.0,1.0,1.0,0.5,,,,
1996-04-01,1.0,1.0,-1.0,0.0,,,,
1996-05-01,1.0,1.0,1.0,0.0,,,1.0,0.5625
1996-06-01,-1.0,-1.0,1.0,0.7777777777777778,,,-1.0,0.45454545454545453
1996-07-01,1.0,1.0,1.0,0.7,,,-1.0,0.1875
1996-08-01,1.0,1.0,1.0,0.7272727272727273,,,1.0,1.0
1996-09-01,1.0,1.0,1.0,0.75,,,1.0,0.8571428571428571
1996-10-01,1.0,1.0,1.0,0.7692307692307693,-1.0,0.3333333333333333,-1.0,0.4
1996-11-01,1.0,1.0,1.0,1.0,,,1.0,0.8461538461538461
1996-12-01,1.0,1.0,1.0,1.0,1.0,0.6666666666666666,1.0,0.6896551724137931
1997-01-01,1.0,1.0,1.0,1.0,1.0,1.0,1.0,0.7142857142857143
1997-02-01,-1.0,-1.0,1.0,1.0,1.0,0.75,1.0,0.8666666666666667
1997-03-01,-1.0,-1.0,1.0,0.8333333333333334,,,1.0,1.0
1997-04-01,1.0,1.0,1.0,0.5833333333333334,,,,
1997-05-01,1.0,1.0,1.0,0.6,,,1.0,0.6666666666666666
1997-06-01,1.0,1.0,1.0,0.6666666666666666,,,,
1997-07-01,1.0,1.0,1.0,0.7142857142857143,,,,
1997-08-01,1.0,1.0,1.0,0.75,1.0,0.6666666666666666,,
1997-09-01,1.0,1.0,1.0,0.7777777777777778,,,,
1997-10-01,-1.0,-1.0,1.0,0.8,,,-1.0,0.3888888888888889
1997-11-01,1.0,1.0,1.0,0.7272727272727273,,,-1.0,0.4805194805194805
1997-12-01,1.0,1.0,1.0,0.3333333333333333,,,1.0,0.6666666666666666
1998-01-01,1.0,1.0,1.0,0.7857142857142857,,,-1.0,0.16666666666666666
1998-02-01,1.0,1.0,1.0,0.5,,,,
1998-03-01,1.0,1.0,1.0,0.75,,,1.0,1.0
1998-04-01,-1.0,-1.0,1.0,0.7692307692307693,1.0,1.0,1.0,0.7
1998-05-01,-1.0,-1.0,1.0,0.7142857142857143,1.0,0.75,,
1998-06-01,1.0,1.0,1.0,0.6666666666666666,,,1.0,0.6666666666666666
1998-07-01,-1.0,-1.0,1.0,0.6875,,,,
1998-08-01,-1.0,-1.0,1.0,0.8,,,,
1998-09-01,1.0,1.0,-1.0,0.0,,,,
1998-10-01,1.0,1.0,1.0,0.6,,,1.0,0.5714285714285714
1998-11-01,1.0,1.0,1.0,0.75,1.0,0.8333333333333334,1.0,0.6666666666666666
1998-12-01,1.0,1.0,1.0,0.7647058823529411,1.0,1.0,1.0,0.6363636363636364
1999-01-01,-1.0,-1.0,1.0,0.7777777777777778,1.0,0.5,1.0,0.5
1999-02-01,1.0,1.0,1.0,0.6470588235294118,1.0,0.6,1.0,1.0
1999-03-01,1.0,1.0,1.0,0.6666666666666666,1.0,1.0,-1.0,0.25
1999-04-01,-1.0,-1.0,1.0,0.6842105263157895,,,1.0,0.6363636363636364
1999-05-01,-1.0,-1.0,1.0,0.65,,,-1.0,0.48148148148148145
1999-06-01,1.0,1.0,1.0,0.7142857142857143,,,-1.0,0.48148148148148145
1999-07-01,-1.0,-1.0,1.0,0.75,1.0,0.6666666666666666,,
1999-08-01,-1.0,-1.0,1.0,0.6,,,,
1999-09-01,-1.0,-1.0,1.0,0.5769230769230769,,,-1.0,0.2857142857142857
1999-10-01,1.0,1.0,1.0,0.5555555555555556,,,-1.0,0.46153846153846156
1999-11-01,1.0,1.0,1.0,0.5714285714285714,,,1.0,0.8333333333333334
1999-12-01,-1.0,-1.0,1.0,0.5862068965517241,,,1.0,0.65
2000-01-01,-1.0,-1.0,1.0,0.5666666666666667,,,-1.0,0.3333333333333333
2000-02-01,1.0,1.0,1.0,0.5483870967741935,,,1.0,0.6111111111111112
2000-03-01,1.0,1.0,1.0,0.5625,,,1.0,0.75
2000-04-01,-1.0,-1.0,1.0,1.0,,,1.0,0.5795454545454546
2000-05-01,1.0,1.0,1.0,0.5757575757575758,,,1.0,0.5408163265306123
2000-06-01,1.0,1.0,1.0,0.7368421052631579,,,1.0,0.6847826086956522
2000-07-01,1.0,1.0,1.0,0.75,,,1.0,0.6
2000-08-01,-1.0,-1.0,1.0,0.7619047619047619,,,1.0,0.6012658227848101
2000-09-01,-1.0,-1.0,1.0,0.7272727272727273,,,-1.0,0.43243243243243246
2000-10-01,-1.0,-1.0,1.0,0.6666666666666666,,,1.0,0.6153846153846154
2000-11-01,-1.0,-1.0,-1.0,0.5,,,-1.0,0.3
2000-12-01,1.0,1.0,-1.0,0.0,-1.0,0.3333333333333333,1.0,0.5384615384615384
2001-01-01,-1.0,-1.0,-1.0,0.0,,,1.0,0.8181818181818182
2001-02-01,-1.0,-1.0,-1.0,0.25,,,1.0,0.5454545454545454
2001-03-01,1.0,1.0,-1.0,0.4,,,,
2001-04-01,1.0,1.0,-1.0,0.3333333333333333,,,1.0,0.5
2001-05-01,-1.0,-1.0,-1.0,0.2857142857142857,,,,
2001-06-01,-1.0,-1.0,-1.0,0.375,,,,
2001-07-01,-1.0,-1.0,-1.0,0.4444444444444444,,,-1.0,0.25
2001-08-01,-1.0,-1.0,-1.0,0.5,,,-1.0,0.4807692307692308
2001-09-01,1.0,1.0,-1.0,0.5454545454545454,1.0,0.75,-1.0,0.29411764705882354
2001-10-01,1.0,1.0,-1.0,0.5,,,1.0,0.5
2001-11-01,1.0,1.0,-1.0,0.46153846153846156,,,1.0,0.7142857142857143
2001-12-01,-1.0,-1.0,-1.0,0.42857142857142855,,,1.0,0.6846153846153846
2002-01-01,-1.0,-1.0,-1.0,0.4666666666666667,,,1.0,0.6129032258064516
2002-02-01,1.0,1.0,-1.0,0.5,,,1.0,0.6129032258064516
2002-03-01,-1.0,-1.0,1.0,0.6666666666666666,,,1.0,0.7419354838709677
2002-04-01,-1.0,-1.0,1.0,0.38461538461538464,,,-1.0,0.34782608695652173
2002-05-01,-1.0,-1.0,1.0,0.5714285714285714,,,-1.0,0.47368421052631576
2002-06-01,-1.0,-1.0,1.0,0.5,,,-1.0,0.23076923076923078
2002-07-01,1.0,1.0,1.0,1.0,,,-1.0,0.2857142857142857
2002-08-01,-1.0,-1.0,1.0,1.0,,,1.0,0.6363636363636364
2002-09-01,-1.0,-1.0,1.0,0.6666666666666666,,,1.0,0.5555555555555556
2002-10-01,1.0,1.0,1.0,0.5,,,1.0,0.5384615384615384
2002-11-01,-1.0,-1.0,1.0,0.6,,,1.0,0.7647058823529411
2002-12-01,-1.0,-1.0,1.0,0.4444444444444444,,,-1.0,0.0
2003-01-01,-1.0,-1.0,1.0,0.6956521739130435,,,,
2003-02-01,1.0,1.0,1.0,0.4,,,,
2003-03-01,1.0,1.0,1.0,0.6666666666666666,,,,
2003-04-01,1.0,1.0,1.0,0.68,,,1.0,0.7692307692307693
2003-05-01,1.0,1.0,1.0,0.5882352941176471,1.0,1.0,1.0,0.6328125
2003-06-01,1.0,1.0,1.0,0.6666666666666666,-1.0,0.4,1.0,0.696969696969697
2003-07-01,-1.0,-1.0,1.0,0.7,1.0,0.6666666666666666,1.0,0.5714285714285714
2003-08-01,1.0,1.0,1.0,0.6363636363636364,,,1.0,0.5
2003-09-01,1.0,1.0,1.0,0.6666666666666666,,,,
2003-10-01,1.0,1.0,1.0,0.6923076923076923,,,1.0,0.5454545454545454
2003-11-01,1.0,1.0,1.0,0.7142857142857143,,,1.0,0.656934306569343
2003-12-01,1.0,1.0,1.0,0.7333333333333333,,,1.0,0.7061855670103093
2004-01-01,1.0,1.0,1.0,0.75,1.0,1.0,1.0,0.7229437229437229
2004-02-01,-1.0,-1.0,1.0,0.7647058823529411,-1.0,0.4,1.0,0.7184466019417476
2004-03-01,1.0,1.0,1.0,0.75,,,-1.0,0.4180327868852459
2004-04-01,-1.0,-1.0,1.0,0.6,,,1.0,0.6744186046511628
2004-05-01,1.0,1.0,1.0,0.5833333333333334,,,-1.0,0.2903225806451613
2004-06-01,-1.0,-1.0,1.0,0.5945945945945946,,,1.0,0.6027397260273972
2004-07-01,-1.0,-1.0,1.0,0.5,,,-1.0,0.31746031746031744
2004-08-01,1.0,1.0,1.0,0.42857142857142855,,,-1.0,0.46511627906976744
2004-09-01,-1.0,-1.0,1.0,0.5789473684210527,,,1.0,0.5769230769230769
2004-10-01,1.0,1.0,-1.0,1.0,,,-1.0,0.4166666666666667
2004-11-01,1.0,1.0,1.0,0.6923076923076923,,,1.0,0.8125
2004-12-01,-1.0,-1.0,1.0,0.7037037037037037,,,1.0,0.5454545454545454
2005-01-01,1.0,1.0,1.0,0.6785714285714286,1.0,0.6666666666666666,-1.0,0.46987951807228917
2005-02-01,-1.0,-1.0,1.0,0.6,,,1.0,0.6551724137931034
2005-03-01,-1.0,-1.0,1.0,0.6896551724137931,,,-1.0,0.42857142857142855
2005-04-01,1.0,1.0,1.0,0.6666666666666666,,,1.0,0.5416666666666666
2005-05-01,1.0,1.0,1.0,0.6774193548387096,1.0,0.75,1.0,0.6666666666666666
2005-06-01,1.0,1.0,1.0,0.6875,,,1.0,0.5617977528089888
2005-07-01,1.0,1.0,1.0,0.696969696969697,,,1.0,0.6312849162011173
2005-08-01,1.0,1.0,1.0,0.7058823529411765,1.0,1.0,1.0,0.5777777777777777
2005-09-01,-1.0,-1.0,1.0,0.7142857142857143,,,-1.0,0.0
2005-10-01,1.0,1.0,1.0,0.5641025641025641,,,1.0,0.625
2005-11-01,1.0,1.0,1.0,0.575,,,1.0,0.7333333333333333
2005-12-01,1.0,1.0,1.0,0.5853658536585366,,,1.0,0.6190476190476191
2006-01-01,-1.0,-1.0,1.0,0.5952380952380952,,,1.0,0.6369047619047619
2006-02-01,1.0,1.0,1.0,0.5813953488372093,,,1.0,0.5384615384615384
2006-03-01,1.0,1.0,1.0,0.5909090909090909,,,1.0,0.7931034482758621
2006-04-01,-1.0,-1.0,1.0,0.5,-1.0,0.4,1.0,0.5384615384615384
2006-05-01,-1.0,-1.0,1.0,0.6944444444444444,1.0,0.6666666666666666,-1.0,0.4883720930232558
2006-06-01,1.0,1.0,1.0,0.5,-1.0,0.3333333333333333,1.0,0.5
2006-07-01,1.0,1.0,1.0,0.6666666666666666,1.0,0.5,1.0,0.782608695652174
2006-08-01,1.0,1.0,1.0,0.6756756756756757,1.0,0.6666666666666666,-1.0,0.47058823529411764
2006-09-01,1.0,1.0,1.0,0.6842105263157895,,,-1.0,0.4074074074074074
2006-10-01,1.0,1.0,1.0,0.6,1.0,0.6666666666666666,1.0,0.6737588652482269
2006-11-01,1.0,1.0,1.0,0.8,,,1.0,0.7184466019417476
2006-12-01,1.0,1.0,1.0,0.7222222222222222,1.0,1.0,1.0,0.7111111111111111
2007-01-01,1.0,1.0,1.0,0.7368421052631579,,,1.0,0.7056277056277056
2007-02-01,-1.0,-1.0,1.0,0.6190476190476191,,,1.0,0.7088607594936709
2007-03-01,1.0,1.0,1.0,0.6923076923076923,,,-1.0,0.44
2007-04-01,1.0,1.0,1.0,0.7,,,1.0,0.6413043478260869
2007-05-01,1.0,1.0,1.0,0.7073170731707317,,,1.0,0.6206896551724138
2007-06-01,1.0,1.0,1.0,0.7142857142857143,,,1.0,0.5555555555555556
2007-07-01,-1.0,-1.0,1.0,0.7209302325581395,,,1.0,0.5416666666666666
2007-08-01,1.0,1.0,1.0,0.7045454545454546,,,,
2007-09-01,1.0,1.0,1.0,0.35714285714285715,,,1.0,0.75
2007-10-01,-1.0,-1.0,1.0,0.4,,,1.0,0.8125
2007-11-01,1.0,1.0,-1.0,0.5,,,-1.0,0.3333333333333333
2007-12-01,-1.0,-1.0,1.0,0.0,,,1.0,0.8333333333333334
2008-01-01,-1.0,-1.0,-1.0,0.47058823529411764,,,,
2008-02-01,-1.0,-1.0,-1.0,0.5,,,-1.0,0.3076923076923077
2008-03-01,1.0,1.0,-1.0,0.5263157894736842,,,1.0,0.7857142857142857
2008-04-01,1.0,1.0,-1.0,0.5,,,1.0,0.8
2008-05-01,-1.0,-1.0,-1.0,0.47619047619047616,,,1.0,0.6
2008-06-01,-1.0,-1.0,-1.0,0.5,,,,
2008-07-01,1.0,1.0,-1.0,0.5217391304347826,,,1.0,0.6
2008-08-01,-1.0,-1.0,-1.0,0.5,,,1.0,0.5833333333333334
2008-09-01,-1.0,-1.0,-1.0,0.52,,,-1.0,0.0
2008-10-01,-1.0,-1.0,-1.0,0.5384615384615384,,,1.0,0.6
2008-11-01,-1.0,-1.0,-1.0,0.5555555555555556,-1.0,0.25,,
2008-12-01,-1.0,-1.0,-1.0,0.5714285714285714,1.0,0.5,,
2009-01-01,-1.0,-1.0,-1.0,0.5862068965517241,,,,
2009-02-01,-1.0,-1.0,-1.0,0.6,,,1.0,0.75
2009-03-01,1.0,1.0,-1.0,0.6129032258064516,,,1.0,0.5454545454545454
2009-04-01,1.0,1.0,-1.0,0.59375,,,1.0,1.0
2009-05-01,1.0,1.0,1.0,0.375,,,,
2009-06-01,1.0,1.0,1.0,0.4117647058823529,,,1.0,0.6111111111111112
2009-07-01,1.0,1.0,-1.0,0.0,,,1.0,0.5789473684210527
2009-08-01,1.0,1.0,1.0,0.75,,,1.0,0.8
2009-09-01,1.0,1.0,1.0,0.7619047619047619,,,1.0,0.7241379310344828
2009-10-01,1.0,1.0,1.0,0.7727272727272727,,,1.0,0.575
2009-11-01,1.0,1.0,1.0,0.782608695652174,,,1.0,0.7088607594936709
2009-12-01,1.0,1.0,1.0,0.7916666666666666,,,1.0,0.6851063829787234
2010-01-01,-1.0,-1.0,1.0,0.8,,,1.0,0.7198443579766537
2010-02-01,1.0,1.0,1.0,0.5,,,-1.0,0.45454545454545453
2010-03-01,1.0,1.0,1.0,0.7692307692307693,,,1.0,0.6413043478260869
2010-04-01,-1.0,-1.0,1.0,0.7777777777777778,,,1.0,0.6166666666666667
2010-05-01,-1.0,-1.0,1.0,0.6086956521739131,,,1.0,0.5377358490566038
2010-06-01,-1.0,-1.0,1.0,0.5957446808510638,,,1.0,0.53125
2010-07-01,1.0,1.0,1.0,0.5833333333333334,,,-1.0,0.42857142857142855
2010-08-01,1.0,1.0,1.0,0.5918367346938775,-1.0,0.3333333333333333,1.0,0.5454545454545454
2010-09-01,1.0,1.0,1.0,0.7111111111111111,,,-1.0,0.0
2010-10-01,1.0,1.0,1.0,0.717391304347826,,,-1.0,0.3684210526315789
2010-11-01,1.0,1.0,1.0,0.723404255319149,,,1.0,0.6917808219178082
2010-12-01,1.0,1.0,1.0,0.5909090909090909,,,1.0,0.691304347826087
2011-01-01,1.0,1.0,1.0,0.6086956521739131,,,1.0,0.7116104868913857
2011-02-01,-1.0,-1.0,1.0,0.625,,,1.0,0.7206896551724138
2011-03-01,1.0,1.0,1.0,0.6,-1.0,0.3333333333333333,-1.0,0.4632352941176471
2011-04-01,1.0,1.0,1.0,0.6153846153846154,,,1.0,0.638095238095238
2011-05-01,-1.0,-1.0,1.0,0.42857142857142855,,,-1.0,0.3333333333333333
2011-06-01,1.0,1.0,1.0,0.7291666666666666,1.0,0.6666666666666666,1.0,0.5
2011-07-01,-1.0,-1.0,1.0,0.7346938775510204,1.0,0.8,1.0,0.9
2011-08-01,-1.0,-1.0,1.0,0.45454545454545453,,,-1.0,0.2
2011-09-01,1.0,1.0,1.0,0.4166666666666667,,,-1.0,0.35294117647058826
2011-10-01,1.0,1.0,1.0,0.46153846153846156,,,1.0,0.5833333333333334
2011-11-01,1.0,1.0,1.0,0.5,,,1.0,0.6097560975609756
2011-12-01,1.0,1.0,1.0,0.75,,,1.0,0.6373626373626373
2012-01-01,1.0,1.0,1.0,0.8,1.0,1.0,1.0,0.7081339712918661
2012-02-01,1.0,1.0,1.0,0.6296296296296297,1.0,1.0,1.0,0.6788617886178862
2012-03-01,-1.0,-1.0,1.0,0.6428571428571429,1.0,0.5,1.0,0.7169811320754716
2012-04-01,-1.0,-1.0,1.0,0.6206896551724138,,,1.0,0.6
2012-05-01,-1.0,-1.0,1.0,0.72,-1.0,0.0,1.0,0.6285714285714286
2012-06-01,1.0,1.0,1.0,0.7058823529411765,,,-1.0,0.35714285714285715
2012-07-01,1.0,1.0,1.0,0.7115384615384616,,,1.0,0.5714285714285714
2012-08-01,1.0,1.0,1.0,0.7169811320754716,,,1.0,0.5825242718446602
2012-09-01,-1.0,-1.0,1.0,0.7222222222222222,-1.0,0.3333333333333333,1.0,0.6367924528301887
2012-10-01,-1.0,-1.0,1.0,0.7090909090909091,-1.0,0.3333333333333333,1.0,0.5416666666666666
2012-11-01,1.0,1.0,1.0,0.6964285714285714,-1.0,0.0,1.0,0.5789473684210527
2012-12-01,1.0,1.0,1.0,0.7017543859649122,,,1.0,0.6944444444444444
2013-01-01,1.0,1.0,1.0,0.375,,,1.0,0.5816326530612245
2013-02-01,1.0,1.0,1.0,0.7068965517241379,,,1.0,0.649746192893401
2013-03-01,1.0,1.0,1.0,0.711864406779661,,,1.0,0.679324894514768
2013-04-01,1.0,1.0,1.0,0.4444444444444444,,,1.0,0.7186311787072244
2013-05-01,-1.0,-1.0,1.0,0.6,,,1.0,0.7170542635658915
2013-06-01,1.0,1.0,1.0,0.5806451612903226,,,-1.0,0.4609375
2013-07-01,1.0,1.0,1.0,0.59375,,,1.0,0.6699029126213593
2013-08-01,1.0,1.0,1.0,0.5,,,-1.0,0.2777777777777778
2013-09-01,1.0,1.0,1.0,0.5454545454545454,,,1.0,0.5294117647058824
2013-10-01,1.0,1.0,1.0,0.5833333333333334,,,-1.0,0.35714285714285715
2013-11-01,1.0,1.0,1.0,0.6153846153846154,,,1.0,0.7096774193548387
2013-12-01,1.0,1.0,1.0,0.6060606060606061,,,1.0,0.6973684210526315
2014-01-01,-1.0,-1.0,1.0,0.6428571428571429,,,1.0,0.7012987012987013
2014-02-01,1.0,1.0,1.0,0.6,,,1.0,0.525
2014-03-01,1.0,1.0,1.0,0.625,,,1.0,0.7931034482758621
2014-04-01,1.0,1.0,1.0,0.7166666666666667,,,,
2014-05-01,1.0,1.0,1.0,0.7213114754098361,,,1.0,0.5263157894736842
2014-06-01,1.0,1.0,1.0,0.7258064516129032,,,-1.0,0.4482758620689655
2014-07-01,-1.0,-1.0,1.0,0.7301587301587301,,,1.0,0.6956521739130435
2014-08-01,1.0,1.0,1.0,0.71875,,,-1.0,0.475
2014-09-01,-1.0,-1.0,1.0,0.7230769230769231,,,1.0,0.6513761467889908
2014-10-01,1.0,1.0,1.0,0.7121212121212122,,,-1.0,0.3064516129032258
2014-11-01,1.0,1.0,1.0,0.6470588235294118,,,1.0,1.0
2014-12-01,-1.0,-1.0,1.0,0.7164179104477612,,,-1.0,0.25
2015-01-01,1.0,1.0,1.0,0.7058823529411765,,,-1.0,0.2857142857142857
2015-02-01,-1.0,-1.0,1.0,0.7101449275362319,,,1.0,0.8
2015-03-01,1.0,1.0,1.0,0.7,,,-1.0,0.36363636363636365
2015-04-01,1.0,1.0,1.0,0.6666666666666666,,,1.0,0.8571428571428571
2015-05-01,-1.0,-1.0,1.0,0.704225352112676,,,1.0,0.5277777777777778
2015-06-01,-1.0,-1.0,1.0,0.6944444444444444,1.0,0.5,1.0,0.5
2015-07-01,-1.0,-1.0,1.0,0.684931506849315,,,1.0,0.7619047619047619
2015-08-01,-1.0,-1.0,1.0,0.6756756756756757,,,1.0,0.9
2015-09-01,1.0,1.0,1.0,0.5333333333333333,,,1.0,0.6666666666666666
2015-10-01,1.0,1.0,1.0,0.6666666666666666,,,1.0,0.8
2015-11-01,-1.0,-1.0,1.0,0.6710526315789473,,,1.0,0.8888888888888888
2015-12-01,-1.0,-1.0,1.0,0.6623376623376623,,,-1.0,0.4444444444444444
2016-01-01,-1.0,-1.0,1.0,0.5625,,,1.0,0.5555555555555556
2016-02-01,1.0,1.0,1.0,0.5294117647058824,,,-1.0,0.2727272727272727
2016-03-01,1.0,1.0,1.0,0.6538461538461539,,,1.0,1.0
2016-04-01,-1.0,-1.0,1.0,0.6582278481012658,1.0,1.0,1.0,0.5263157894736842
2016-05-01,1.0,1.0,1.0,0.65,1.0,0.6666666666666666,-1.0,0.2
2016-06-01,1.0,1.0,1.0,0.654320987654321,,,1.0,0.582089552238806
2016-07-01,1.0,1.0,1.0,0.6176470588235294,,,1.0,0.6526315789473685
2016-08-01,-1.0,-1.0,1.0,0.6285714285714286,-1.0,0.3333333333333333,1.0,0.660377358490566
2016-09-01,-1.0,-1.0,1.0,0.6585365853658537,,,-1.0,0.4628099173553719
2016-10-01,1.0,1.0,1.0,0.6506024096385542,,,1.0,0.514018691588785
2016-11-01,1.0,1.0,1.0,0.6547619047619048,,,1.0,0.5833333333333334
2016-12-01,1.0,1.0,1.0,0.0,,,1.0,0.6666666666666666
2017-01-01,1.0,1.0,1.0,0.6588235294117647,,,1.0,0.75
2017-02-01,1.0,1.0,1.0,0.6627906976744186,,,1.0,0.5952380952380952
2017-03-01,-1.0,-1.0,1.0,0.6111111111111112,,,1.0,0.6881720430107527
2017-04-01,1.0,1.0,1.0,0.5945945945945946,,,1.0,0.5681818181818182
2017-05-01,1.0,1.0,1.0,0.6052631578947368,,,1.0,0.8461538461538461
2017-06-01,1.0,1.0,1.0,0.6666666666666666,1.0,0.6666666666666666,1.0,0.54
2017-07-01,1.0,1.0,1.0,0.6704545454545454,,,1.0,0.632768361581921
2017-08-01,1.0,1.0,1.0,0.6741573033707865,,,1.0,0.5714285714285714
2017-09-01,1.0,1.0,1.0,0.6777777777777778,,,1.0,0.5625
2017-10-01,1.0,1.0,1.0,0.6813186813186813,,,-1.0,0.4444444444444444
2017-11-01,1.0,1.0,1.0,0.6847826086956522,,,1.0,0.6745562130177515
2017-12-01,1.0,1.0,1.0,0.6153846153846154,,,1.0,0.6935483870967742
2018-01-01,-1.0,-1.0,1.0,0.625,,,1.0,0.8518518518518519
2018-02-01,-1.0,-1.0,1.0,0.6842105263157895,,,1.0,0.5
2018-03-01,-1.0,-1.0,1.0,0.6881720430107527,,,,
2018-04-01,1.0,1.0,1.0,0.6808510638297872,,,1.0,0.7777777777777778
2018-05-01,1.0,1.0,1.0,0.6842105263157895,,,1.0,0.7857142857142857
2018-06-01,1.0,1.0,1.0,0.6875,1.0,0.75,1.0,0.5876288659793815
2018-07-01,1.0,1.0,1.0,0.6907216494845361,,,1.0,0.6363636363636364
2018-08-01,1.0,1.0,1.0,0.6938775510204082,1.0,0.6666666666666666,1.0,0.6852589641434262
2018-09-01,-1.0,-1.0,1.0,0.696969696969697,1.0,1.0,1.0,0.7010309278350515
2018-10-01,-1.0,-1.0,1.0,0.69,,,-1.0,0.2916666666666667
2018-11-01,-1.0,-1.0,1.0,0.6831683168316832,,,-1.0,0.2916666666666667
2018-12-01,1.0,1.0,1.0,0.5555555555555556,-1.0,0.2,-1.0,0.4444444444444444
2019-01-01,1.0,1.0,1.0,0.5789473684210527,,,1.0,0.5
2019-02-01,1.0,1.0,1.0,0.8333333333333334,,,1.0,0.6666666666666666
2019-03-01,1.0,1.0,1.0,0.8571428571428571,,,1.0,0.72
2019-04-01,-1.0,-1.0,1.0,0.6764705882352942,,,1.0,0.625
2019-05-01,1.0,1.0,1.0,0.6699029126213593,,,-1.0,0.4787234042553192
2019-06-01,1.0,1.0,1.0,0.65,,,1.0,0.6631578947368421
2019-07-01,-1.0,-1.0,1.0,0.6666666666666666,,,1.0,0.6470588235294118
2019-08-01,1.0,1.0,1.0,0.6730769230769231,,,1.0,0.5181818181818182
2019-09-01,-1.0,-1.0,1.0,0.6761904761904762,,,1.0,0.6944444444444444
2019-10-01,1.0,1.0,1.0,0.6698113207547169,,,-1.0,0.3333333333333333
2019-11-01,1.0,1.0,1.0,0.6363636363636364,,,1.0,1.0
2019-12-01,1.0,1.0,1.0,0.6521739130434783,,,1.0,0.5555555555555556
2020-01-01,-1.0,-1.0,1.0,0.6666666666666666,,,1.0,0.6176470588235294
2020-02-01,-1.0,-1.0,1.0,0.64,-1.0,0.3333333333333333,1.0,0.5
2020-03-01,1.0,1.0,-1.0,0.5757575757575758,,,-1.0,0.0
2020-04-01,1.0,1.0,-1.0,0.5588235294117647,,,,
2020-05-01,1.0,1.0,-1.0,0.5428571428571428,,,1.0,0.75
2020-06-01,1.0,1.0,1.0,0.4444444444444444,,,1.0,0.75
2020-07-01,1.0,1.0,1.0,0.47368421052631576,1.0,1.0,1.0,0.6296296296296297
2020-08-01,-1.0,-1.0,1.0,0.5,1.0,0.6666666666666666,1.0,0.6666666666666666
2020-09-01,1.0,1.0,1.0,0.5714285714285714,-1.0,0.25,-1.0,0.3333333333333333
2020-10-01,1.0,1.0,1.0,0.625,,,-1.0,0.3333333333333333
2020-11-01,1.0,1.0,1.0,0.6097560975609756,,,1.0,0.6219512195121951
2020-12-01,1.0,1.0,1.0,0.6190476190476191,,,1.0,0.6386138613861386
2021-01-01,1.0,1.0,1.0,0.627906976744186,-1.0,0.25,1.0,0.6793893129770993
2021-02-01,1.0,1.0,1.0,0.6363636363636364,1.0,0.6666666666666666,1.0,0.707641196013289
2021-03-01,1.0,1.0,1.0,0.75,,,1.0,0.7112676056338029
2021-04-01,1.0,1.0,1.0,0.7586206896551724,,,1.0,0.7666666666666667
2021-05-01,1.0,1.0,1.0,0.7666666666666667,,,1.0,0.7575757575757576
2021-06-01,1.0,1.0,1.0,0.7741935483870968,,,1.0,0.5833333333333334
2021-07-01,1.0,1.0,1.0,0.78125,,,1.0,0.7237569060773481
2021-08-01,-1.0,-1.0,1.0,0.7878787878787878,1.0,1.0,1.0,0.6923076923076923
2021-09-01,1.0,1.0,1.0,0.7647058823529411,,,1.0,0.5686274509803921
2021-10-01,1.0,1.0,1.0,0.6,,,1.0,0.625
2021-11-01,1.0,1.0,1.0,0.8333333333333334,,,-1.0,0.2
2021-12-01,-1.0,-1.0,1.0,0.6078431372549019,,,,
2022-01-01,-1.0,-1.0,1.0,0.6728971962616822,,,1.0,0.5625
2022-02-01,-1.0,-1.0,1.0,0.875,,,-1.0,0.36363636363636365
2022-03-01,1.0,1.0,1.0,0.6,,,1.0,0.5185185185185185
2022-04-01,-1.0,-1.0,1.0,0.6190476190476191,,,1.0,0.8421052631578947
2022-05-01,-1.0,-1.0,1.0,0.5909090909090909,,,,
2022-06-01,1.0,1.0,1.0,0.5652173913043478,,,1.0,0.5
2022-07-01,1.0,1.0,1.0,0.5833333333333334,,,1.0,0.75
2022-08-01,-1.0,-1.0,1.0,0.6,,,1.0,0.5
2022-09-01,-1.0,-1.0,1.0,0.5769230769230769,,,,
2022-10-01,1.0,1.0,1.0,0.5555555555555556,,,,
2022-11-01,-1.0,-1.0,1.0,0.5714285714285714,,,1.0,0.6666666666666666
2022-12-01,1.0,1.0,1.0,0.6666666666666666,,,-1.0,0.42857142857142855
2023-01-01,1.0,1.0,1.0,0.6697247706422018,,,1.0,0.8823529411764706
2023-02-01,-1.0,-1.0,1.0,0.7777777777777778,1.0,0.75,1.0,0.5348837209302325
2023-03-01,1.0,1.0,1.0,0.6727272727272727,,,-1.0,0.48514851485148514
2023-04-01,1.0,1.0,1.0,0.6153846153846154,,,1.0,0.6635514018691588
2023-05-01,1.0,1.0,1.0,0.6756756756756757,,,-1.0,0.38095238095238093
2023-06-01,1.0,1.0,1.0,0.6296296296296297,,,1.0,0.68
2023-07-01,-1.0,-1.0,1.0,0.6444444444444445,1.0,0.6666666666666666,-1.0,0.475
2023-08-01,-1.0,-1.0,1.0,0.6785714285714286,,,1.0,0.5445544554455446
2023-09-01,-1.0,-1.0,1.0,0.6428571428571429,,,1.0,0.5157894736842106
2023-10-01,1.0,1.0,1.0,0.672566371681416,,,1.0,0.5512820512820513
2023-11-01,1.0,1.0,1.0,0.6754385964912281,,,1.0,0.5595238095238095
2023-12-01,1.0,1.0,1.0,0.6782608695652174,1.0,1.0,1.0,0.6106194690265486
2024-01-01,1.0,1.0,1.0,0.6810344827586207,1.0,0.6666666666666666,1.0,0.62882096069869
2024-02-01,1.0,1.0,1.0,0.6304347826086957,1.0,0.5,1.0,0.6808510638297872
2024-03-01,-1.0,-1.0,1.0,0.6382978723404256,,,1.0,0.6993670886075949
2024-04-01,1.0,1.0,1.0,0.625,1.0,0.6666666666666666,-1.0,0.4866666666666667
2024-05-01,1.0,1.0,1.0,0.6326530612244898,,,1.0,0.6521739130434783
2024-06-01,1.0,1.0,1.0,0.64,1.0,0.6666666666666666,1.0,0.6183206106870229
2024-07-01,-1.0,-1.0,1.0,0.6470588235294118,-1.0,0.25,1.0,0.625
2024-08-01,1.0,1.0,1.0,0.6837606837606838,-1.0,0.25,-1.0,0.475177304964539
2024-09-01,1.0,1.0,1.0,0.6864406779661016,,,1.0,0.6638655462184874
2024-10-01,1.0,1.0,1.0,0.6346153846153846,1.0,0.75,1.0,0.6268656716417911
2024-11-01,1.0,1.0,1.0,0.6415094339622641,-1.0,0.25,1.0,0.625
2024-12-01,-1.0,-1.0,1.0,0.6481481481481481,1.0,1.0,1.0,0.7084870848708487
2025-01-01,1.0,1.0,1.0,0.6890756302521008,-1.0,0.0,1.0,0.6037735849056604
2025-02-01,-1.0,-1.0,1.0,0.6206896551724138,1.0,1.0,1.0,0.8604651162790697
2025-03-01,-1.0,-1.0,1.0,0.6916666666666667,,,1.0,0.6666666666666666
2025-04-01,1.0,1.0,1.0,0.5517241379310345,,,1.0,0.5
2025-05-01,1.0,1.0,1.0,0.7,,,,
2025-06-01,1.0,1.0,1.0,0.6859504132231405,1.0,0.5,1.0,0.75
2025-07-01,1.0,1.0,1.0,0.6885245901639344,1.0,0.5,1.0,0.5789473684210527
2025-08-01,1.0,1.0,1.0,0.6910569105691057,,,1.0,0.689119170984456
2025-09-01,1.0,1.0,1.0,0.6363636363636364,,,1.0,0.6750902527075813
2025-10-01,1.0,1.0,1.0,0.6428571428571429,,,1.0,0.684375
2025-11-01,1.0,1.0,1.0,0.6491228070175439,,,1.0,0.5961538461538461
2025-12-01,1.0,1.0,1.0,0.6551724137931034,1.0,0.6666666666666666,1.0,0.6190476190476191
2026-01-01,-1.0,-1.0,1.0,0.6,,,-1.0,0.4222222222222222
2026-02-01,-1.0,-1.0,1.0,0.6935483870967742,,,1.0,0.5277777777777778
2026-03-01,1.0,1.0,1.0,0.688,,,1.0,0.5405405405405406
2026-04-01,1.0,1.0,,,,,1.0,0.725
2026-05-01,1.0,1.0,,,,,1.0,0.7777777777777778
2026-06-01,1.0,1.0,,,,,-1.0,0.25
2026-07-01,1.0,1.0,,,1.0,1.0,,
