t,date,ret3,lab,scored,typ,status,reason,n_type_train,base_dir,n_screened,n_survivors,max_r2,split_attempted,predB,predA,is_accB,is_accA,hitB,hitA,primary,primary_dir,primary_J,chosen_r2,primary_thresh_z,primary_z_t,model3,tier,leaf_n,leaf_raw,flipA,flipB,secondary
0,2000-08-01,-0.03164293426446507,-1,True,-1,abstain,anchor-leg-missing,,,,,,,,,,,,,,,,,,,,,,,,,
1,2000-09-01,-0.07274186787323111,-1,True,-1,abstain,anchor-leg-missing,,,,,,,,,,,,,,,,,,,,,,,,,
2,2000-10-01,-0.0735833776865098,-1,True,-1,abstain,anchor-leg-missing,,,,,,,,,,,,,,,,,,,,,,,,,
3,2000-11-01,0.003351443955554867,1,True,-1,abstain,anchor-leg-missing,,,,,,,,,,,,,,,,,,,,,,,,,
4,2000-12-01,-0.052801700993290845,-1,True,-1,abstain,anchor-leg-missing,,,,,,,,,,,,,,,,,,,,,,,,,
5,2001-01-01,-0.05434548147228002,-1,True,-1,abstain,anchor-leg-missing,,,,,,,,,,,,,,,,,,,,,,,,,
6,2001-02-01,-0.09185805025565041,-1,True,-1,abstain,anchor-leg-missing,,,,,,,,,,,,,,,,,,,,,,,,,
7,2001-03-01,0.003185424124141356,1,True,-1,abstain,anchor-leg-missing,,,,,,,,,,,,,,,,,,,,,,,,,
8,2001-04-01,-0.0048859723445533465,-1,True,-1,abstain,anchor-leg-missing,,,,,,,,,,,,,,,,,,,,,,,,,
9,2001-05-01,-0.03057468963655252,-1,True,-1,abstain,train<MIN_TRAIN,,,,,,,,,,,,,,,,,,,,,,,,,
10,2001-06-01,-0.060557887588639114,-1,True,-1,abstain,train<MIN_TRAIN,,,,,,,,,,,,,,,,,,,,,,,,,
11,2001-07-01,0.0846387637954722,1,True,-1,abstain,train<MIN_TRAIN,,,,,,,,,,,,,,,,,,,,,,,,,
12,2001-08-01,-0.0049798217712290205,-1,True,-1,abstain,train<MIN_TRAIN,,,,,,,,,,,,,,,,,,,,,,,,,
13,2001-09-01,0.014002802540614034,1,True,-1,abstain,train<MIN_TRAIN,,,,,,,,,,,,,,,,,,,,,,,,,
14,2001-10-01,-0.024358680224918272,-1,True,-1,abstain,train<MIN_TRAIN,,,,,,,,,,,,,,,,,,,,,,,,,
15,2001-11-01,0.026215474479098555,1,True,-1,abstain,train<MIN_TRAIN,,,,,,,,,,,,,,,,,,,,,,,,,
16,2001-12-01,0.08309523641927985,1,True,-1,abstain,train<MIN_TRAIN,,,,,,,,,,,,,,,,,,,,,,,,,
17,2002-01-01,0.03645602320340591,1,True,-1,abstain,train<MIN_TRAIN,,,,,,,,,,,,,,,,,,,,,,,,,
18,2002-02-01,0.05178810048838711,1,True,-1,abstain,train<MIN_TRAIN,,,,,,,,,,,,,,,,,,,,,,,,,
19,2002-03-01,0.11409102611084498,1,True,-1,abstain,train<MIN_TRAIN,,,,,,,,,,,,,,,,,,,,,,,,,
20,2002-04-01,0.03751867807036979,1,True,-1,abstain,train<MIN_TRAIN,,,,,,,,,,,,,,,,,,,,,,,,,
21,2002-05-01,0.011260790560034595,1,True,-1,abstain,train<MIN_TRAIN,,,,,,,,,,,,,,,,,,,,,,,,,
22,2002-06-01,-0.1211523013038881,-1,True,-1,abstain,train<MIN_TRAIN,,,,,,,,,,,,,,,,,,,,,,,,,
23,2002-07-01,-0.08156981804062946,-1,True,-1,abstain,train<MIN_TRAIN,,,,,,,,,,,,,,,,,,,,,,,,,
24,2002-08-01,-0.02096063740427334,-1,True,-1,abstain,train<MIN_TRAIN,,,,,,,,,,,,,,,,,,,,,,,,,
25,2002-09-01,-0.007184567776663764,-1,True,-1,abstain,train<MIN_TRAIN,,,,,,,,,,,,,,,,,,,,,,,,,
26,2002-10-01,0.07651007241204622,1,True,-1,abstain,train<MIN_TRAIN,,,,,,,,,,,,,,,,,,,,,,,,,
27,2002-11-01,0.07671718261990312,1,True,-1,abstain,train<MIN_TRAIN,,,,,,,,,,,,,,,,,,,,,,,,,
28,2002-12-01,0.053143405057320736,1,True,-1,abstain,train<MIN_TRAIN,,,,,,,,,,,,,,,,,,,,,,,,,
29,2003-01-01,-0.078761372819389,-1,True,-1,abstain,train<MIN_TRAIN,,,,,,,,,,,,,,,,,,,,,,,,,
30,2003-02-01,-0.01387736356857494,-1,True,-1,abstain,train<MIN_TRAIN,,,,,,,,,,,,,,,,,,,,,,,,,
31,2003-03-01,-0.03349798908240542,-1,True,-1,abstain,train<MIN_TRAIN,,,,,,,,,,,,,,,,,,,,,,,,,
32,2003-04-01,0.03180685567689534,1,True,-1,abstain,train<MIN_TRAIN,,,,,,,,,,,,,,,,,,,,,,,,,
33,2003-05-01,0.06973320055473753,1,True,-1,abstain,train<MIN_TRAIN,,,,,,,,,,,,,,,,,,,,,,,,,
34,2003-06-01,0.10819817738236637,1,True,-1,abstain,train<MIN_TRAIN,,,,,,,,,,,,,,,,,,,,,,,,,
35,2003-07-01,0.11499782170689143,1,True,-1,abstain,train<MIN_TRAIN,,,,,,,,,,,,,,,,,,,,,,,,,
36,2003-08-01,-0.03377183065492784,-1,True,-1,abstain,train<MIN_TRAIN,,,,,,,,,,,,,,,,,,,,,,,,,
37,2003-09-01,0.09161994051198241,1,True,-1,abstain,train<MIN_TRAIN,,,,,,,,,,,,,,,,,,,,,,,,,
38,2003-10-01,0.22215684670386304,1,True,-1,abstain,train<MIN_TRAIN,,,,,,,,,,,,,,,,,,,,,,,,,
39,2003-11-01,0.22739279763684106,1,True,-1,abstain,train<MIN_TRAIN,,,,,,,,,,,,,,,,,,,,,,,,,
40,2003-12-01,0.272359918251986,1,True,-1,abstain,train<MIN_TRAIN,,,,,,,,,,,,,,,,,,,,,,,,,
41,2004-01-01,0.3057917853340706,1,True,-1,abstain,train<MIN_TRAIN,,,,,,,,,,,,,,,,,,,,,,,,,
42,2004-02-01,-0.0039735377480559775,-1,True,-1,abstain,train<MIN_TRAIN,,,,,,,,,,,,,,,,,,,,,,,,,
43,2004-03-01,-0.12673207071974124,-1,True,-1,abstain,train<MIN_TRAIN,,,,,,,,,,,,,,,,,,,,,,,,,
44,2004-04-01,-0.2707949395150896,-1,True,-1,abstain,train<MIN_TRAIN,,,,,,,,,,,,,,,,,,,,,,,,,
45,2004-05-01,0.09873676194268666,1,True,-1,abstain,train<MIN_TRAIN,,,,,,,,,,,,,,,,,,,,,,,,,
46,2004-06-01,0.12280991852784218,1,True,-1,abstain,train<MIN_TRAIN,,,,,,,,,,,,,,,,,,,,,,,,,
47,2004-07-01,0.16562768120475013,1,True,-1,abstain,train<MIN_TRAIN,,,,,,,,,,,,,,,,,,,,,,,,,
48,2004-08-01,0.10695911716595696,1,True,-1,abstain,train<MIN_TRAIN,,,,,,,,,,,,,,,,,,,,,,,,,
49,2004-09-01,0.18151034321744963,1,True,-1,abstain,train<MIN_TRAIN,,,,,,,,,,,,,,,,,,,,,,,,,
50,2004-10-01,-0.06374674337049557,-1,True,-1,abstain,train<MIN_TRAIN,,,,,,,,,,,,,,,,,,,,,,,,,
51,2004-11-01,-0.08159083356962304,-1,True,-1,abstain,train<MIN_TRAIN,,,,,,,,,,,,,,,,,,,,,,,,,
52,2004-12-01,-0.09930225879175192,-1,True,-1,abstain,train<MIN_TRAIN,,,,,,,,,,,,,,,,,,,,,,,,,
53,2005-01-01,0.07920326013192414,1,True,-1,abstain,train<MIN_TRAIN,,,,,,,,,,,,,,,,,,,,,,,,,
54,2005-02-01,0.017857197342682873,1,True,-1,abstain,train<MIN_TRAIN,,,,,,,,,,,,,,,,,,,,,,,,,
55,2005-03-01,0.038594522329091996,1,True,-1,abstain,train<MIN_TRAIN,,,,,,,,,,,,,,,,,,,,,,,,,
56,2005-04-01,-0.01988554270619214,-1,True,-1,abstain,train<MIN_TRAIN,,,,,,,,,,,,,,,,,,,,,,,,,
57,2005-05-01,0.06447368054141922,1,True,-1,abstain,train<MIN_TRAIN,,,,,,,,,,,,,,,,,,,,,,,,,
58,2005-06-01,-0.07218964096028702,-1,True,-1,abstain,train<MIN_TRAIN,,,,,,,,,,,,,,,,,,,,,,,,,
59,2005-07-01,0.08057218789959752,1,True,-1,abstain,train<MIN_TRAIN,,,,,,,,,,,,,,,,,,,,,,,,,
60,2005-08-01,0.0221123158764176,1,True,-1,abstain,train<MIN_TRAIN,,,,,,,,,,,,,,,,,,,,,,,,,
61,2005-09-01,0.2200688340373287,1,True,-1,abstain,train<MIN_TRAIN,,,,,,,,,,,,,,,,,,,,,,,,,
62,2005-10-01,0.22747535364403282,1,True,-1,abstain,train<MIN_TRAIN,,,,,,,,,,,,,,,,,,,,,,,,,
63,2005-11-01,0.31147545605322735,1,True,-1,abstain,train<MIN_TRAIN,,,,,,,,,,,,,,,,,,,,,,,,,
64,2005-12-01,0.14248741029777556,1,True,-1,abstain,train<MIN_TRAIN,,,,,,,,,,,,,,,,,,,,,,,,,
65,2006-01-01,0.2900847045834509,1,True,-1,abstain,train<MIN_TRAIN,,,,,,,,,,,,,,,,,,,,,,,,,
66,2006-02-01,0.41926228603154425,1,True,-1,abstain,train<MIN_TRAIN,,,,,,,,,,,,,,,,,,,,,,,,,
67,2006-03-01,0.22039138361642552,1,True,-1,abstain,train<MIN_TRAIN,,,,,,,,,,,,,,,,,,,,,,,,,
68,2006-04-01,-0.07591908403007508,-1,True,-1,abstain,train<MIN_TRAIN,,,,,,,,,,,,,,,,,,,,,,,,,
69,2006-05-01,-0.1557176223547534,-1,True,-1,abstain,train<MIN_TRAIN,,,,,,,,,,,,,,,,,,,,,,,,,
70,2006-06-01,0.09451475523245256,1,True,-1,abstain,train<MIN_TRAIN,,,,,,,,,,,,,,,,,,,,,,,,,
71,2006-07-01,0.06618665148253089,1,True,5,abstain,degenerate-screen,12.0,1.0,0.0,0.0,0.0,True,,,,,,,,,,,,,,,,,,,
72,2006-08-01,0.06173579657208905,1,True,8,pulled,pulled-type,,1.0,,,,,1.0,1.0,0.5,0.5,1.0,1.0,,,,,,,,,,,,,
73,2006-09-01,0.07987658263426023,1,True,17,abstain,type-train<floor8,1.0,,,,,,,,,,,,,,,,,,,,,,,,
74,2006-10-01,0.10978351758513494,1,True,8,pulled,pulled-type,,1.0,,,,,1.0,1.0,0.5,0.5,1.0,1.0,,,,,,,,,,,,,
75,2006-11-01,0.10107112289180908,1,True,13,abstain,type-train<floor8,7.0,,,,,,,,,,,,,,,,,,,,,,,,
76,2006-12-01,-0.03398542388495984,-1,True,13,abstain,degenerate-screen,8.0,1.0,0.0,0.0,0.0,True,,,,,,,,,,,,,,,,,,,
77,2007-01-01,0.037057293447257056,1,True,13,abstain,degenerate-screen,8.0,1.0,0.0,0.0,0.0,True,,,,,,,,,,,,,,,,,,,
78,2007-02-01,-0.031231717957934446,-1,True,21,abstain,type-train<floor8,5.0,,,,,,,,,,,,,,,,,,,,,,,,
79,2007-03-01,0.011160386243039833,1,True,21,abstain,type-train<floor8,5.0,,,,,,,,,,,,,,,,,,,,,,,,
80,2007-04-01,-0.050477730345560246,-1,True,24,abstain,type-train<floor8,7.0,,,,,,,,,,,,,,,,,,,,,,,,
81,2007-05-01,-0.026953594113759305,-1,True,13,abstain,degenerate-screen,11.0,1.0,0.0,0.0,0.0,True,,,,,,,,,,,,,,,,,,,
82,2007-06-01,-0.102331674842014,-1,True,8,pulled,pulled-type,,1.0,,,,,1.0,1.0,0.625,0.625,0.0,0.0,,,,,,,,,,,,,
83,2007-07-01,0.08770403848063091,1,True,8,pulled,pulled-type,,1.0,,,,,1.0,1.0,0.625,0.625,1.0,1.0,,,,,,,,,,,,,
84,2007-08-01,0.10723160871055137,1,True,16,pulled,pulled-type,,1.0,,,,,1.0,1.0,0.75,0.75,1.0,1.0,,,,,,,,,,,,,
85,2007-09-01,0.14086796864189055,1,True,16,pulled,pulled-type,,1.0,,,,,1.0,1.0,0.75,0.75,1.0,1.0,,,,,,,,,,,,,
86,2007-10-01,0.10474176675303393,1,True,16,pulled,pulled-type,,1.0,,,,,1.0,1.0,0.75,0.75,1.0,1.0,,,,,,,,,,,,,
87,2007-11-01,0.1789767950395571,1,True,21,abstain,type-train<floor8,7.0,,,,,,,,,,,,,,,,,,,,,,,,
88,2007-12-01,0.43266008231371433,1,True,21,abstain,type-train<floor8,7.0,,,,,,,,,,,,,,,,,,,,,,,,
89,2008-01-01,0.11129424050375025,1,True,21,abstain,type-train<floor8,7.0,,,,,,,,,,,,,,,,,,,,,,,,
90,2008-02-01,-0.04178549333431281,-1,True,21,abstain,degenerate-screen,8.0,1.0,0.0,0.0,0.0,True,,,,,,,,,,,,,,,,,,,
91,2008-03-01,-0.15936827640126172,-1,True,21,abstain,degenerate-screen,9.0,1.0,0.0,0.0,0.0,True,,,,,,,,,,,,,,,,,,,
92,2008-04-01,0.07979835403333801,1,True,21,abstain,degenerate-screen,10.0,1.0,0.0,0.0,0.0,True,,,,,,,,,,,,,,,,,,,
93,2008-05-01,0.08436204862561691,1,True,18,pulled,pulled-type,,1.0,,,,,1.0,1.0,0.5,0.5,1.0,1.0,,,,,,,,,,,,,
94,2008-06-01,-0.22662085066344628,-1,True,9,abstain,type-train<floor8,6.0,,,,,,,,,,,,,,,,,,,,,,,,
95,2008-07-01,-0.30109891572474734,-1,True,9,abstain,type-train<floor8,7.0,,,,,,,,,,,,,,,,,,,,,,,,
96,2008-08-01,-0.44225161616173736,-1,True,10,abstain,type-train<floor8,3.0,,,,,,,,,,,,,,,,,,,,,,,,
97,2008-09-01,-0.2835248854549467,-1,True,9,abstain,degenerate-screen,8.0,1.0,0.0,0.0,0.0,True,,,,,,,,,,,,,,,,,,,
98,2008-10-01,-0.09866352893827934,-1,True,1,abstain,type-train<floor8,3.0,,,,,,,,,,,,,,,,,,,,,,,,
99,2008-11-01,0.27282049717047285,1,True,1,abstain,type-train<floor8,3.0,,,,,,,,,,,,,,,,,,,,,,,,
100,2008-12-01,0.39572188858922064,1,True,18,pulled,pulled-type,,1.0,,,,,1.0,1.0,1.0,1.0,1.0,1.0,,,,,,,,,,,,,
101,2009-01-01,0.1308329681671585,1,True,18,pulled,pulled-type,,1.0,,,,,1.0,1.0,1.0,1.0,1.0,1.0,,,,,,,,,,,,,
102,2009-02-01,0.005640587887582926,1,True,18,pulled,pulled-type,,1.0,,,,,1.0,1.0,,,1.0,1.0,,,,,,,,,,,,,
103,2009-03-01,0.2049808545316376,1,True,18,pulled,pulled-type,,1.0,,,,,1.0,1.0,1.0,1.0,1.0,1.0,,,,,,,,,,,,,
104,2009-04-01,0.05977629073730317,1,True,18,pulled,pulled-type,,1.0,,,,,1.0,1.0,1.0,1.0,1.0,1.0,,,,,,,,,,,,,
105,2009-05-01,0.14142631474860434,1,True,9,abstain,type-train<floor8,5.0,,,,,,,,,,,,,,,,,,,,,,,,
106,2009-06-01,-0.04387920618880958,-1,True,1,abstain,type-train<floor8,5.0,,,,,,,,,,,,,,,,,,,,,,,,
107,2009-07-01,0.1949053523340798,1,True,1,abstain,type-train<floor8,5.0,,,,,,,,,,,,,,,,,,,,,,,,
108,2009-08-01,0.15345734558526458,1,True,1,abstain,type-train<floor8,5.0,,,,,,,,,,,,,,,,,,,,,,,,
109,2009-09-01,0.2756900897792245,1,True,2,abstain,type-train<floor8,1.0,,,,,,,,,,,,,,,,,,,,,,,,
110,2009-10-01,0.06224883128711767,1,True,2,abstain,type-train<floor8,1.0,,,,,,,,,,,,,,,,,,,,,,,,
111,2009-11-01,0.013511053823194619,1,True,2,abstain,type-train<floor8,1.0,,,,,,,,,,,,,,,,,,,,,,,,
112,2009-12-01,-0.14238794873906158,-1,True,5,abstain,gate-fail-r2,15.0,1.0,58.0,0.0,0.19957837675048937,True,,,,,,,,,,,,,,,,,,,
113,2010-01-01,0.024999937114367432,1,True,5,abstain,gate-fail-r2,14.0,1.0,58.0,0.0,0.19543671822431205,True,,,,,,,,,,,,,,,,,,,
114,2010-02-01,0.12970635100254624,1,True,8,pulled,pulled-type,,1.0,,,,,1.0,1.0,0.7142857142857143,0.7142857142857143,1.0,1.0,,,,,,,,,,,,,
115,2010-03-01,0.12712028611274118,1,True,16,pulled,pulled-type,,1.0,,,,,1.0,1.0,0.5882352941176471,0.5882352941176471,1.0,1.0,,,,,,,,,,,,,
116,2010-04-01,-0.006489104126556788,-1,True,17,abstain,type-train<floor8,5.0,,,,,,,,,,,,,,,,,,,,,,,,
117,2010-05-01,-0.02179343291329694,-1,True,25,abstain,type-train<floor8,0.0,,,,,,,,,,,,,,,,,,,,,,,,
118,2010-06-01,0.0441746653909858,1,True,25,abstain,type-train<floor8,0.0,,,,,,,,,,,,,,,,,,,,,,,,
119,2010-07-01,0.24082209302512902,1,True,24,abstain,degenerate-screen,9.0,1.0,0.0,0.0,0.0,True,,,,,,,,,,,,,,,,,,,
120,2010-08-01,0.33391297606501835,1,True,24,abstain,degenerate-screen,9.0,1.0,0.0,0.0,0.0,True,,,,,,,,,,,,,,,,,,,
121,2010-09-01,0.46639813960838805,1,True,24,abstain,degenerate-screen,8.0,1.0,0.0,0.0,0.0,True,,,,,,,,,,,,,,,,,,,
122,2010-10-01,0.4110813516148675,1,True,24,abstain,degenerate-screen,8.0,1.0,0.0,0.0,0.0,True,,,,,,,,,,,,,,,,,,,
123,2010-11-01,0.1619683794110156,1,True,24,abstain,degenerate-screen,8.0,1.0,0.0,0.0,0.0,True,,,,,,,,,,,,,,,,,,,
124,2010-12-01,0.21234323567163815,1,True,24,abstain,degenerate-screen,9.0,1.0,0.0,0.0,0.0,True,,,,,,,,,,,,,,,,,,,
125,2011-01-01,0.21356440368368035,1,True,24,abstain,degenerate-screen,10.0,1.0,0.0,0.0,0.0,True,,,,,,,,,,,,,,,,,,,
126,2011-02-01,0.6154115426955817,1,True,17,abstain,type-train<floor8,2.0,,,,,,,,,,,,,,,,,,,,,,,,
127,2011-03-01,0.09510108016583563,1,True,8,pulled,pulled-type,,1.0,,,,,1.0,1.0,0.5,0.5,1.0,1.0,,,,,,,,,,,,,
128,2011-04-01,-0.10713621432256748,-1,True,5,abstain,gate-fail-r2,23.0,1.0,60.0,0.0,0.17609687051861317,True,,,,,,,,,,,,,,,,,,,
129,2011-05-01,-0.14714177936366135,-1,True,8,pulled,pulled-type,,1.0,,,,,1.0,1.0,0.5,0.5,0.0,0.0,,,,,,,,,,,,,
130,2011-06-01,0.10063942663648451,1,True,5,abstain,leaf<floor8,22.0,1.0,60.0,1.0,0.27969850102814153,True,,,,,,,WTI_Crude_Close:Z3,<,0.4666666666666668,0.27969850102814153,-0.5055815552287747,-0.6362007456066601,VIX_Close:Z6,tier2,7.0,,,,
131,2011-07-01,-0.0873746133676302,-1,True,5,emitted,,23.0,1.0,60.0,1.0,0.30559756845170033,True,1.0,1.0,0.8125,0.8125,0.0,0.0,WTI_Crude_Close:Z3,<,0.4916666666666667,0.30559756845170033,0.62886554750028,-1.8501061159451648,,tier2,16.0,0.8125,False,False,
132,2011-08-01,-0.16733676414701015,-1,True,21,abstain,degenerate-screen,12.0,1.0,0.0,0.0,0.0,True,,,,,,,,,,,,,,,,,,,
133,2011-09-01,-0.2118267942352292,-1,True,21,abstain,degenerate-screen,13.0,1.0,0.0,0.0,0.0,True,,,,,,,,,,,,,,,,,,,
134,2011-10-01,-0.03957720500666928,-1,True,24,abstain,degenerate-screen,12.0,1.0,0.0,0.0,0.0,True,,,,,,,,,,,,,,,,,,,
135,2011-11-01,0.03227185844141367,1,True,21,abstain,leaf<floor8,14.0,1.0,58.0,5.0,0.3387095017877287,True,,,,,,,M2_Money:Z12,>,0.7777777777777777,0.3096207093861555,0.06480307953575405,6.749846482776705,,tier2,7.0,,,,
136,2011-12-01,0.08918796126101669,1,True,24,abstain,degenerate-screen,12.0,1.0,0.0,0.0,0.0,True,,,,,,,,,,,,,,,,,,,
137,2012-01-01,0.12020448729697986,1,True,24,abstain,degenerate-screen,13.0,1.0,0.0,0.0,0.0,True,,,,,,,,,,,,,,,,,,,
138,2012-02-01,-0.0858842761471309,-1,True,24,abstain,degenerate-screen,12.0,1.0,0.0,0.0,0.0,True,,,,,,,,,,,,,,,,,,,
139,2012-03-01,-0.19976974272673043,-1,True,24,abstain,degenerate-screen,12.0,1.0,0.0,0.0,0.0,True,,,,,,,,,,,,,,,,,,,
140,2012-04-01,-0.16972462412842415,-1,True,24,abstain,degenerate-screen,11.0,1.0,0.0,0.0,0.0,True,,,,,,,,,,,,,,,,,,,
141,2012-05-01,-0.10881887885312747,-1,True,24,abstain,degenerate-screen,12.0,1.0,0.0,0.0,0.0,True,,,,,,,,,,,,,,,,,,,
142,2012-06-01,0.13513702730841115,1,True,24,emitted,,13.0,1.0,58.0,3.0,0.31844088652062463,True,1.0,-1.0,0.375,0.625,1.0,0.0,M2_Money:Z12,<,0.625,0.31844088652062463,-0.23983115121171134,0.989460731884003,,tier4,8.0,0.375,True,False,
143,2012-07-01,0.26987767568171495,1,True,24,emitted,,14.0,1.0,60.0,3.0,0.36499036059855094,True,1.0,-1.0,0.3333333333333333,0.6666666666666667,1.0,0.0,M2_Money:Z12,<,0.625,0.36499036059855094,-0.2791803638494771,0.7746728973152036,,tier4,9.0,0.3333333333333333,True,False,
144,2012-08-01,0.17113062860019257,1,True,24,emitted,,15.0,1.0,60.0,3.0,0.3979175708442651,True,1.0,1.0,0.8,0.8,1.0,1.0,M2_Money:Z12,<,0.7142857142857144,0.3979175708442651,0.8494606942042302,0.6784808636933175,,tier2,10.0,0.8,False,False,
145,2012-09-01,0.04120811798910218,1,True,13,emitted,,21.0,1.0,59.0,1.0,0.25062849596252423,True,1.0,-1.0,0.2857142857142857,0.7142857142857143,1.0,0.0,Fed_Funds_Rate:Z6_vel,<,0.6363636363636362,0.25062849596252423,-0.5279167866969438,-0.1341193998635482,,tier4,14.0,0.2857142857142857,True,False,
146,2012-10-01,-0.11264014208464823,-1,True,13,emitted,,21.0,1.0,59.0,1.0,0.25062849596252423,True,1.0,-1.0,0.2857142857142857,0.7142857142857143,0.0,1.0,Fed_Funds_Rate:Z6_vel,<,0.6363636363636362,0.25062849596252423,-0.5279167866969438,0.04565766803865443,,tier4,14.0,0.2857142857142857,True,False,
147,2012-11-01,-0.008812830905083224,-1,True,21,abstain,degenerate-screen,11.0,-1.0,0.0,0.0,0.0,True,,,,,,,,,,,,,,,,,,,
148,2012-12-01,-0.1552804126999372,-1,True,21,abstain,degenerate-screen,11.0,-1.0,0.0,0.0,0.0,True,,,,,,,,,,,,,,,,,,,
149,2013-01-01,-0.09818427211343128,-1,True,13,emitted,,22.0,1.0,59.0,1.0,0.21065343813644602,True,-1.0,-1.0,1.0,1.0,1.0,1.0,Fed_Funds_Rate:Z6_vel,<,0.5833333333333335,0.21065343813644602,-0.5169535192368231,-0.08865795753923253,US_CPI:Z6_acc,tier3,8.0,0.0,True,True,
150,2013-02-01,-0.2703963209225496,-1,True,5,abstain,gate-fail-r2,30.0,1.0,60.0,0.0,0.1394973754505409,True,,,,,,,,,,,,,,,,,,,
151,2013-03-01,-0.20160978587630174,-1,True,5,abstain,gate-fail-r2,30.0,1.0,60.0,0.0,0.1394973754505409,True,,,,,,,,,,,,,,,,,,,
152,2013-04-01,-0.299251266754045,-1,True,5,abstain,gate-fail-r2,30.0,1.0,60.0,0.0,0.1394973754505409,True,,,,,,,,,,,,,,,,,,,
153,2013-05-01,-0.15833514206125576,-1,True,5,abstain,gate-fail-r2,31.0,1.0,60.0,0.0,0.13060326746459272,True,,,,,,,,,,,,,,,,,,,
154,2013-06-01,0.07338762076585836,1,True,5,abstain,gate-fail-r2,31.0,1.0,60.0,0.0,0.14113366038874448,True,,,,,,,,,,,,,,,,,,,
155,2013-07-01,0.0799591577748886,1,True,5,abstain,gate-fail-r2,32.0,1.0,60.0,0.0,0.15066980018466913,True,,,,,,,,,,,,,,,,,,,
156,2013-08-01,0.11159832316680363,1,True,5,abstain,gate-fail-r2,33.0,1.0,60.0,0.0,0.16173774161140098,True,,,,,,,,,,,,,,,,,,,
157,2013-09-01,-0.2111803861164545,-1,True,5,abstain,gate-fail-r2,34.0,1.0,60.0,0.0,0.14737878384267392,True,,,,,,,,,,,,,,,,,,,
158,2013-10-01,-0.048570391492235854,-1,True,5,emitted,,34.0,1.0,60.0,1.0,0.21569552280806092,True,1.0,1.0,1.0,1.0,0.0,0.0,VIX_Close:Z6,>,0.5789473684210527,0.21569552280806092,0.2540534550702923,1.5942263023108973,WTI_Crude_Close:Z3,tier2,11.0,1.0,False,False,
159,2013-11-01,-0.11075953131921623,-1,True,5,emitted,,33.0,1.0,60.0,1.0,0.2353590948544858,True,1.0,-1.0,0.36363636363636365,0.6363636363636364,0.0,1.0,VIX_Close:Z6,>,0.5789473684210527,0.2353590948544858,0.38283796411285403,0.15314065055735884,,tier4,22.0,0.36363636363636365,True,False,
160,2013-12-01,0.11516664979113167,1,True,5,abstain,gate-fail-r2,33.0,1.0,60.0,0.0,0.1637128867694928,True,,,,,,,,,,,,,,,,,,,
161,2014-01-01,-0.021345355570866253,-1,True,5,abstain,gate-fail-r2,31.0,-1.0,60.0,0.0,0.1918259779477659,True,,,,,,,,,,,,,,,,,,,
162,2014-02-01,-0.02063023465828273,-1,True,5,abstain,gate-fail-r2,32.0,-1.0,60.0,0.0,0.18405498374389817,True,,,,,,,,,,,,,,,,,,,
163,2014-03-01,-0.12770423005783316,-1,True,5,abstain,gate-fail-r2,32.0,-1.0,60.0,0.0,0.15301954129685835,True,,,,,,,,,,,,,,,,,,,
164,2014-04-01,0.07107625020836927,1,True,13,abstain,gate-fail-r2,26.0,1.0,60.0,0.0,0.19025749505266007,True,,,,,,,,,,,,,,,,,,,
165,2014-05-01,0.07072517717228455,1,True,16,pulled,pulled-type,,1.0,,,,,1.0,1.0,0.8260869565217391,0.8260869565217391,1.0,1.0,,,,,,,,,,,,,
166,2014-06-01,0.019348950708458323,1,True,16,pulled,pulled-type,,1.0,,,,,1.0,1.0,0.8260869565217391,0.8260869565217391,1.0,1.0,,,,,,,,,,,,,
167,2014-07-01,-0.18308256772753717,-1,True,16,pulled,pulled-type,,1.0,,,,,1.0,1.0,0.8181818181818182,0.8181818181818182,0.0,0.0,,,,,,,,,,,,,
168,2014-08-01,-0.20445609608563897,-1,True,16,pulled,pulled-type,,1.0,,,,,1.0,1.0,0.8260869565217391,0.8260869565217391,0.0,0.0,,,,,,,,,,,,,
169,2014-09-01,-0.12705146751136354,-1,True,15,abstain,type-train<floor8,1.0,,,,,,,,,,,,,,,,,,,,,,,,
170,2014-10-01,-0.08576403004057631,-1,True,21,emitted,,17.0,-1.0,60.0,3.0,0.3420033306055175,True,-1.0,1.0,0.25,0.75,1.0,0.0,Platinum_Futures_Close:Z6_vel,>,0.7777777777777777,0.3420033306055175,-0.12636442287147587,-0.46697384497449623,,tier4,8.0,0.25,True,False,
171,2014-11-01,0.06553331828679876,1,True,24,emitted,,16.0,1.0,60.0,3.0,0.2909698977830485,True,1.0,1.0,1.0,1.0,1.0,1.0,US_CPI:Z12,<,0.7272727272727273,0.2909698977830485,-0.4595631130624776,-0.5815203491196109,,tier2,8.0,1.0,False,False,
172,2014-12-01,-0.014476280560339783,-1,True,24,emitted,,16.0,1.0,60.0,3.0,0.2909698977830485,True,1.0,1.0,1.0,1.0,0.0,0.0,US_CPI:Z12,<,0.7272727272727273,0.2909698977830485,-0.4595631130624776,-0.6662035554991321,,tier2,8.0,1.0,False,False,
173,2015-01-01,0.08325920951225574,1,True,24,emitted,,16.0,1.0,60.0,3.0,0.2909698977830485,True,1.0,1.0,1.0,1.0,1.0,1.0,US_CPI:Z12,<,0.7272727272727273,0.2909698977830485,-0.4595631130624776,-1.0958369118486362,,tier2,8.0,1.0,False,False,
174,2015-02-01,-0.06521615953070037,-1,True,21,abstain,leaf<floor8,18.0,-1.0,60.0,2.0,0.29804887516815926,True,,,,,,,Platinum_Futures_Close:Z6_vel,>,0.7,0.29804887516815926,-0.08960590636067879,0.22158132384681556,,tier2,7.0,,,,
175,2015-03-01,0.01566404436739255,1,True,21,emitted,,19.0,-1.0,60.0,1.0,0.22729368734431524,True,-1.0,-1.0,0.875,0.875,0.0,0.0,Platinum_Futures_Close:Z6_vel,>,0.5571428571428569,0.22729368734431524,-0.13186986630467581,-0.06746103556025632,,tier2,8.0,0.875,False,False,
176,2015-04-01,-0.08753816739434406,-1,True,21,emitted,,19.0,-1.0,60.0,1.0,0.22729368734431524,True,-1.0,-1.0,0.875,0.875,1.0,1.0,Platinum_Futures_Close:Z6_vel,>,0.5571428571428569,0.22729368734431524,-0.13186986630467581,0.28499543910323805,,tier2,8.0,0.875,False,False,
177,2015-05-01,-0.0990006989625899,-1,True,13,abstain,gate-fail-r2,29.0,1.0,60.0,0.0,0.12529279538454793,True,,,,,,,,,,,,,,,,,,,
178,2015-06-01,-0.12307967450082902,-1,True,10,emitted,,14.0,1.0,46.0,3.0,0.34795262699958357,True,1.0,-1.0,0.3333333333333333,0.6666666666666667,0.0,1.0,Natural_Gas_Close:Z6_acc,>,0.625,0.2532612955897804,0.6270020257421764,-0.13571012371666596,,tier4,9.0,0.3333333333333333,True,False,
179,2015-07-01,-0.06725826116081635,-1,True,10,abstain,leaf<floor8,14.0,1.0,46.0,3.0,0.34795262699958357,True,,,,,,,Natural_Gas_Close:Z6_acc,>,0.625,0.2532612955897804,0.6270020257421764,1.0946383743483632,,tier2,5.0,,,,
180,2015-08-01,0.06179390503818727,1,True,10,emitted,,14.0,1.0,46.0,3.0,0.34795262699958357,True,1.0,-1.0,0.3333333333333333,0.6666666666666667,1.0,0.0,Natural_Gas_Close:Z6_acc,>,0.625,0.2532612955897804,0.6270020257421764,-0.49486490768211405,,tier4,9.0,0.3333333333333333,True,False,
181,2015-09-01,-0.03818515117398935,-1,True,10,abstain,leaf<floor8,15.0,1.0,58.0,7.0,0.49592204953864927,True,,,,,,,Term_Spread_10Y_3M:Z12,>,0.8571428571428572,0.3748943271195172,0.1274482834958224,-2.602134318163938,,tier4,6.0,,,,
182,2015-10-01,-0.04749753182689265,-1,True,2,abstain,type-train<floor8,3.0,,,,,,,,,,,,,,,,,,,,,,,,
183,2015-11-01,-0.0703302164586379,-1,True,2,abstain,type-train<floor8,3.0,,,,,,,,,,,,,,,,,,,,,,,,
184,2015-12-01,0.048239023958632554,1,True,2,abstain,type-train<floor8,3.0,,,,,,,,,,,,,,,,,,,,,,,,
185,2016-01-01,0.08865885454862332,1,True,2,abstain,type-train<floor8,4.0,,,,,,,,,,,,,,,,,,,,,,,,
186,2016-02-01,0.2321864438884249,1,True,18,pulled,pulled-type,,1.0,,,,,1.0,1.0,1.0,1.0,1.0,1.0,,,,,,,,,,,,,
187,2016-03-01,0.07961720976627751,1,True,18,pulled,pulled-type,,1.0,,,,,1.0,1.0,1.0,1.0,1.0,1.0,,,,,,,,,,,,,
188,2016-04-01,0.29929536388235856,1,True,18,pulled,pulled-type,,1.0,,,,,1.0,1.0,1.0,1.0,1.0,1.0,,,,,,,,,,,,,
189,2016-05-01,0.15909605762405254,1,True,9,abstain,type-train<floor8,2.0,,,,,,,,,,,,,,,,,,,,,,,,
190,2016-06-01,0.18552748573775446,1,True,18,pulled,pulled-type,,1.0,,,,,1.0,1.0,1.0,1.0,1.0,1.0,,,,,,,,,,,,,
191,2016-07-01,-0.03832380911485034,-1,True,18,pulled,pulled-type,,1.0,,,,,1.0,1.0,1.0,1.0,0.0,0.0,,,,,,,,,,,,,
192,2016-08-01,-0.10163693663315365,-1,True,18,pulled,pulled-type,,1.0,,,,,1.0,1.0,1.0,1.0,0.0,0.0,,,,,,,,,,,,,
193,2016-09-01,-0.1288646263960579,-1,True,21,emitted,,18.0,-1.0,60.0,2.0,0.3316301488334605,True,-1.0,1.0,0.2222222222222222,0.7777777777777778,1.0,0.0,Platinum_Futures_Close:Z6_vel,>,0.8,0.31112306482993807,-0.057375675700401065,-1.4719322888400068,,tier4,9.0,0.2222222222222222,True,False,
194,2016-10-01,-0.12976851110001808,-1,True,12,abstain,type-train<floor8,2.0,,,,,,,,,,,,,,,,,,,,,,,,
195,2016-11-01,-0.052488449310537866,-1,True,5,abstain,gate-fail-r2,34.0,-1.0,60.0,0.0,0.16896622159426375,True,,,,,,,,,,,,,,,,,,,
196,2016-12-01,0.12272482754384662,1,True,5,abstain,gate-fail-r2,34.0,-1.0,60.0,0.0,0.16896622159426375,True,,,,,,,,,,,,,,,,,,,
197,2017-01-01,0.11219118265287742,1,True,5,abstain,gate-fail-r2,34.0,-1.0,60.0,0.0,0.16896622159426375,True,,,,,,,,,,,,,,,,,,,
198,2017-02-01,-0.036739344824652576,-1,True,5,abstain,gate-fail-r2,35.0,-1.0,60.0,0.0,0.181050803301639,True,,,,,,,,,,,,,,,,,,,
199,2017-03-01,-0.06506537501018672,-1,True,5,abstain,gate-fail-r2,36.0,-1.0,60.0,0.0,0.16689429039849862,True,,,,,,,,,,,,,,,,,,,
200,2017-04-01,-0.11841016603925436,-1,True,5,abstain,gate-fail-r2,37.0,-1.0,60.0,0.0,0.16368118840976564,True,,,,,,,,,,,,,,,,,,,
201,2017-05-01,-0.003098929895619884,-1,True,5,abstain,gate-fail-r2,37.0,-1.0,60.0,0.0,0.1717981119301939,True,,,,,,,,,,,,,,,,,,,
202,2017-06-01,0.027605395308871516,1,True,5,abstain,gate-fail-r2,38.0,-1.0,60.0,0.0,0.14663729754809796,True,,,,,,,,,,,,,,,,,,,
203,2017-07-01,0.034170880209781096,1,True,5,abstain,gate-fail-r2,39.0,-1.0,60.0,0.0,0.13422374977413573,True,,,,,,,,,,,,,,,,,,,
204,2017-08-01,0.024151082803419266,1,True,13,emitted,,26.0,1.0,60.0,1.0,0.24410976390227335,True,1.0,1.0,0.7692307692307693,0.7692307692307693,1.0,1.0,Dollar_Index:Z6_vel,>,0.4642857142857144,0.24410976390227335,0.04380669793793863,0.2787894703318684,,tier2,13.0,0.7692307692307693,False,False,
205,2017-09-01,-0.0802527788634897,-1,True,13,abstain,gate-fail-r2,27.0,1.0,60.0,0.0,0.19208626672159335,True,,,,,,,,,,,,,,,,,,,
206,2017-10-01,0.03231843443067506,1,True,13,abstain,gate-fail-r2,28.0,1.0,60.0,0.0,0.19169694893927883,True,,,,,,,,,,,,,,,,,,,
207,2017-11-01,-0.0008171806554857497,-1,True,13,abstain,gate-fail-r2,29.0,1.0,60.0,0.0,0.19426773683573603,True,,,,,,,,,,,,,,,,,,,
208,2017-12-01,-0.005952022875542418,-1,True,16,pulled,pulled-type,,1.0,,,,,1.0,1.0,0.7586206896551724,0.7586206896551724,0.0,0.0,,,,,,,,,,,,,
209,2018-01-01,-0.02885342403107727,-1,True,8,pulled,pulled-type,,-1.0,,,,,-1.0,-1.0,1.0,1.0,1.0,1.0,,,,,,,,,,,,,
210,2018-02-01,-0.06303309213102248,-1,True,8,pulled,pulled-type,,-1.0,,,,,-1.0,-1.0,1.0,1.0,1.0,1.0,,,,,,,,,,,,,
211,2018-03-01,0.011604920770860838,1,True,5,abstain,gate-fail-r2,42.0,-1.0,60.0,0.0,0.13190379952503675,True,,,,,,,,,,,,,,,,,,,
212,2018-04-01,-0.05310641311675801,-1,True,5,abstain,gate-fail-r2,42.0,-1.0,60.0,0.0,0.13190379952503675,True,,,,,,,,,,,,,,,,,,,
213,2018-05-01,-0.0402144474022349,-1,True,5,abstain,gate-fail-r2,41.0,-1.0,60.0,0.0,0.11075798798770951,True,,,,,,,,,,,,,,,,,,,
214,2018-06-01,-0.141994175533797,-1,True,8,pulled,pulled-type,,-1.0,,,,,-1.0,-1.0,1.0,1.0,1.0,1.0,,,,,,,,,,,,,
215,2018-07-01,-0.08396852559858903,-1,True,8,pulled,pulled-type,,-1.0,,,,,-1.0,-1.0,1.0,1.0,1.0,1.0,,,,,,,,,,,,,
216,2018-08-01,-0.04319864619630831,-1,True,8,pulled,pulled-type,,-1.0,,,,,-1.0,-1.0,1.0,1.0,1.0,1.0,,,,,,,,,,,,,
217,2018-09-01,0.022757961579967345,1,True,8,pulled,pulled-type,,-1.0,,,,,-1.0,-1.0,1.0,1.0,0.0,0.0,,,,,,,,,,,,,
218,2018-10-01,0.07765912431642708,1,True,8,pulled,pulled-type,,-1.0,,,,,-1.0,-1.0,1.0,1.0,0.0,0.0,,,,,,,,,,,,,
219,2018-11-01,0.0781451568832765,1,True,7,abstain,type-train<floor8,1.0,,,,,,,,,,,,,,,,,,,,,,,,
220,2018-12-01,0.0547945296321759,1,True,16,pulled,pulled-type,,1.0,,,,,1.0,1.0,0.7037037037037037,0.7037037037037037,1.0,1.0,,,,,,,,,,,,,
221,2019-01-01,-0.031591827387769444,-1,True,16,pulled,pulled-type,,1.0,,,,,1.0,1.0,0.7307692307692307,0.7307692307692307,0.0,0.0,,,,,,,,,,,,,
222,2019-02-01,-0.07777075867613914,-1,True,13,abstain,gate-fail-r2,32.0,1.0,60.0,0.0,0.16574649749449183,True,,,,,,,,,,,,,,,,,,,
223,2019-03-01,-0.03072052299754635,-1,True,12,abstain,type-train<floor8,4.0,,,,,,,,,,,,,,,,,,,,,,,,
224,2019-04-01,0.0036542626062143757,1,True,12,abstain,type-train<floor8,4.0,,,,,,,,,,,,,,,,,,,,,,,,
225,2019-05-01,0.10078523632758629,1,True,21,emitted,,20.0,-1.0,60.0,2.0,0.24910781843851215,True,-1.0,1.0,0.3,0.7,0.0,1.0,Platinum_Futures_Close:Z6_vel,>,0.6022727272727273,0.22992922244216846,-0.0456124990533943,-0.17294369168631854,,tier4,10.0,0.3,True,False,
226,2019-06-01,0.2976263608733951,1,True,21,emitted,,20.0,-1.0,60.0,2.0,0.24910781843851215,True,-1.0,1.0,0.3,0.7,0.0,1.0,Platinum_Futures_Close:Z6_vel,>,0.6022727272727273,0.22992922244216846,-0.0456124990533943,-0.12415053094507504,,tier4,10.0,0.3,True,False,
227,2019-07-01,0.1387527952550378,1,True,18,pulled,pulled-type,,1.0,,,,,1.0,1.0,0.7692307692307693,0.7692307692307693,1.0,1.0,,,,,,,,,,,,,
228,2019-08-01,0.11680413040769877,1,True,18,pulled,pulled-type,,1.0,,,,,1.0,1.0,0.7692307692307693,0.7692307692307693,1.0,1.0,,,,,,,,,,,,,
229,2019-09-01,-0.11756381230186352,-1,True,18,pulled,pulled-type,,1.0,,,,,1.0,1.0,0.7692307692307693,0.7692307692307693,0.0,0.0,,,,,,,,,,,,,
230,2019-10-01,0.04441343761621552,1,True,18,pulled,pulled-type,,1.0,,,,,1.0,1.0,0.7692307692307693,0.7692307692307693,1.0,1.0,,,,,,,,,,,,,
231,2019-11-01,-0.02021774751699834,-1,True,18,pulled,pulled-type,,1.0,,,,,1.0,1.0,0.7857142857142857,0.7857142857142857,0.0,0.0,,,,,,,,,,,,,
232,2019-12-01,-0.009325230689370079,-1,True,18,pulled,pulled-type,,1.0,,,,,1.0,1.0,0.7333333333333333,0.7333333333333333,0.0,0.0,,,,,,,,,,,,,
233,2020-01-01,-0.22486920021513157,-1,True,21,emitted,,19.0,-1.0,60.0,3.0,0.3566290565506856,True,-1.0,-1.0,1.0,1.0,1.0,1.0,Platinum_Futures_Close:Z6_vel,>,0.8,0.28309994154756835,-0.05387468543330785,0.43387801038054963,,tier2,8.0,1.0,False,False,
234,2020-02-01,-0.15742627945902232,-1,True,21,emitted,,18.0,-1.0,60.0,3.0,0.3249189337418104,True,-1.0,1.0,0.2222222222222222,0.7777777777777778,1.0,0.0,Platinum_Futures_Close:Z6_vel,>,0.8,0.2555488203710133,-0.11459110066533165,-0.3903384203209466,,tier4,9.0,0.2222222222222222,True,False,
235,2020-03-01,0.12524723829563378,1,True,21,emitted,,18.0,-1.0,60.0,3.0,0.3249189337418104,True,-1.0,1.0,0.2222222222222222,0.7777777777777778,0.0,1.0,Platinum_Futures_Close:Z6_vel,>,0.8,0.2555488203710133,-0.11459110066533165,-1.7163476916096332,,tier4,9.0,0.2222222222222222,True,False,
236,2020-04-01,0.3020967892484485,1,True,21,emitted,,19.0,-1.0,60.0,3.0,0.28832690454033777,True,-1.0,1.0,0.2222222222222222,0.7777777777777778,0.0,1.0,Platinum_Futures_Close:Z6_vel,>,0.8181818181818183,0.2614185625201592,-0.14918718242539805,-0.7787375652868445,,tier4,9.0,0.2222222222222222,True,False,
237,2020-05-01,0.6409876557468617,1,True,18,pulled,pulled-type,,1.0,,,,,1.0,1.0,0.6666666666666666,0.6666666666666666,1.0,1.0,,,,,,,,,,,,,
238,2020-06-01,0.5177962805684688,1,True,18,pulled,pulled-type,,1.0,,,,,1.0,1.0,0.6,0.6,1.0,1.0,,,,,,,,,,,,,
239,2020-07-01,0.3341974062245645,1,True,18,pulled,pulled-type,,1.0,,,,,1.0,1.0,0.6,0.6,1.0,1.0,,,,,,,,,,,,,
240,2020-08-01,-0.01574411153993671,-1,True,18,pulled,pulled-type,,1.0,,,,,1.0,1.0,0.6,0.6,0.0,0.0,,,,,,,,,,,,,
241,2020-09-01,-0.15632237258474613,-1,True,18,pulled,pulled-type,,1.0,,,,,1.0,1.0,0.6428571428571429,0.6428571428571429,0.0,0.0,,,,,,,,,,,,,
242,2020-10-01,0.12776420873376915,1,True,18,pulled,pulled-type,,1.0,,,,,1.0,1.0,0.6428571428571429,0.6428571428571429,1.0,1.0,,,,,,,,,,,,,
243,2020-11-01,0.22461051744716265,1,True,18,pulled,pulled-type,,1.0,,,,,1.0,1.0,0.5384615384615384,0.5384615384615384,1.0,1.0,,,,,,,,,,,,,
244,2020-12-01,0.10876704157564321,1,True,1,abstain,type-train<floor8,6.0,,,,,,,,,,,,,,,,,,,,,,,,
245,2021-01-01,-0.08609444717160275,-1,True,2,abstain,type-train<floor8,6.0,,,,,,,,,,,,,,,,,,,,,,,,
246,2021-02-01,-0.0835090776180839,-1,True,5,abstain,gate-fail-r2,44.0,-1.0,60.0,0.0,0.16087920349431964,True,,,,,,,,,,,,,,,,,,,
247,2021-03-01,0.053889775903888104,1,True,8,pulled,pulled-type,,-1.0,,,,,-1.0,-1.0,0.7142857142857143,0.7142857142857143,0.0,0.0,,,,,,,,,,,,,
248,2021-04-01,0.0457189220538845,1,True,8,pulled,pulled-type,,-1.0,,,,,-1.0,-1.0,0.6923076923076923,0.6923076923076923,0.0,0.0,,,,,,,,,,,,,
249,2021-05-01,-0.05144199035360031,-1,True,8,pulled,pulled-type,,-1.0,,,,,-1.0,-1.0,0.6923076923076923,0.6923076923076923,1.0,1.0,,,,,,,,,,,,,
250,2021-06-01,-0.1390877082883375,-1,True,8,pulled,pulled-type,,-1.0,,,,,-1.0,-1.0,0.7,0.7,1.0,1.0,,,,,,,,,,,,,
251,2021-07-01,-0.13672101360489974,-1,True,8,pulled,pulled-type,,-1.0,,,,,-1.0,-1.0,0.6,0.6,1.0,1.0,,,,,,,,,,,,,
252,2021-08-01,-0.05841844022655629,-1,True,8,pulled,pulled-type,,-1.0,,,,,-1.0,-1.0,0.6,0.6,1.0,1.0,,,,,,,,,,,,,
253,2021-09-01,-0.07767714173982032,-1,True,8,pulled,pulled-type,,-1.0,,,,,-1.0,-1.0,0.6,0.6,1.0,1.0,,,,,,,,,,,,,
254,2021-10-01,0.01243894641485821,1,True,8,pulled,pulled-type,,-1.0,,,,,-1.0,-1.0,0.6363636363636364,0.6363636363636364,0.0,0.0,,,,,,,,,,,,,
255,2021-11-01,-0.06100392930952292,-1,True,5,abstain,leaf<floor8,35.0,-1.0,60.0,2.0,0.21573968147143308,True,,,,,,,US_2Y_Treasury:Z6_vel,<,0.48913043478260865,0.21214120433509734,0.0914215764598765,1.0394508008451702,M2_Money:Z6_vel,tier3,5.0,,,,
256,2021-12-01,0.1450737988852715,1,True,13,abstain,gate-fail-r2,46.0,1.0,60.0,0.0,0.10202412140001409,True,,,,,,,,,,,,,,,,,,,
257,2022-01-01,0.08126367742157936,1,True,16,pulled,pulled-type,,1.0,,,,,1.0,1.0,0.7352941176470589,0.7352941176470589,1.0,1.0,,,,,,,,,,,,,
258,2022-02-01,-0.002301294221601524,-1,True,5,abstain,leaf<floor8,34.0,-1.0,60.0,2.0,0.21116687853132746,True,,,,,,,US_2Y_Treasury:Z6_vel,<,0.4835164835164836,0.20924814921800708,0.08917537543049146,3.96167613102351,M2_Money:Z6,tier4,6.0,,,,
259,2022-03-01,-0.14294664219547537,-1,True,5,abstain,leaf<floor8,34.0,-1.0,60.0,2.0,0.21116687853132746,True,,,,,,,US_2Y_Treasury:Z6_vel,<,0.4835164835164836,0.20924814921800708,0.08917537543049146,3.8748308773453672,M2_Money:Z6,tier4,6.0,,,,
260,2022-04-01,-0.20473176023384787,-1,True,5,abstain,leaf<floor8,34.0,-1.0,60.0,2.0,0.21116687853132746,True,,,,,,,US_2Y_Treasury:Z6_vel,<,0.4835164835164836,0.20924814921800708,0.08917537543049146,4.135366638379796,M2_Money:Z6,tier4,6.0,,,,
261,2022-05-01,-0.09856281318348104,-1,True,5,abstain,gate-fail-r2,35.0,-1.0,60.0,0.0,0.18264034216833466,True,,,,,,,,,,,,,,,,,,,
262,2022-06-01,-0.19799853907070697,-1,True,5,abstain,gate-fail-r2,36.0,-1.0,60.0,0.0,0.18872073544556625,True,,,,,,,,,,,,,,,,,,,
263,2022-07-01,0.047047965092512856,1,True,5,abstain,gate-fail-r2,37.0,-1.0,60.0,0.0,0.19871947450627928,True,,,,,,,,,,,,,,,,,,,
264,2022-08-01,-0.031935840555344264,-1,True,5,emitted,,38.0,-1.0,60.0,1.0,0.20263149813415743,True,-1.0,-1.0,1.0,1.0,1.0,1.0,US_CPI:Z3,>,0.4553846153846153,0.20263149813415743,-0.4205844038732098,2.8018570492822557,,tier1,12.0,1.0,False,False,Term_Spread_10Y_3M:Z3
265,2022-09-01,0.2897839646007583,1,True,5,abstain,gate-fail-r2,35.0,-1.0,60.0,0.0,0.18581898010021167,True,,,,,,,,,,,,,,,,,,,
266,2022-10-01,0.1725230796259294,1,True,5,abstain,gate-fail-r2,36.0,-1.0,60.0,0.0,0.18436819070837965,True,,,,,,,,,,,,,,,,,,,
267,2022-11-01,0.1955980026987727,1,True,5,abstain,gate-fail-r2,36.0,-1.0,60.0,0.0,0.15232816757440004,True,,,,,,,,,,,,,,,,,,,
268,2022-12-01,-0.07412641078462157,-1,True,5,abstain,gate-fail-r2,34.0,-1.0,60.0,0.0,0.14560512020813482,True,,,,,,,,,,,,,,,,,,,
269,2023-01-01,-0.004904610766978679,-1,True,5,abstain,gate-fail-r2,34.0,-1.0,60.0,0.0,0.17589812073731292,True,,,,,,,,,,,,,,,,,,,
270,2023-02-01,0.063262653609236,1,True,2,abstain,type-train<floor8,3.0,,,,,,,,,,,,,,,,,,,,,,,,
271,2023-03-01,0.139128795131515,1,True,4,abstain,degenerate-screen,17.0,-1.0,0.0,0.0,0.0,True,,,,,,,,,,,,,,,,,,,
272,2023-04-01,-0.04364897360009923,-1,True,4,abstain,degenerate-screen,16.0,-1.0,0.0,0.0,0.0,True,,,,,,,,,,,,,,,,,,,
273,2023-05-01,-0.03202849254941231,-1,True,5,emitted,,36.0,-1.0,60.0,1.0,0.2780985416724892,True,-1.0,-1.0,0.8333333333333334,0.8333333333333334,1.0,1.0,Gold_Close:Z3,>,0.6857142857142855,0.2780985416724892,-0.5012988716406892,0.4932164355872762,,tier2,24.0,0.8333333333333334,False,False,
274,2023-06-01,0.01495289428071822,1,True,13,abstain,gate-fail-r2,54.0,1.0,60.0,0.0,0.09405803809571614,True,,,,,,,,,,,,,,,,,,,
275,2023-07-01,-0.0732878888526235,-1,True,13,abstain,gate-fail-r2,52.0,1.0,60.0,0.0,0.10973623942399896,True,,,,,,,,,,,,,,,,,,,
276,2023-08-01,-0.06291311573212788,-1,True,13,abstain,gate-fail-r2,52.0,1.0,60.0,0.0,0.10973623942399896,True,,,,,,,,,,,,,,,,,,,
277,2023-09-01,0.05228624050900832,1,True,4,abstain,degenerate-screen,18.0,-1.0,0.0,0.0,0.0,True,,,,,,,,,,,,,,,,,,,
278,2023-10-01,0.11853140450631572,1,True,5,emitted,,36.0,-1.0,60.0,1.0,0.27064647222860333,True,-1.0,-1.0,0.84,0.84,0.0,0.0,Gold_Close:Z3,>,0.668831168831169,0.27064647222860333,-0.5661045377600467,-0.44373079591300785,,tier2,25.0,0.84,False,False,
279,2023-11-01,0.019616473674258117,1,True,4,abstain,degenerate-screen,18.0,-1.0,0.0,0.0,0.0,True,,,,,,,,,,,,,,,,,,,
280,2023-12-01,-0.09212129417555182,-1,True,13,abstain,gate-fail-r2,53.0,1.0,60.0,0.0,0.10237291158444627,True,,,,,,,,,,,,,,,,,,,
281,2024-01-01,0.05144738050781772,1,True,4,abstain,degenerate-screen,18.0,-1.0,0.0,0.0,0.0,True,,,,,,,,,,,,,,,,,,,
282,2024-02-01,0.1452227099673029,1,True,4,emitted,,19.0,-1.0,58.0,5.0,0.36343592483857295,True,-1.0,1.0,0.375,0.625,0.0,1.0,Fed_Funds_Rate:Z12,<,0.7857142857142856,0.3299095528928444,-0.389807350880031,-0.21038765108060087,,tier4,8.0,0.375,True,False,
283,2024-03-01,0.3235853672824369,1,True,1,abstain,type-train<floor8,6.0,,,,,,,,,,,,,,,,,,,,,,,,
284,2024-04-01,0.17416040240668051,1,True,4,emitted,,20.0,-1.0,60.0,6.0,0.4281380993097392,True,-1.0,1.0,0.3333333333333333,0.6666666666666667,0.0,1.0,Fed_Funds_Rate:Z12,<,0.7857142857142856,0.284981889634224,-0.5199499900654333,-0.38911486433971004,,tier4,9.0,0.3333333333333333,True,False,
285,2024-05-01,0.06953826236070126,1,True,13,abstain,gate-fail-r2,55.0,1.0,60.0,0.0,0.09876884708230345,True,,,,,,,,,,,,,,,,,,,
286,2024-06-01,-0.08779088373153854,-1,True,13,abstain,gate-fail-r2,54.0,1.0,60.0,0.0,0.10510407212923098,True,,,,,,,,,,,,,,,,,,,
287,2024-07-01,0.07320820865587385,1,True,13,abstain,gate-fail-r2,55.0,1.0,60.0,0.0,0.10170670104310967,True,,,,,,,,,,,,,,,,,,,
288,2024-08-01,0.14863578890589713,1,True,12,abstain,degenerate-screen,8.0,1.0,0.0,0.0,0.0,True,,,,,,,,,,,,,,,,,,,
289,2024-09-01,0.08937065479562611,1,True,13,abstain,gate-fail-r2,57.0,1.0,60.0,0.0,0.10538393007122523,True,,,,,,,,,,,,,,,,,,,
290,2024-10-01,-0.0579742398446802,-1,True,13,abstain,gate-fail-r2,57.0,1.0,60.0,0.0,0.10866854853553605,True,,,,,,,,,,,,,,,,,,,
291,2024-11-01,-0.0046094747318212725,-1,True,13,abstain,gate-fail-r2,57.0,1.0,60.0,0.0,0.10866854853553605,True,,,,,,,,,,,,,,,,,,,
292,2024-12-01,0.05198864072357612,1,True,13,abstain,gate-fail-r2,58.0,1.0,60.0,0.0,0.10008612560602821,True,,,,,,,,,,,,,,,,,,,
293,2025-01-01,0.1531294728636161,1,True,13,abstain,gate-fail-r2,59.0,1.0,60.0,0.0,0.10244520064887733,True,,,,,,,,,,,,,,,,,,,
294,2025-02-01,-0.006266952509890067,-1,True,13,abstain,gate-fail-r2,60.0,1.0,60.0,0.0,0.08739657185067116,True,,,,,,,,,,,,,,,,,,,
295,2025-03-01,0.07901467631821224,1,True,13,abstain,gate-fail-r2,61.0,1.0,60.0,0.0,0.09237914753494837,True,,,,,,,,,,,,,,,,,,,
296,2025-04-01,0.05632647500115873,1,True,13,abstain,gate-fail-r2,61.0,1.0,60.0,0.0,0.08608238226810822,True,,,,,,,,,,,,,,,,,,,
297,2025-05-01,0.1428438190205843,1,True,4,emitted,,20.0,-1.0,60.0,4.0,0.5079463349438709,True,-1.0,1.0,0.2222222222222222,0.7777777777777778,0.0,1.0,M2_Money:Z12,>,0.7083333333333335,0.5079463349438709,0.4312931317033483,0.13896477939912905,,tier4,9.0,0.2222222222222222,True,False,
298,2025-06-01,0.18829382495392344,1,True,4,emitted,,20.0,-1.0,60.0,4.0,0.5079463349438709,True,-1.0,1.0,0.2222222222222222,0.7777777777777778,0.0,1.0,M2_Money:Z12,>,0.7083333333333335,0.5079463349438709,0.4312931317033483,0.25061890581758495,,tier4,9.0,0.2222222222222222,True,False,
299,2025-07-01,0.3106257955655547,1,True,13,abstain,gate-fail-r2,64.0,1.0,60.0,0.0,0.09343517700428282,True,,,,,,,,,,,,,,,,,,,
300,2025-08-01,0.30176426773250475,1,True,13,abstain,gate-fail-r2,63.0,1.0,60.0,0.0,0.09520635265198159,True,,,,,,,,,,,,,,,,,,,
301,2025-09-01,0.42236615818896284,1,True,16,pulled,pulled-type,,1.0,,,,,1.0,1.0,0.65,0.65,1.0,1.0,,,,,,,,,,,,,
302,2025-10-01,0.4919855865913676,1,True,16,pulled,pulled-type,,1.0,,,,,1.0,1.0,0.65,0.65,1.0,1.0,,,,,,,,,,,,,
303,2025-11-01,0.603282640642266,1,True,13,abstain,gate-fail-r2,65.0,1.0,60.0,0.0,0.0891435538440571,True,,,,,,,,,,,,,,,,,,,
304,2025-12-01,0.5112464940412413,1,True,13,abstain,gate-fail-r2,65.0,1.0,60.0,0.0,0.0891435538440571,True,,,,,,,,,,,,,,,,,,,
305,2026-01-01,0.07527349945652628,1,True,13,abstain,gate-fail-r2,65.0,1.0,60.0,0.0,0.0891435538440571,True,,,,,,,,,,,,,,,,,,,
306,2026-02-01,-0.010771360029159016,-1,True,13,abstain,gate-fail-r2,66.0,1.0,60.0,0.0,0.08421181654977403,True,,,,,,,,,,,,,,,,,,,
307,2026-03-01,-0.15038957582210177,-1,True,13,abstain,gate-fail-r2,67.0,1.0,60.0,0.0,0.08627608873146833,True,,,,,,,,,,,,,,,,,,,
308,2026-04-01,-0.20802191141848903,-1,True,13,abstain,gate-fail-r2,68.0,1.0,60.0,0.0,0.09458721293814563,True,,,,,,,,,,,,,,,,,,,
309,2026-05-01,-0.14497497701919904,-1,True,13,abstain,gate-fail-r2,69.0,1.0,60.0,0.0,0.09483868846747079,True,,,,,,,,,,,,,,,,,,,
310,2026-06-01,,0,False,13,abstain,gate-fail-r2,70.0,1.0,60.0,0.0,0.08975280674592805,True,,,,,,,,,,,,,,,,,,,
311,2026-07-01,,0,False,13,abstain,gate-fail-r2,71.0,1.0,60.0,0.0,0.0847964319264148,True,,,,,,,,,,,,,,,,,,,
312,2026-08-01,,0,False,4,emitted,,21.0,-1.0,60.0,3.0,0.49724945118945174,True,-1.0,-1.0,1.0,1.0,,,M2_Money:Z12,>,0.8333333333333335,0.49724945118945174,0.4550862040129865,0.6733722717346006,,tier2,10.0,1.0,False,False,
